자치구,법정동,지번,경도,위도,PNU,대지면적_m2,건폐율_pct,용적률_pct,주택형태,노후년수,임대세대수,공시지가_2026_원per_m2,지형높이,지형형상,도로접면,OSC공법,신규임대유형,지하철역_800m,버스정류장_800m,초등학교_800m,중고등학교_800m
송파구,풍납동,89-20,127.118176,37.5389338,1171010300100890020,188.00,56.69,143.87,단독주택,27.0,6,4582000,평지,세로장방,세로한면(가),소형,신혼부부,2,28,1,2
송파구,풍납동,142-56,127.1195269,37.537108,1171010300101420056,,,,,,,4280000,평지,정방형,세로한면(가),소형,신혼부부,3,41,3,2
송파구,풍납동,277-11,127.1143259,37.532077,1171010300102770011,96.85,59.35,157.54,단독주택,29.4,6,4040000,평지,자루형,세로한면(가),소형,청년,1,34,4,4
송파구,풍납동,277-12,127.1140553,37.5318753,1171010300102770012,,,,,,,4868000,평지,세로장방,세로한면(가),소형,신혼부부,1,38,4,4
송파구,풍납동,398-14,127.1157216,37.5279789,1171010300103980014,181.00,53.67,161.29,공동주택,28.2,7,5739000,평지,정방형,세로한면(가),소형,청년,1,40,4,4
송파구,풍납동,400-4,127.1172759,37.5276887,1171010300104000004,,,,,,,6995000,평지,세로장방,세로한면(가),소형,청년,1,38,4,4
강동구,둔촌동,52-13,127.1440828,37.532785,1174010600100520013,204.30,58.25,204.36,공동주택,20.1,7,4715000,평지,사다리형,중로한면,대형,청년,2,55,3,3
강동구,둔촌동,65-3,127.1424074,37.5334533,1174010600100650003,,,,,,,6086000,평지,세로장방,소로한면,중형,청년,2,60,3,3
강동구,둔촌동,439-1,127.1385879,37.5320883,1174010600104390001,160.40,52.11,100.66,단독주택,33.5,7,4824000,평지,세로장방,세로한면(불),소형,청년,3,57,2,4
강동구,둔촌동,457-3,127.141718,37.5311239,1174010600104570003,,,,,,,4654000,평지,정방형,세로한면(가),소형,청년,3,61,2,3
강동구,암사동,437-21,127.1376411,37.5531354,1174010700104370021,166.00,59.13,148.71,단독주택,27.5,5,4186000,평지,부정형,소로한면,소형,신혼부부,2,51,3,6
강동구,암사동,461-6,127.1306233,37.5540464,1174010700104610006,,,,,,,5144000,평지,세로장방,세로한면(가),소형,청년,2,37,2,3
강동구,암사동,478-52,127.1360114,37.5502815,1174010700104780052,166.00,59.99,201.64,공동주택,21.0,5,4220000,평지,사다리형,세로한면(가),소형,청년,4,54,4,6
강동구,성내동,136-18,127.1261261,37.5341731,1174010800101360018,,,,,,,4461000,평지,가로장방,세로한면(가),소형,청년,4,62,3,4
강동구,성내동,150-4,127.1291529,37.5349876,1174010800101500004,195.10,59.21,143.63,단독주택,27.5,6,5563000,평지,사다리형,세로각지(가),소형,청년,3,65,2,2
강동구,성내동,387-2,127.1360906,37.5324953,1174010800103870002,,,,,,,4370000,평지,세로장방,세로한면(불),소형,청년,3,56,2,4
강동구,성내동,405-21,127.1336376,37.5313591,1174010800104050021,216.60,48.86,76.72,단독주택,32.1,7,4408000,평지,자루형,세로한면(가),소형,청년,2,53,2,3
강동구,성내동,411-18,127.1351136,37.530146,1174010800104110018,,,,,,,4407000,평지,가로장방,세로한면(가),소형,청년,2,55,2,4
강동구,성내동,423-60,127.1313962,37.5281694,1174010800104230060,230.10,53.27,145.52,단독주택,20.0,10,4822000,평지,자루형,소로한면,소형,청년,1,40,1,4
강동구,성내동,431-4,127.1319932,37.5269845,1174010800104310004,,,,,,,4858000,평지,세로장방,세로한면(가),소형,청년,1,39,1,4
강동구,성내동,433-7,127.1310779,37.5265905,1174010800104330007,205.00,59.99,168.33,단독주택,28.0,5,5607000,평지,세로장방,소로한면,중형,청년,1,40,1,3
강동구,성내동,435-32,127.1303472,37.5259889,1174010800104350032,,,,,,,4652000,평지,자루형,소로한면,소형,청년,1,39,1,3
강동구,성내동,519-3,127.1291242,37.5306879,1174010800105190003,182.30,59.74,182.79,공동주택,26.3,6,7506000,평지,세로장방,중로한면,대형,청년,3,60,2,1
강동구,천호동,18-18,127.1392267,37.5485193,1174010900100180018,,,,,,,4840000,평지,세로장방,세로한면(가),소형,청년,2,48,3,4
강동구,천호동,30-10,127.1431169,37.5483871,1174010900100300010,169.30,60.14,182.99,단독주택,24.0,8,4021000,평지,자루형,세로한면(가),소형,신혼부부,2,50,4,4
강동구,천호동,36-3,127.1397466,37.5475037,1174010900100360003,172.10,54.98,103.96,단독주택,33.1,6,3812000,완경사,사다리형,세로한면(불),소형,신혼부부,2,48,3,3
강동구,천호동,185-19,127.1345983,37.5410048,1174010900101850019,,,,,,,4560000,완경사,정방형,세로한면(가),소형,신혼부부,2,59,4,2
강동구,천호동,228-7,127.137494,37.5468611,1174010900102280007,350.50,59.95,102.04,단독주택,32.0,12,4482000,평지,사다리형,세로한면(가),소형,청년,2,47,4,3
강동구,천호동,289-11,127.1297047,37.5484101,1174010900102890011,,,,,,,4488000,평지,정방형,세로한면(가),소형,신혼부부,1,41,4,1
강동구,천호동,294-15,127.1330174,37.5456738,1174010900102940015,86.00,59.68,195.91,공동주택,21.0,3,4434000,평지,정방형,세로한면(가),소형,청년,1,47,4,2
강동구,천호동,315-13,127.127214,37.5470608,1174010900103150013,,,,,,,4557000,평지,세로장방,세로한면(가),소형,청년,1,44,3,1
강동구,천호동,389-10,127.1295205,37.5433191,1174010900103890010,165.90,56.85,163.27,단독주택,29.9,5,5038000,평지,사다리형,세로한면(가),소형,청년,3,50,4,1
강동구,천호동,555-2,127.1294678,37.5400537,1174010900105550002,,,,,,,5168000,완경사,사다리형,세로각지(불),소형,청년,3,50,3,2
송파구,잠실동,218-5,127.0831468,37.5085841,1171010100102180005,373.60,59.66,174.06,공동주택,28.9,7,8702000,평지,가로장방,세로한면(가),,,,,,
송파구,잠실동,226-2,127.0825102,37.5071128,1171010100102260002,,,,,,,7675000,평지,세로장방,세로한면(가),소형,,,,,
송파구,잠실동,226-15,127.0826275,37.5070794,1171010100102260015,192.50,59.86,237.59,공동주택,23.3,12,7675000,평지,세로장방,세로한면(가),소형,,,,,
송파구,잠실동,321-8,127.0829941,37.5037858,1171010100103210008,,,,,,,6856000,평지,세로장방,세로한면(가),소형,,,,,
송파구,잠실동,341-1,127.0841324,37.5017105,1171010100103410001,192.90,52.60,197.84,공동주택,22.9,12,6796000,평지,사다리형,세로한면(가),소형,,,,,
송파구,송파동,185-10,127.1154504,37.4993489,1171010400101850010,,,,,,,7635000,평지,세로장방,세로한면(가),소형,,,,,
송파구,석촌동,7-9,127.0980127,37.5041268,1171010500100070009,,,,,,,6970000,평지,세로장방,세로한면(가),소형,,,,,
송파구,석촌동,12-4,127.098281,37.5035571,1171010500100120004,333.00,59.56,162.41,단독주택,27.3,11,7336000,평지,세로장방,소로한면,중형,,,,,
송파구,석촌동,52-2,127.1001614,37.5059636,1171010500100520002,,,,,,,7269000,평지,사다리형,세로한면(가),소형,,,,,
송파구,석촌동,77-4,127.1037311,37.5043619,1171010500100770004,,,,,,,7355000,평지,정방형,세로각지(가),소형,,,,,
송파구,석촌동,150-34,127.1028851,37.5049263,1171010500101500034,201.60,59.70,218.09,공동주택,21.8,10,6924000,평지,세로장방,세로한면(가),소형,,,,,
송파구,석촌동,233-9,127.0991502,37.5014463,1171010500102330009,,,,,,,6688000,평지,세로장방,세로한면(가),소형,,,,,
송파구,석촌동,234-8,127.0991488,37.5018347,1171010500102340008,202.40,59.94,177.46,단독주택,28.2,11,6688000,평지,세로장방,세로한면(가),소형,,,,,
송파구,석촌동,242-3,127.1014337,37.4999756,1171010500102420003,,,,,,,6499000,평지,세로장방,세로한면(가),소형,,,,,
송파구,삼전동,38-23,127.0863313,37.5014563,1171010600100380023,231.40,59.99,169.42,단독주택,27.2,9,7098000,평지,세로장방,세로한면(가),소형,,,,,
송파구,삼전동,41-12,127.089372,37.5009611,1171010600100410012,,,,,,,7245000,평지,세로장방,세로한면(가),소형,,,,,
송파구,삼전동,50-1,127.0905438,37.502754,1171010600100500001,224.22,59.81,174.47,단독주택,30.3,8,6976000,평지,세로장방,세로한면(가),소형,,,,,
송파구,삼전동,55-2,127.090425,37.5006615,1171010600100550002,,,,,,,7005000,평지,세로장방,세로한면(가),소형,신혼부부,3,29,5,3
송파구,삼전동,64-4,127.0927807,37.5007755,1171010600100640004,391.59,46.21,126.67,단독주택,22.1,12,7228000,평지,세로장방,세로한면(가),소형,신혼부부,3,26,3,2
송파구,삼전동,168-6,127.0944435,37.4995576,1171010600101680006,,,,,,,6711000,평지,자루형,소로한면,소형,신혼부부,3,26,3,2
송파구,가락동,4-2,127.1247077,37.5031209,1171010700100040002,210.00,71.09,225.73,공동주택,21.0,5,5962000,평지,세로장방,세로한면(가),소형,신혼부부,1,20,2,1
송파구,가락동,129-4,127.1249588,37.4947828,1171010700101290004,,,,,,,5986000,평지,세로장방,세로한면(가),소형,청년,1,19,2,1
송파구,가락동,194-9,127.1322301,37.4942596,1171010700101940009,199.30,59.76,223.99,공동주택,21.3,9,5946000,평지,가로장방,세로한면(가),소형,청년,3,41,3,6
송파구,문정동,48-11,127.1236993,37.4873885,1171010800100480011,,,,,,,6137000,평지,정방형,세로한면(가),소형,신혼부부,3,38,4,3
송파구,문정동,100-2,127.129901,37.4844904,1171010800101000002,,,,,,,5774000,평지,가로장방,세로한면(가),,청년,3,30,4,3
송파구,문정동,110-16,127.1314799,37.4861199,1171010800101100016,,,,,,,5728000,평지,세로장방,세로한면(가),,청년,3,39,3,0
송파구,방이동,138-9,127.1181542,37.5115478,1171011100101380009,213.00,59.73,210.14,단독주택,24.2,10,6506000,평지,세로장방,세로한면(가),소형,청년,3,35,4,1
송파구,방이동,140-16,127.1174737,37.51109,1171011100101400016,,,,,,,6418000,평지,세로장방,세로한면(가),소형,청년,3,38,4,1
송파구,방이동,145-37,127.1150296,37.5122068,1171011100101450037,261.40,59.89,201.77,공동주택,22.2,10,6522000,평지,세로장방,세로한면(가),소형,청년,3,38,4,1
송파구,방이동,162-17,127.1207279,37.5112075,1171011100101620017,,,,,,,6407000,평지,세로장방,세로한면(가),소형,신혼부부,1,22,4,3
송파구,방이동,185-15,127.1265612,37.5110506,1171011100101850015,172.00,0.00,155.50,단독주택,34.6,10,8710000,평지,세로장방,세로한면(가),소형,청년,3,26,4,3
송파구,방이동,223-4,127.1212479,37.506874,1171011100102230004,,,,,,,4731000,평지,자루형,소로한면,소형,청년,3,25,4,3
송파구,오금동,65-8,127.135551,37.5025761,1171011200100650008,,,,,,,5501000,평지,사다리형,소로각지,중형,청년,1,21,2,0
송파구,오금동,119-3,127.1400658,37.5042561,1171011200101190003,247.00,59.92,164.87,단독주택,27.1,9,5612000,평지,사다리형,소로각지,중형,청년,2,22,1,2
송파구,오금동,120-22,127.1394008,37.5042283,1171011200101200022,,,,,,,5403000,평지,사다리형,세로한면(가),소형,청년,2,28,3,2
송파구,거여동,30-6,127.1470192,37.4921954,1171011300100300006,,,,,,,5030000,평지,정방형,세로한면(가),소형,청년,2,24,1,2
송파구,거여동,132-26,127.1454146,37.4975674,1171011300101320026,,,,,,,3808000,평지,정방형,세로한면(불),소형,청년,2,25,1,2
송파구,거여동,132-36,127.1454927,37.4975903,1171011300101320036,,,,,,,4098000,평지,사다리형,세로한면(가),소형,청년,1,19,2,3
송파구,거여동,133-1,127.1457244,37.497907,1171011300101330001,89.60,50.99,104.11,단독주택,32.9,3,4218000,평지,사다리형,세로한면(가),소형,청년,3,46,3,7
송파구,거여동,133-58,127.1457459,37.4977582,1171011300101330058,,,,,,,3585000,평지,자루형,세로한면(가),소형,청년,3,47,5,2
송파구,거여동,136-99,127.1429689,37.4970518,1171011300101360099,0.00,59.60,96.87,단독주택,25.3,4,4662000,평지,세로장방,소로한면,중형,신혼부부,2,38,4,4
송파구,거여동,225-81,127.150277,37.4911399,1171011300102250081,,,,,,,4657000,평지,세로장방,세로한면(가),소형,신혼부부,3,50,4,3
송파구,마천동,84-13,127.1501792,37.4991324,1171011400100840013,118.00,0.00,173.52,공동주택,38.6,4,4714000,평지,사다리형,세로한면(가),소형,신혼부부,2,60,3,4
송파구,마천동,87-28,127.1493779,37.4997042,1171011400100870028,,,,,,,4684000,평지,사다리형,세로한면(가),,청년,0,58,3,4
송파구,마천동,88-2,127.1492768,37.500453,1171011400100880002,,,,,,,4874000,평지,사다리형,소로한면,중형,신혼부부,3,39,3,3
송파구,마천동,95-20,127.1484942,37.4990246,1171011400100950020,156.00,57.47,110.36,공동주택,21.9,7,3925000,평지,사다리형,세로한면(불),소형,신혼부부,3,37,3,3
송파구,마천동,184-38,127.1530911,37.4960113,1171011400101840038,,,,,,,5237000,평지,사다리형,세로한면(가),소형,신혼부부,3,37,3,3
송파구,마천동,190-38,127.1534343,37.4969296,1171011400101900038,152.00,0.00,231.56,단독주택,34.5,5,7038000,평지,세로장방,소로한면,,청년,3,38,2,3
송파구,마천동,193-6,127.1530673,37.4980453,1171011400101930006,,,,,,,3779000,평지,사다리형,세로한면(불),소형,청년,3,37,4,5
송파구,마천동,197-7,127.1539317,37.4987419,1171011400101970007,,,,,,,4588000,평지,가로장방,세로한면(가),소형,신혼부부,3,39,3,7
송파구,마천동,207-12,127.1546944,37.4967443,1171011400102070012,,,,,,,4283000,평지,세로장방,세로한면(가),소형,청년,3,46,4,5
송파구,마천동,207-13,127.1547292,37.4966452,1171011400102070013,0.00,0.00,166.00,공동주택,37.6,1,4283000,평지,세로장방,세로한면(가),소형,청년,0,33,2,3
송파구,마천동,207-18,127.1548097,37.4963995,1171011400102070018,,,,,,,4462000,평지,가로장방,세로각지(가),소형,청년,0,36,2,3
송파구,마천동,277-21,127.1579742,37.4905212,1171011400102770021,,,,,,,4071000,평지,사다리형,세로각지(가),,신혼부부,2,39,4,3
송파구,마천동,279-3,127.1563369,37.4930971,1171011400102790003,119.00,54.97,0.00,단독주택,27.4,5,7224000,평지,사다리형,광대세각,,청년,2,39,4,3
송파구,마천동,283-84,127.1561335,37.493691,1171011400102830084,,,,,,,3850000,평지,사다리형,세로한면(가),소형,신혼부부,2,39,4,3
송파구,마천동,308-20,127.1539058,37.4929313,1171011400103080020,155.00,55.43,202.84,단독주택,31.1,6,4358000,평지,사다리형,세로한면(가),소형,청년,2,39,4,3
송파구,마천동,309-20,127.1530836,37.4939644,1171011400103090020,,,,,,,4653000,평지,가로장방,세로한면(불),소형,청년,2,40,2,4
송파구,마천동,309-37,127.1532696,37.4937611,1171011400103090037,285.00,59.74,147.38,단독주택,31.0,1,4446000,평지,자루형,소로한면,소형,청년,2,42,3,3
송파구,마천동,312-10,127.1538031,37.494121,1171011400103120010,,,,,,,4653000,평지,세로장방,세로한면(불),소형,유지,1,34,3,0
송파구,마천동,322-15,127.1540244,37.4929751,1171011400103220015,114.80,0.00,91.10,공동주택,38.2,5,4445000,평지,정방형,세로한면(가),소형,신혼부부,1,30,3,0
송파구,마천동,323-182,127.1538163,37.4927654,1171011400103230182,,,,,,,4044000,평지,가로장방,세로한면(불),소형,청년,1,25,3,0
송파구,마천동,336-2,127.1537342,37.5018126,1171011400103360002,0.00,59.35,149.84,단독주택,31.4,5,3344000,완경사,세로장방,세로한면(불),,청년,2,34,4,0
송파구,마천동,347-1,127.1540689,37.5004097,1171011400103470001,,,,,,,3770000,완경사,정방형,세로각지(가),소형,청년,1,37,2,0
송파구,마천동,571-5,127.1580903,37.4911136,1171011400105710005,,,,,,,4071000,평지,사다리형,세로각지(가),소형,청년,1,32,2,0
서초구,방배동,527-8,126.9878735,37.4783525,1165010100105270008,169.00,54.43,138.87,단독주택,31.0,7,7889000,평지,사다리형,세로한면(가),소형,유지,2,58,2,3
서초구,방배동,593-56,126.994819,37.4754529,1165010100105930056,278.00,40.92,122.75,단독주택,27.5,11,6517000,완경사,세로장방,세로한면(가),소형,청년,1,57,1,3
서초구,방배동,793-14,126.9889846,37.4926114,1165010100107930014,290.86,59.09,170.77,단독주택,29.5,13,7424000,평지,자루형,세로한면(가),소형,청년,1,69,2,3
서초구,방배동,829-7,126.9867977,37.4887778,1165010100108290007,170.90,58.98,158.15,단독주택,22.1,9,8608000,평지,정방형,세로한면(가),소형,청년,3,72,1,3
서초구,방배동,918-2,126.9930229,37.4817427,1165010100109180002,218.60,56.91,142.72,단독주택,29.0,16,10220000,평지,세로장방,소로한면,중형,청년,2,65,3,3
서초구,방배동,919-19,126.9925507,37.4829939,1165010100109190019,247.90,59.98,226.66,공동주택,21.7,16,10440000,평지,가로장방,세로각지(가),소형,청년,2,65,3,3
서초구,방배동,987-12,127.0001786,37.4802297,1165010100109870012,438.10,57.27,197.11,공동주택,20.5,7,9529000,평지,세로장방,소로한면,,유지,1,62,1,2
서초구,우면동,8-13,127.0266357,37.469039,1165010300100080013,187.80,59.53,151.42,단독주택,27.2,9,6387000,평지,세로장방,세로각지(가),소형,청년,0,30,3,1
서초구,잠원동,11-9,127.0178822,37.5169333,1165010600100110009,170.70,56.40,144.99,단독주택,27.2,10,7281000,평지,자루형,세로한면(가),소형,청년,3,34,1,1
서초구,잠원동,29-16,127.0187417,37.5131826,1165010600100290016,258.60,59.62,221.83,공동주택,22.3,12,9677000,평지,가로장방,세로한면(가),소형,청년,3,26,1,1
서초구,잠원동,45-12,127.0175913,37.5108408,1165010600100450012,167.30,59.83,160.34,단독주택,32.1,10,8084000,평지,세로장방,세로한면(가),소형,청년,4,33,1,3
서초구,반포동,742-2,127.0193355,37.5038561,1165010700107420002,268.60,59.05,168.29,단독주택,27.9,16,10940000,평지,정방형,소로한면,중형,청년,0,59,5,3
서초구,서초동,1427-9,127.0196692,37.4834819,1165010800114270009,287.60,58.58,191.69,공동주택,23.7,20,7969000,평지,세로장방,세로한면(가),소형,청년,1,53,1,0
서초구,서초동,1428-6,127.0203949,37.484007,1165010800114280006,307.30,58.37,161.82,단독주택,28.6,28,7060000,평지,자루형,소로한면,소형,청년,1,52,1,0
서초구,서초동,1430-6,127.0214004,37.4846487,1165010800114300006,195.90,59.62,150.74,단독주택,29.0,7,8993000,평지,사다리형,소로각지,중형,청년,1,45,1,0
서초구,서초동,1442-12,127.0214314,37.4851142,1165010800114420012,294.80,59.89,159.56,단독주택,24.1,9,9313000,평지,사다리형,세로한면(가),소형,청년,1,49,1,0
서초구,서초동,1451-28,127.0131755,37.4834581,1165010800114510028,203.30,59.16,232.20,단독주택,28.7,9,7910000,평지,세로장방,세로한면(가),소형,청년,1,62,1,2
서초구,서초동,1507-3,127.0049086,37.4877169,1165010800115070003,187.80,59.18,182.70,단독주택,22.8,10,8666000,평지,정방형,세로한면(가),소형,청년,1,45,1,3
서초구,서초동,1507-45,127.0056186,37.4870413,1165010800115070045,250.50,57.90,151.94,단독주택,29.2,16,8747000,평지,세로장방,세로한면(가),소형,청년,1,47,1,3
서초구,서초동,1508-12,127.0070493,37.4875863,1165010800115080012,204.40,59.01,216.26,공동주택,28.7,6,8652000,평지,세로장방,세로한면(가),소형,청년,1,53,1,3
서초구,서초동,1515-13,127.005106,37.4863889,1165010800115150013,330.50,49.30,145.32,단독주택,29.6,12,8948000,평지,세로장방,세로한면(가),소형,청년,1,46,2,4
서초구,서초동,1610-10,127.0221723,37.4894092,1165010800116100010,330.40,49.94,99.88,단독주택,29.3,10,7396000,평지,부정형,세로한면(가),소형,청년,1,72,3,1
서초구,서초동,1612-8,127.0210732,37.4892624,1165010800116120008,330.00,49.50,99.01,단독주택,22.0,9,6313000,평지,세로장방,세로한면(가),소형,청년,3,74,3,1
서초구,서초동,1628-4,127.0189952,37.489003,1165010800116280004,231.70,49.94,99.88,단독주택,30.5,10,6539000,평지,정방형,소로각지,중형,청년,3,69,3,1
서초구,서초동,1643-49,127.019636,37.4926195,1165010800116430049,378.00,49.12,92.76,단독주택,21.3,7,6251000,평지,정방형,세로한면(가),소형,청년,2,66,2,2
서초구,염곡동,100-34,127.0515214,37.4623081,1165011000101000034,238.80,59.75,173.90,단독주택,23.5,12,5133000,평지,사다리형,세로각지(가),소형,청년,0,16,0,0
강남구,역삼동,672-22,127.0392597,37.5041465,1168010100106720022,244.70,59.93,162.62,단독주택,28.0,9,9400000,평지,가로장방,세로한면(가),소형,청년,2,38,0,0
강남구,역삼동,743-8,127.0354599,37.4971332,1168010100107430008,391.50,55.95,126.91,단독주택,28.2,16,9754000,평지,가로장방,세로한면(가),소형,청년,2,57,1,0
강남구,역삼동,747-8,127.0377231,37.4960776,1168010100107470008,334.10,41.31,144.33,,27.0,10,12170000,평지,세로장방,세로한면(가),소형,청년,1,51,1,1
강남구,역삼동,794-13,127.0374462,37.4930175,1168010100107940013,186.80,59.43,150.48,단독주택,27.9,9,7546000,평지,자루형,세로한면(가),소형,청년,0,44,2,3
강남구,역삼동,797-9,127.0391208,37.4946912,1168010100107970009,,,,,,,9851000,평지,정방형,세로한면(가),소형,청년,1,43,1,3
강남구,역삼동,834-70,127.0351809,37.4932566,1168010100108340070,0.00,0.00,0.00,공동주택,37.8,3,7546000,평지,자루형,세로한면(가),,청년,0,61,2,2
강남구,역삼동,834-71,127.0351301,37.4933621,1168010100108340071,222.79,49.34,96.74,공동주택,37.8,6,7546000,평지,자루형,세로한면(가),소형,신혼부부,0,61,2,2
강남구,개포동,1173-4,127.0517911,37.473633,1168010300111730004,117.00,68.20,102.72,공동주택,29.3,6,6309000,평지,세로장방,세로한면(가),소형,신혼부부,0,42,1,3
강남구,개포동,1206-7,127.0496995,37.4777718,1168010300112060007,258.80,58.55,155.59,단독주택,31.6,15,5828000,평지,정방형,세로한면(가),소형,청년,0,50,2,3
강남구,개포동,1235-1,127.0462518,37.4776313,1168010300112350001,173.90,59.68,179.03,단독주택,30.2,12,5776000,평지,가로장방,세로한면(가),소형,신혼부부,0,54,3,4
강남구,개포동,1237-14,127.046548,37.4780523,1168010300112370014,279.50,59.55,170.65,단독주택,28.9,17,9184000,평지,세로장방,소로한면,중형,신혼부부,0,56,2,4
강남구,청담동,11-6,127.0465392,37.5219679,1168010400100110006,200.40,59.95,174.57,단독주택,28.8,9,10880000,평지,정방형,세로한면(가),소형,청년,2,29,2,3
강남구,청담동,11-7,127.0463721,37.521974,1168010400100110007,422.90,56.93,154.69,단독주택,28.0,13,11830000,평지,정방형,세로각지(가),소형,신혼부부,2,30,2,3
강남구,청담동,20-6,127.0424652,37.5221011,1168010400100200006,272.10,53.62,138.24,단독주택,22.2,6,11150000,평지,자루형,세로한면(가),중형,청년,1,31,2,3
강남구,청담동,26-27,127.0437545,37.5196298,1168010400100260027,221.60,56.56,159.62,단독주택,28.2,7,10800000,평지,세로장방,세로한면(가),소형,청년,1,32,2,2
강남구,청담동,55-11,127.0530635,37.5232393,1168010400100550011,300.60,55.54,151.10,단독주택,27.1,10,11420000,평지,사다리형,세로한면(가),소형,청년,1,25,1,1
강남구,청담동,123-32,127.0504766,37.5259043,1168010400101230032,213.60,59.33,148.77,단독주택,29.0,9,14080000,평지,가로장방,세로한면(가),소형,신혼부부,1,21,1,3
강남구,삼성동,9-13,127.0430045,37.5147116,1168010500100090013,232.40,59.92,173.44,단독주택,29.3,9,11960000,평지,세로장방,세로한면(가),소형,청년,2,35,3,2
강남구,삼성동,25-15,127.0494413,37.5151818,1168010500100250015,244.30,59.94,187.88,공동주택,22.6,9,12520000,평지,세로장방,세로각지(가),소형,청년,4,28,2,2
강남구,삼성동,26-12,127.0485521,37.5148406,1168010500100260012,343.00,58.19,160.34,단독주택,22.8,9,11800000,평지,정방형,세로한면(가),소형,신혼부부,4,31,2,2
강남구,삼성동,29-8,127.0458767,37.5136461,1168010500100290008,253.60,59.97,168.96,,23.7,12,9477000,평지,자루형,세로한면(가),소형,청년,3,28,3,1
강남구,삼성동,34-5,127.0430953,37.5133868,1168010500100340005,268.60,59.90,202.32,공동주택,22.8,12,11020000,평지,세로장방,세로한면(가),소형,청년,2,35,3,1
강남구,삼성동,36-2,127.0442131,37.5122837,1168010500100360002,199.90,59.70,200.16,공동주택,24.0,6,12120000,평지,정방형,세로한면(가),소형,청년,3,35,2,1
강남구,삼성동,39-3,127.0448971,37.5122633,1168010500100390003,190.00,58.31,152.95,단독주택,29.6,9,10760000,평지,정방형,세로한면(가),소형,청년,3,33,2,1
강남구,삼성동,44-6,127.0475592,37.5119297,1168010500100440006,226.00,59.79,174.30,단독주택,28.8,9,11950000,평지,자루형,소로한면,소형,청년,2,30,2,1
강남구,삼성동,46-24,127.048356,37.5134725,1168010500100460024,192.40,59.82,174.73,단독주택,31.1,9,11380000,평지,가로장방,세로한면(가),소형,신혼부부,3,27,2,1
강남구,삼성동,47-15,127.0494224,37.5138204,1168010500100470015,411.80,39.96,79.91,단독주택,32.5,9,12160000,평지,정방형,세로한면(가),소형,청년,3,30,1,2
강남구,삼성동,61-6,127.0548549,37.5179746,1168010500100610006,254.20,59.98,197.45,공동주택,22.6,9,11960000,평지,세로장방,세로한면(가),중형,신혼부부,3,27,1,2
강남구,삼성동,120-11,127.0538171,37.5107761,1168010500101200011,265.90,57.07,151.05,단독주택,27.8,12,11100000,평지,자루형,세로한면(가),소형,청년,2,40,1,2
강남구,대치동,915-8,127.0583235,37.5013695,1168010600109150008,345.40,59.73,145.40,단독주택,28.3,14,8754000,평지,사다리형,세로한면(가),소형,청년,0,44,2,6
강남구,대치동,916-55,127.0558551,37.5006566,1168010600109160055,233.60,58.15,152.75,,29.4,15,9229000,평지,세로장방,세로각지(가),소형,신혼부부,1,43,3,8
강남구,대치동,916-64,127.0557616,37.5003545,1168010600109160064,243.70,58.74,188.67,공동주택,21.1,7,8528000,평지,정방형,세로한면(가),소형,신혼부부,1,42,3,8
강남구,대치동,1015-2,127.058451,37.4972722,1168010600110150002,355.20,59.81,137.79,단독주택,26.6,11,7421000,평지,자루형,세로한면(가),소형,청년,2,42,4,4
강남구,신사동,522-15,127.0202732,37.5209135,1168010700105220015,242.53,56.91,149.99,단독주택,31.5,16,13680000,평지,가로장방,세로한면(가),소형,청년,1,32,1,3
강남구,신사동,555-33,127.0250008,37.5209578,1168010700105550033,201.40,57.42,158.00,단독주택,29.1,9,10880000,평지,가로장방,세로각지(가),소형,청년,2,28,1,3
강남구,논현동,16-19,127.0210085,37.5151971,1168010800100160019,238.30,38.89,77.78,단독주택,32.2,5,10800000,평지,정방형,세로한면(가),소형,청년,2,31,0,1
강남구,논현동,72-5,127.0322578,37.5186252,1168010800100720005,199.90,49.86,131.67,단독주택,34.1,7,10270000,평지,세로장방,세로한면(가),소형,청년,1,35,0,1
강남구,논현동,73-10,127.0310828,37.5182858,1168010800100730010,229.70,46.99,128.69,,30.2,9,9094000,평지,정방형,세로한면(가),소형,청년,1,30,0,1
강남구,논현동,95-3,127.0379681,37.5217865,1168010800100950003,,,,,,,8495000,평지,자루형,세로한면(가),소형,청년,1,32,1,2
강남구,논현동,99-17,127.0381753,37.520877,1168010800100990017,177.80,53.86,125.28,단독주택,27.4,3,9416000,평지,자루형,세로한면(가),소형,청년,1,32,1,2
강남구,논현동,100-17,127.0380357,37.5202494,1168010800101000017,,,,,,,8495000,평지,자루형,세로한면(가),소형,청년,1,31,1,2
강남구,논현동,100-25,127.0388038,37.5201716,1168010800101000025,257.00,59.72,165.87,단독주택,26.6,9,11800000,평지,정방형,세로한면(가),소형,청년,1,31,1,2
강남구,논현동,100-29,127.0387421,37.520315,1168010800101000029,,,,,,,8495000,평지,자루형,세로한면(가),소형,청년,1,31,1,2
강남구,논현동,103-13,127.0391704,37.5197534,1168010800101030013,170.70,54.26,142.58,단독주택,28.3,5,10990000,평지,세로장방,세로한면(가),소형,청년,1,33,1,2
강남구,논현동,103-14,127.039281,37.5197969,1168010800101030014,,,,,,,11910000,평지,가로장방,세로각지(가),소형,청년,1,33,1,2
강남구,논현동,107-15,127.0367564,37.5180698,1168010800101070015,199.70,56.37,153.49,단독주택,29.1,5,10870000,평지,사다리형,세로각지(가),소형,청년,2,38,2,2
강남구,논현동,131-2,127.0298362,37.5124156,1168010800101310002,,,,,,,10400000,평지,가로장방,세로한면(가),소형,청년,3,35,1,0
강남구,논현동,134-12,127.0278618,37.5114325,1168010800101340012,300.10,51.82,83.12,단독주택,31.3,15,7551000,평지,자루형,세로한면(가),소형,청년,3,42,1,0
강남구,논현동,148-4,127.0275572,37.5111038,1168010800101480004,,,,,,,7445000,평지,자루형,세로한면(가),소형,신혼부부,3,39,1,0
강남구,논현동,151-5,127.0304926,37.5112524,1168010800101510005,265.70,58.42,158.64,단독주택,23.3,10,10170000,평지,정방형,세로한면(가),소형,청년,3,35,1,0
강남구,논현동,174-12,127.0313976,37.5099048,1168010800101740012,,,,,,,9237000,평지,가로장방,세로한면(가),소형,청년,2,36,2,0
강남구,논현동,180-3,127.0274763,37.5076836,1168010800101800003,222.25,59.98,170.94,단독주택,31.4,8,9423000,평지,세로장방,세로한면(가),소형,신혼부부,2,46,1,0
강남구,논현동,189-18,127.0301296,37.5077135,1168010800101890018,,,,,,,8217000,평지,자루형,세로한면(가),소형,신혼부부,2,42,1,0
강남구,논현동,231-3,127.0362411,37.5098792,1168010800102310003,215.20,49.81,110.90,단독주택,30.1,13,14210000,평지,세로장방,세로한면(가),중형,신혼부부,3,39,1,0
강남구,논현동,262-10,127.0375599,37.5119806,1168010800102620010,,,,,,,9135000,평지,세로장방,세로각지(가),소형,신혼부부,4,44,1,0
강남구,논현동,263-2,127.0379578,37.5117503,1168010800102630002,275.90,59.01,157.78,단독주택,30.6,8,9976000,평지,사다리형,세로각지(가),소형,청년,4,44,1,0
강남구,논현동,263-3,127.0381121,37.5117903,1168010800102630003,,,,,,,9135000,평지,세로장방,세로각지(가),소형,청년,4,44,2,0
강남구,논현동,272-4,127.0399177,37.5112994,1168010800102720004,216.30,52.63,157.89,단독주택,29.7,6,10120000,평지,세로장방,세로한면(가),소형,신혼부부,3,39,2,1
강남구,도곡동,193-77,127.0445177,37.4869235,1168011800101930077,,,,,,,9636000,평지,사다리형,세로각지(가),,신혼부부,1,43,1,2
구로구,개봉동,44-3,126.8412849,37.5033313,1153010700100440003,,,,,,,2398000,완경사,부정형,세로한면(가),소형,청년,0,57,3,3
구로구,개봉동,270-75,126.8517136,37.4897121,1153010700102700075,247.35,54.87,149.20,단독주택,22.2,8,2863000,완경사,부정형,세로한면(가),소형,청년,0,43,3,1
구로구,개봉동,278-16,126.8578842,37.4883027,1153010700102780016,,,,,,,3409000,평지,자루형,소로한면,,신혼부부,0,44,2,1
구로구,개봉동,305-31,126.8525474,37.4933241,1153010700103050031,,,,,,,3414000,평지,가로장방,세로한면(가),소형,청년,0,59,2,2
구로구,개봉동,313-7,126.8518938,37.4820772,1153010700103130007,,,,,,,2534000,평지,사다리형,세로각지(가),소형,청년,1,19,2,1
구로구,개봉동,319-27,126.8516573,37.4925661,1153010700103190027,193.00,0.00,185.49,단독주택,32.4,5,2659000,완경사,자루형,세로한면(가),소형,청년,0,56,2,2
구로구,개봉동,323-30,126.8532949,37.4929099,1153010700103230030,,,,,,,3290000,평지,자루형,소로한면,소형,청년,0,58,2,2
구로구,개봉동,337-18,126.8516219,37.4899625,1153010700103370018,168.30,54.27,0.00,단독주택,27.9,5,3237000,완경사,세로장방,세로각지(가),소형,청년,0,44,3,1
구로구,개봉동,342-3,126.8531792,37.4894787,1153010700103420003,,,,,,,3254000,평지,세로장방,세로한면(가),소형,신혼부부,0,48,3,1
구로구,개봉동,365-6,126.8537666,37.4850418,1153010700103650006,0.00,58.48,0.00,공동주택,22.9,5,3113000,평지,자루형,소로한면,소형,신혼부부,1,35,3,1
구로구,개봉동,417-25,126.8621686,37.4942557,1153010700104170025,,,,,,,2757000,평지,사다리형,세로한면(가),,신혼부부,0,47,3,2
구로구,개봉동,459-1,126.8545721,37.5008095,1153010700104590001,169.00,59.78,0.00,단독주택,30.5,6,3363000,완경사,가로장방,세로각지(가),소형,청년,0,81,3,2
구로구,오류동,27-39,126.8438774,37.4977195,1153010800100270039,,,,,,,2810000,완경사,사다리형,세로한면(가),소형,신혼부부,0,57,2,1
구로구,오류동,31-259,126.8443804,37.4988618,1153010800100310259,0.00,57.64,179.36,단독주택,25.6,5,2750000,완경사,부정형,세로한면(가),소형,신혼부부,0,57,2,1
구로구,오류동,313-35,126.8364537,37.4967668,1153010800103130035,,,,,,,2684000,평지,사다리형,세로한면(가),소형,신혼부부,0,49,1,2
구로구,구로동,743-43,126.8867393,37.4885184,1153010200107430043,129.10,59.81,102.28,단독주택,31.2,5,2981000,평지,세로장방,세로한면(가),소형,신혼부부,1,51,3,1
금천구,독산동,165-29,126.9015721,37.4721341,1154510200101650029,132.20,59.18,108.56,단독주택,31.6,4,3047000,완경사,세로장방,세로한면(가),소형,청년,0,66,3,3
금천구,독산동,181-97,126.9050073,37.4710284,1154510200101810097,130.60,56.35,155.86,단독주택,28.3,6,2614000,완경사,사다리형,세로각지(가),소형,신혼부부,0,51,5,3
금천구,독산동,181-98,126.9050198,37.4711015,1154510200101810098,116.70,59.97,102.16,단독주택,32.0,5,2516000,완경사,정방형,세로한면(가),소형,청년,0,50,5,3
금천구,독산동,181-108,126.9053261,37.471082,1154510200101810108,175.00,59.32,232.82,단독주택,21.2,5,2490000,완경사,사다리형,세로한면(가),소형,청년,0,51,5,3
금천구,독산동,186-6,126.9037662,37.4690166,1154510200101860006,113.70,57.04,114.08,단독주택,33.6,5,2930000,완경사,사다리형,세로한면(가),소형,신혼부부,0,60,4,1
금천구,독산동,188-23,126.9044584,37.4702583,1154510200101880023,126.20,49.63,99.27,단독주택,36.5,5,2661000,완경사,가로장방,세로한면(가),소형,청년,0,56,5,1
금천구,독산동,199-27,126.9013774,37.4708124,1154510200101990027,145.80,59.36,113.17,단독주택,31.1,5,2887000,평지,정방형,세로한면(가),소형,청년,0,64,4,2
금천구,독산동,378-48,126.9069931,37.4649565,1154510200103780048,141.50,46.83,93.67,단독주택,30.7,3,2925000,완경사,가로장방,세로각지(가),,신혼부부,0,38,4,1
금천구,독산동,378-433,126.904642,37.4637232,1154510200103780433,92.30,59.91,106.51,단독주택,32.2,4,3201000,완경사,사다리형,세로각지(가),소형,청년,0,39,3,1
금천구,독산동,893-18,126.9084745,37.4764153,1154510200108930018,201.30,59.53,113.94,단독주택,31.2,7,3240000,평지,세로장방,세로한면(가),소형,청년,0,59,3,4
금천구,독산동,896-5,126.9077028,37.4781076,1154510200108960005,208.30,59.94,102.22,단독주택,31.4,8,3300000,평지,정방형,세로한면(가),소형,신혼부부,0,66,4,4
금천구,독산동,1021-21,126.9041437,37.4682342,1154510200110210021,281.00,56.76,140.96,단독주택,27.3,8,2905000,평지,사다리형,세로한면(가),소형,청년,0,57,3,1
금천구,독산동,1022-59,126.9037088,37.466904,1154510200110220059,0.00,57.71,0.00,공동주택,22.6,12,2612000,완경사,세로장방,세로한면(가),소형,신혼부부,0,51,3,1
금천구,독산동,1102-4,126.8903291,37.4539033,1154510200111020004,525.00,59.97,2701.00,단독주택,31.2,8,2817000,평지,정방형,소로한면,중형,청년,0,26,2,1
금천구,시흥동,793-15,126.9069053,37.4614999,1154510300107930015,,,,,,,2777000,평지,자루형,세로한면(가),소형,청년,0,37,4,1
금천구,시흥동,807-15,126.9079183,37.4585337,1154510300108070015,278.00,47.10,177.78,공동주택,31.3,4,2768400,평지,부정형,세로각지(가),소형,청년,0,45,3,1
금천구,시흥동,808-23,126.9081927,37.4580658,1154510300108080023,,,,,,,2399300,평지,자루형,세로각지(가),소형,청년,0,51,3,1
금천구,시흥동,835-26,126.9076161,37.4523988,1154510300108350026,,,,,,,3299000,평지,세로장방,세로한면(가),소형,청년,0,81,6,5
금천구,시흥동,853-36,126.9031216,37.4577998,1154510300108530036,,,,,,,2533000,평지,자루형,세로한면(가),소형,청년,0,64,3,1
금천구,시흥동,856-6,126.9044173,37.4593569,1154510300108560006,,,,,,,3611000,평지,세로장방,세로한면(가),소형,신혼부부,0,52,3,1
금천구,시흥동,891-17,126.9027877,37.4523532,1154510300108910017,,,,,,,3692000,평지,세로장방,세로한면(가),소형,청년,0,72,3,4
금천구,시흥동,917-33,126.9086828,37.4494165,1154510300109170033,,,,,,,2736000,평지,자루형,소로한면,소형,청년,0,71,6,6
금천구,시흥동,930-1,126.9089692,37.4473425,1154510300109300001,,,,,,,2810000,평지,세로장방,세로한면(가),소형,청년,0,62,4,6
금천구,시흥동,945-43,126.9063015,37.4427262,1154510300109450043,,,,,,,2783000,완경사,사다리형,세로한면(가),소형,청년,0,26,2,3
금천구,시흥동,985-19,126.9027716,37.4460115,1154510300109850019,,,,,,,3096000,평지,사다리형,세로한면(가),소형,청년,0,54,3,5
영등포구,영등포동,602-22,126.9099451,37.5133741,1156010100106020022,,,,,,,4993000,평지,자루형,중로한면,소형,청년,1,57,3,3
영등포구,영등포동,618-75,126.9066417,37.5134809,1156010100106180075,,,,,,,4606000,평지,사다리형,세로한면(가),소형,청년,0,58,4,2
영등포구,도림동,186-7,126.898147,37.5097413,1156011800101860007,,,,,,,3564000,평지,사다리형,세로한면(가),소형,청년,1,66,2,0
영등포구,신길동,158-40,126.9133909,37.5102629,1156013200101580040,,,,,,,5024000,평지,세로장방,세로각지(가),소형,청년,0,68,3,3
영등포구,신길동,287-16,126.9079307,37.5092354,1156013200102870016,,,,,,,3934000,평지,사다리형,세로한면(가),소형,청년,0,64,4,2
영등포구,대림동,730-4,126.895877,37.4954,1156013300107300004,,,,,,,4022000,평지,사다리형,소로각지,,청년,2,72,6,5
영등포구,대림동,882-23,126.9033871,37.493894,1156013300108820023,,,,,,,3665000,완경사,사다리형,세로한면(불),소형,청년,2,69,4,3
영등포구,대림동,934-52,126.9053912,37.4922897,1156013300109340052,210.43,54.02,145.24,단독주택,27.7,7,4338000,평지,사다리형,세로각지(가),소형,청년,1,55,3,3
동작구,노량진동,215-1,126.9464208,37.5100459,1159010100102150001,278.00,58.03,210.40,단독주택,26.9,13,6928000,완경사,사다리형,세로한면(가),소형,청년,1,84,4,0
동작구,노량진동,221-23,126.9448736,37.5096755,1159010100102210023,,,,,,,4537000,급경사,사다리형,세로한면(가),,청년,2,84,3,0
동작구,상도동,134-252,126.9536861,37.4936873,1159010200101340252,0.00,57.78,0.00,단독주택,26.7,6,3451000,급경사,세로장방,세로한면(불),소형,청년,1,47,2,4
동작구,상도동,244-226,126.937366,37.4987362,1159010200102440226,210.16,59.33,155.00,단독주택,32.3,5,3840000,급경사,사다리형,세로한면(가),소형,청년,1,86,2,2
동작구,상도동,244-235,126.9373935,37.4983568,1159010200102440235,193.29,0.00,105.42,단독주택,33.5,5,3917000,급경사,정방형,세로한면(가),소형,청년,1,85,2,5
동작구,상도동,244-236,126.9373982,37.4982515,1159010200102440236,,,,,,,3917000,급경사,정방형,세로한면(가),소형,청년,1,85,2,5
동작구,상도동,244-258,126.9370208,37.4981544,1159010200102440258,0.00,59.74,0.00,단독주택,32.4,5,4114000,급경사,사다리형,소로각지,소형,청년,2,84,2,4
동작구,상도동,299-191,126.9295408,37.4955865,1159010200102990191,0.00,40.76,0.00,공동주택,32.5,10,4765000,완경사,사다리형,세로각지(가),,청년,1,84,2,3
동작구,사당동,183-34,126.9636847,37.4909233,1159010700101830034,115.00,59.89,114.89,공동주택,22.0,8,5052000,완경사,사다리형,중로한면,중형,청년,0,51,2,3
동작구,사당동,202-21,126.9649653,37.4878521,1159010700102020021,415.01,59.92,117.79,단독주택,29.3,7,4530000,평지,사다리형,세로각지(가),소형,청년,1,51,3,6
동작구,사당동,206-104,126.9666502,37.4872521,1159010700102060104,228.00,59.85,210.02,단독주택,22.7,11,4495000,평지,가로장방,세로한면(가),소형,청년,1,59,3,5
동작구,사당동,235-13,126.9680072,37.4830442,1159010700102350013,147.10,49.55,169.43,단독주택,28.0,11,4430000,완경사,사다리형,세로한면(가),소형,청년,2,52,3,5
동작구,대방동,391-21,126.9278505,37.5014996,1159010800103910021,171.00,59.48,163.51,단독주택,32.4,10,5970000,완경사,세로장방,소로한면,중형,신혼부부,2,82,2,8
동작구,대방동,391-34,126.9270731,37.501556,1159010800103910034,344.00,59.28,138.45,단독주택,21.6,6,4170000,평지,부정형,세로한면(가),소형,청년,2,78,2,8
동작구,신대방동,344-73,126.9265561,37.4961642,1159010900103440073,226.00,58.89,163.05,단독주택,27.5,7,3559000,완경사,사다리형,세로한면(불),소형,청년,2,79,2,4
동작구,신대방동,692-43,126.9115469,37.4874924,1159010900106920043,142.25,0.00,175.68,단독주택,33.2,5,4218000,평지,자루형,중로한면,소형,청년,1,53,4,2
관악구,봉천동,66-18,126.9569455,37.4816785,1162010100100660018,150.80,58.04,168.16,단독주택,30.0,5,4280000,완경사,세로장방,세로한면(가),소형,청년,2,48,6,3
관악구,봉천동,66-102,126.9575563,37.4811188,1162010100100660102,0.00,59.03,0.00,단독주택,31.1,5,4280000,완경사,세로장방,세로한면(가),소형,신혼부부,2,49,5,3
관악구,봉천동,98-4,126.9586875,37.4812154,1162010100100980004,122.00,54.23,108.39,단독주택,20.8,16,3687000,완경사,사다리형,세로한면(불),소형,신혼부부,2,51,4,3
관악구,봉천동,100-208,126.9609225,37.481779,1162010100101000208,76.01,0.00,119.30,단독주택,34.9,6,4239000,완경사,가로장방,세로각지(가),소형,청년,2,58,5,4
관악구,봉천동,180-582,126.9689794,37.4690031,1162010100101800582,159.00,59.11,154.19,단독주택,27.3,7,3872000,완경사,세로장방,중로한면,중형,청년,0,23,1,2
관악구,봉천동,480-110,126.9479372,37.4877199,1162010100104800110,0.00,59.88,0.00,단독주택,31.1,7,3801000,완경사,세로장방,세로한면(가),소형,청년,0,84,4,4
관악구,봉천동,635-98,126.9414896,37.490119,1162010100106350098,205.00,54.45,158.37,단독주택,28.0,6,3249000,완경사,세로장방,세로한면(가),소형,청년,0,103,2,5
관악구,봉천동,635-407,126.9411954,37.4906408,1162010100106350407,145.00,59.93,168.24,단독주택,29.3,6,3085000,완경사,정방형,세로한면(불),소형,청년,0,98,2,6
관악구,봉천동,649-146,126.9349332,37.4882362,1162010100106490146,145.00,59.70,132.53,단독주택,22.2,6,3889000,완경사,사다리형,세로한면(불),소형,청년,1,78,2,3
관악구,봉천동,661-51,126.9324413,37.4885922,1162010100106610051,142.46,59.43,151.89,공동주택,22.0,7,4023000,완경사,가로장방,세로한면(가),,청년,1,82,1,2
관악구,봉천동,662-95,126.9338399,37.4891964,1162010100106620095,179.64,0.00,157.31,단독주택,34.1,7,3784000,완경사,사다리형,세로한면(가),소형,신혼부부,1,82,1,2
관악구,봉천동,693-1,126.9304382,37.4905176,1162010100106930001,0.00,59.55,0.00,단독주택,27.5,6,3397000,평지,부정형,세로한면(가),소형,청년,1,75,1,2
관악구,봉천동,715-40,126.9307803,37.4929335,1162010100107150040,0.00,59.89,0.00,단독주택,32.4,7,3923000,완경사,세로장방,세로한면(가),소형,신혼부부,1,78,1,2
관악구,봉천동,715-132,126.9303431,37.4932497,1162010100107150132,212.00,59.81,158.39,단독주택,24.1,4,3566000,완경사,사다리형,세로한면(가),소형,신혼부부,1,84,1,3
관악구,봉천동,900-46,126.9450232,37.4851213,1162010100109000046,157.70,59.42,124.80,단독주택,20.2,3,4347000,완경사,세로장방,세로한면(가),소형,신혼부부,1,73,4,2
관악구,봉천동,900-78,126.9444936,37.4849729,1162010100109000078,135.50,59.87,169.17,단독주택,28.1,18,4347000,완경사,정방형,세로한면(가),소형,청년,1,73,4,2
관악구,봉천동,902-42,126.9443438,37.4864639,1162010100109020042,112.10,57.58,158.22,단독주택,23.0,6,4492000,평지,사다리형,세로한면(가),소형,신혼부부,1,81,4,3
관악구,봉천동,921-5,126.944449,37.4810487,1162010100109210005,254.20,47.81,179.10,공동주택,31.3,12,6686000,평지,세로장방,세로한면(가),소형,청년,2,55,4,4
관악구,봉천동,934-10,126.9412505,37.4845483,1162010100109340010,,,,,,,4383000,평지,정방형,세로한면(가),소형,신혼부부,1,73,4,3
관악구,봉천동,1598-36,126.9533772,37.4783226,1162010100115980036,,,,,,,5923000,평지,정방형,세로한면(가),소형,청년,1,41,4,5
관악구,봉천동,1617-2,126.9556896,37.4764048,1162010100116170002,145.50,59.89,178.39,단독주택,21.9,6,5131000,완경사,정방형,세로한면(가),소형,신혼부부,2,42,4,4
관악구,봉천동,1691-17,126.9683962,37.4762337,1162010100116910017,0.00,0.00,0.00,공동주택,45.1,1,4469000,완경사,사다리형,세로한면(가),,청년,1,37,3,5
관악구,신림동,10-130,126.9344833,37.4829011,1162010200100100130,,,,,,,3832000,완경사,세로장방,세로한면(가),소형,청년,2,69,1,2
관악구,신림동,90-58,126.931234,37.4804183,1162010200100900058,248.00,59.83,155.54,공동주택,20.9,6,3969000,완경사,사다리형,세로한면(가),소형,청년,1,59,1,2
관악구,신림동,92-58,126.9356265,37.4791757,1162010200100920058,129.45,59.94,223.99,단독주택,31.3,5,2582000,급경사,사다리형,세로한면(가),소형,청년,2,62,1,2
관악구,신림동,92-72,126.9355152,37.4789735,1162010200100920072,129.50,59.66,102.25,단독주택,31.8,5,2407000,급경사,정방형,세로한면(불),,청년,2,60,3,2
관악구,신림동,92-73,126.9354242,37.4789874,1162010200100920073,126.00,59.42,113.30,단독주택,29.2,9,2407000,급경사,정방형,세로한면(불),소형,신혼부부,2,60,3,2
관악구,신림동,92-225,126.9364571,37.4780254,1162010200100920225,208.00,58.82,162.28,공동주택,21.7,6,3438000,급경사,가로장방,세로한면(가),소형,신혼부부,1,56,2,2
관악구,신림동,92-332,126.9350829,37.4793711,1162010200100920332,157.00,59.62,194.61,단독주택,27.5,8,3007000,급경사,세로장방,세로한면(가),소형,신혼부부,2,64,2,2
관악구,신림동,94-171,126.9376537,37.4780652,1162010200100940171,117.70,59.83,178.85,단독주택,31.6,9,2956000,급경사,세로장방,세로한면(가),소형,청년,1,54,2,4
관악구,신림동,94-186,126.9374083,37.4775388,1162010200100940186,180.95,59.97,179.50,단독주택,31.5,8,3888000,완경사,사다리형,세로한면(가),소형,신혼부부,1,54,2,4
관악구,신림동,95-24,126.9380338,37.476408,1162010200100950024,181.75,54.96,110.66,단독주택,28.1,15,3857000,평지,사다리형,세로한면(불),소형,청년,1,49,2,4
관악구,신림동,95-80,126.939216,37.476773,1162010200100950080,289.00,59.95,160.47,단독주택,31.4,9,3300000,완경사,사다리형,세로각지(가),소형,신혼부부,1,55,2,4
관악구,신림동,98-55,126.9425012,37.4747883,1162010200100980055,188.00,59.90,135.99,단독주택,31.7,5,2752000,급경사,정방형,세로한면(가),소형,신혼부부,0,36,4,8
관악구,신림동,98-85,126.9431915,37.4747541,1162010200100980085,140.88,57.64,103.50,단독주택,28.5,11,2752000,급경사,정방형,세로한면(가),소형,청년,0,32,4,8
관악구,신림동,98-119,126.9411564,37.4743296,1162010200100980119,220.00,59.90,161.32,단독주택,30.9,6,2752000,급경사,세로장방,세로한면(가),소형,신혼부부,0,42,3,5
관악구,신림동,98-196,126.9427331,37.4745404,1162010200100980196,140.00,57.32,156.08,단독주택,28.1,9,2897000,급경사,정방형,세로각지(가),소형,신혼부부,0,34,4,8
관악구,신림동,98-207,126.9421649,37.4741048,1162010200100980207,192.00,59.91,161.13,단독주택,32.2,6,2866000,급경사,정방형,세로한면(가),소형,신혼부부,0,37,3,8
관악구,신림동,98-234,126.9415468,37.4754122,1162010200100980234,169.00,59.58,113.20,단독주택,31.4,6,2911000,급경사,정방형,세로한면(가),소형,신혼부부,1,41,3,5
관악구,신림동,98-241,126.9412735,37.4752278,1162010200100980241,170.20,59.98,110.88,단독주택,31.1,10,2445000,급경사,자루형,세로한면(가),소형,신혼부부,0,41,3,5
관악구,신림동,98-365,126.941629,37.4757874,1162010200100980365,169.73,0.00,167.38,단독주택,32.6,6,3056000,급경사,가로장방,세로각지(가),소형,유지,1,39,2,5
관악구,신림동,98-366,126.9416601,37.4757152,1162010200100980366,,,,,,,2911000,급경사,세로장방,세로한면(가),소형,유지,1,39,2,5
관악구,신림동,98-384,126.9422321,37.4742449,1162010200100980384,185.00,59.98,0.00,공동주택,20.5,8,2866000,급경사,정방형,세로한면(가),소형,유지,0,37,3,8
관악구,신림동,98-405,126.9418989,37.4745208,1162010200100980405,177.00,58.90,133.36,단독주택,31.1,8,2897000,급경사,정방형,세로각지(가),소형,유지,0,37,3,5
관악구,신림동,98-406,126.9433262,37.4747096,1162010200100980406,265.40,59.54,211.86,공동주택,22.4,8,2752000,급경사,가로장방,세로한면(가),소형,청년,0,33,4,8
관악구,신림동,102-23,126.9413685,37.4740022,1162010200101020023,212.00,59.67,87.76,단독주택,27.1,8,3002000,급경사,세로장방,세로한면(가),소형,청년,0,41,3,5
관악구,신림동,102-46,126.9413584,37.4736164,1162010200101020046,211.70,50.24,213.80,단독주택,34.0,11,3002000,급경사,세로장방,세로한면(가),소형,청년,0,42,2,5
관악구,신림동,108-9,126.9362463,37.4731628,1162010200201080009,331.00,59.91,175.90,단독주택,31.7,8,66300,평지,사다리형,세로각지(가),소형,청년,0,53,2,2
관악구,신림동,127-36,126.9380772,37.4728452,1162010200101270036,185.00,59.21,141.91,단독주택,30.5,6,3489000,완경사,부정형,세로한면(가),소형,청년,0,48,2,5
관악구,신림동,251-130,126.9389634,37.4651504,1162010200102510130,154.80,59.98,103.68,단독주택,30.6,6,2836000,완경사,세로장방,세로한면(불),소형,청년,0,32,3,4
관악구,신림동,251-131,126.9390497,37.4652036,1162010200102510131,132.40,49.75,108.06,단독주택,35.1,5,2836000,완경사,세로장방,세로한면(불),소형,청년,0,31,3,4
관악구,신림동,251-169,126.9384325,37.4670867,1162010200102510169,132.00,0.00,113.81,단독주택,33.3,5,3217000,완경사,세로장방,세로한면(불),소형,청년,0,40,3,5
관악구,신림동,251-503,126.9398491,37.4643173,1162010200102510503,,,,,,,3188000,급경사,부정형,소로각지,소형,신혼부부,0,26,2,4
관악구,신림동,254-1,126.9352941,37.4661276,1162010200102540001,,,,,,,3161000,급경사,사다리형,세로한면(가),소형,신혼부부,0,38,4,3
관악구,신림동,254-213,126.9363246,37.4658282,1162010200102540213,268.00,54.27,0.00,단독주택,28.4,15,3293000,급경사,세로장방,세로한면(가),소형,신혼부부,0,34,3,4
관악구,신림동,306-33,126.9331225,37.46475,1162010200103060033,176.74,59.90,146.73,단독주택,32.2,6,3765000,급경사,정방형,세로한면(가),소형,청년,0,39,3,5
관악구,신림동,409-30,126.9329597,37.4769732,1162010200104090030,,,,,,,3407000,급경사,가로장방,세로한면(가),소형,청년,0,49,2,2
관악구,신림동,409-164,126.9318354,37.4780638,1162010200104090164,179.00,59.93,155.97,단독주택,31.1,8,4428000,완경사,세로장방,세로한면(가),소형,청년,1,54,1,2
관악구,신림동,412-104,126.9300491,37.4761327,1162010200104120104,157.94,59.68,103.02,단독주택,32.1,5,3144000,급경사,가로장방,세로각지(가),소형,청년,0,52,2,3
관악구,신림동,412-133,126.9289032,37.4756142,1162010200104120133,165.00,59.96,144.82,단독주택,30.4,6,2719000,급경사,세로장방,세로한면(가),소형,신혼부부,0,51,1,3
관악구,신림동,412-216,126.9287765,37.4756309,1162010200104120216,,,,,,,2610000,급경사,사다리형,세로한면(가),소형,신혼부부,0,51,1,3
관악구,신림동,412-217,126.9286383,37.4756528,1162010200104120217,0.00,57.64,0.00,단독주택,28.8,6,2610000,급경사,사다리형,세로한면(가),소형,청년,0,51,1,3
관악구,신림동,412-320,126.9299254,37.4761391,1162010200104120320,156.43,0.00,126.23,단독주택,33.5,5,2719000,급경사,세로장방,세로한면(가),소형,청년,0,52,2,3
관악구,신림동,412-398,126.9307047,37.4775303,1162010200104120398,,,,,,,3499000,완경사,세로장방,세로한면(가),소형,신혼부부,1,53,1,2
관악구,신림동,412-475,126.930443,37.4762203,1162010200104120475,0.00,59.25,0.00,단독주택,31.0,7,2732000,급경사,세로장방,세로한면(가),소형,신혼부부,0,50,2,3
관악구,신림동,441-36,126.9230357,37.4818216,1162010200104410036,159.00,60.12,146.96,단독주택,22.7,5,4396000,완경사,세로장방,세로한면(가),소형,신혼부부,1,64,3,4
관악구,신림동,441-41,126.9229317,37.4823395,1162010200104410041,105.85,59.39,173.53,단독주택,22.0,3,4227000,완경사,사다리형,세로한면(가),소형,신혼부부,1,59,3,4
관악구,신림동,459-16,126.9213584,37.4877338,1162010200104590016,139.00,56.06,180.04,단독주택,22.4,4,4454000,평지,가로장방,세로한면(가),소형,신혼부부,1,53,2,3
관악구,신림동,459-38,126.9202661,37.4877415,1162010200104590038,142.00,58.17,168.75,단독주택,21.8,13,4375000,평지,세로장방,세로한면(가),소형,청년,1,59,2,4
관악구,신림동,463-62,126.9230033,37.4855634,1162010200104630062,134.00,0.00,144.74,단독주택,32.7,5,4361000,평지,사다리형,세로한면(가),소형,청년,1,54,1,3
관악구,신림동,465-3,126.9226726,37.4837107,1162010200104650003,,,,,,,4892000,완경사,사다리형,세로한면(가),소형,청년,1,62,1,4
관악구,신림동,468-13,126.9220916,37.4859733,1162010200104680013,0.00,59.43,0.00,단독주택,24.1,6,3816000,평지,자루형,세로한면(가),소형,청년,1,60,2,3
관악구,신림동,468-20,126.9212108,37.485839,1162010200104680020,0.00,57.25,0.00,단독주택,28.0,5,4899000,평지,세로장방,세로한면(가),소형,청년,2,59,2,3
관악구,신림동,469-16,126.9203042,37.4856755,1162010200104690016,184.50,59.89,94.07,단독주택,23.2,5,4383000,평지,세로장방,세로한면(불),소형,청년,1,58,2,4
관악구,신림동,473-9,126.9198273,37.4876789,1162010200104730009,174.20,59.95,163.93,단독주택,31.8,7,4827000,평지,세로장방,세로한면(가),소형,청년,1,58,2,4
관악구,신림동,485-40,126.9207935,37.4844649,1162010200104850040,142.74,0.00,108.71,단독주택,33.5,5,3675000,평지,자루형,세로한면(가),소형,청년,2,63,2,4
관악구,신림동,488-3,126.9199905,37.4838709,1162010200104880003,151.10,56.21,167.96,단독주택,26.2,7,4392000,평지,가로장방,세로한면(가),소형,청년,1,58,3,4
관악구,신림동,494-45,126.9171842,37.48611,1162010200104940045,214.60,53.28,99.81,단독주택,22.6,4,3794000,평지,자루형,세로한면(가),소형,청년,1,48,3,5
관악구,신림동,503-25,126.9164247,37.4854897,1162010200105030025,0.00,51.63,0.00,단독주택,31.2,6,4382000,평지,자루형,중로한면,소형,청년,1,49,3,4
관악구,신림동,505-5,126.9178612,37.4843739,1162010200105050005,205.30,58.85,95.45,단독주택,21.2,10,3915000,평지,자루형,세로한면(가),소형,청년,1,50,3,4
관악구,신림동,505-8,126.9179056,37.4840892,1162010200105050008,238.70,48.49,131.26,단독주택,28.3,8,4701000,평지,세로장방,세로한면(가),소형,신혼부부,1,49,4,4
관악구,신림동,510-35,126.9166195,37.4835491,1162010200105100035,203.60,54.39,82.38,단독주택,30.5,5,4299000,평지,자루형,소로한면,,신혼부부,1,56,5,4
관악구,신림동,569-43,126.9073773,37.4828954,1162010200105690043,351.40,48.74,166.17,단독주택,27.4,5,4250000,평지,가로장방,세로한면(불),소형,청년,2,70,4,1
관악구,신림동,570-23,126.9061204,37.4814521,1162010200105700023,276.70,59.94,109.91,단독주택,31.4,5,4255000,평지,자루형,소로한면,소형,청년,1,63,4,3
관악구,신림동,592-7,126.9174254,37.4775166,1162010200105920007,147.10,0.00,96.59,단독주택,33.3,8,3542000,평지,세로장방,세로한면(불),소형,청년,0,63,3,7
관악구,신림동,596-18,126.9184755,37.4770275,1162010200105960018,249.90,0.00,80.90,단독주택,33.7,8,3955000,평지,사다리형,세로한면(가),소형,청년,0,65,3,7
관악구,신림동,597-50,126.9201164,37.4775666,1162010200105970050,75.53,59.81,105.44,단독주택,29.2,5,2920000,급경사,정방형,세로한면(가),소형,청년,0,62,3,5
관악구,신림동,597-57,126.9200742,37.4774436,1162010200105970057,0.00,59.34,0.00,단독주택,32.0,5,3354000,급경사,정방형,세로각지(가),소형,청년,0,62,3,7
관악구,신림동,597-74,126.9204162,37.4770467,1162010200105970074,0.00,59.80,0.00,단독주택,32.4,7,3270000,완경사,정방형,세로각지(가),소형,청년,0,59,3,7
관악구,신림동,597-76,126.9200856,37.4771152,1162010200105970076,190.28,59.98,104.70,단독주택,31.4,5,3106000,완경사,정방형,세로한면(가),소형,청년,0,61,3,7
관악구,신림동,598-73,126.9219021,37.4765016,1162010200105980073,169.40,59.72,104.88,단독주택,28.5,5,3714000,급경사,정방형,소로각지,소형,청년,0,62,2,6
관악구,신림동,598-132,126.920581,37.4760915,1162010200105980132,188.00,59.92,114.40,단독주택,31.2,6,3818000,완경사,정방형,세로각지(가),소형,청년,0,56,3,7
관악구,신림동,598-147,126.9197706,37.4756423,1162010200105980147,,,,,,,3818000,완경사,가로장방,세로각지(가),소형,청년,0,58,4,8
관악구,신림동,598-190,126.9228812,37.476325,1162010200105980190,170.00,59.78,167.72,단독주택,27.5,7,2736000,급경사,세로장방,세로한면(가),소형,청년,0,51,2,6
관악구,신림동,598-243,126.9208136,37.4761095,1162010200105980243,0.00,0.00,0.00,단독주택,34.5,4,3625000,완경사,정방형,세로한면(가),소형,청년,0,56,3,7
관악구,신림동,598-248,126.9206439,37.4760181,1162010200105980248,,,,,,,3625000,완경사,정방형,세로한면(가),소형,청년,0,56,3,7
관악구,신림동,598-316,126.9214965,37.4777914,1162010200105980316,106.00,59.77,105.73,단독주택,28.5,5,2843000,급경사,정방형,세로한면(가),소형,청년,0,62,2,6
관악구,신림동,608-1,126.9195383,37.4757206,1162010200106080001,,,,,,,3043000,완경사,자루형,세로한면(가),소형,청년,0,60,4,8
관악구,신림동,610-1,126.9224499,37.4751474,1162010200106100001,0.00,58.10,0.00,단독주택,31.1,7,3140000,완경사,세로장방,세로한면(가),소형,청년,0,46,2,6
관악구,신림동,610-9,126.9228747,37.4761493,1162010200106100009,166.00,56.91,149.17,단독주택,30.5,10,2880000,급경사,세로장방,세로각지(가),소형,청년,0,50,2,6
관악구,신림동,610-14,126.9234277,37.4762695,1162010200106100014,,,,,,,2736000,급경사,세로장방,세로한면(가),소형,청년,0,50,2,6
관악구,신림동,610-37,126.9227199,37.4758742,1162010200106100037,0.00,59.94,168.99,단독주택,31.3,7,3322000,급경사,세로장방,세로한면(가),소형,청년,0,49,2,6
관악구,신림동,610-38,126.9226124,37.4758132,1162010200106100038,169.00,58.86,149.03,단독주택,31.8,8,3322000,급경사,세로장방,세로한면(가),소형,청년,0,49,2,6
관악구,신림동,610-39,126.9225139,37.4757434,1162010200106100039,165.00,0.00,157.91,단독주택,33.8,5,3322000,급경사,세로장방,세로한면(가),소형,유지,0,50,2,6
관악구,신림동,610-88,126.9209906,37.4749076,1162010200106100088,165.00,0.00,157.28,단독주택,33.4,6,3446000,완경사,세로장방,세로한면(가),소형,유지,0,45,3,6
관악구,신림동,610-107,126.9206181,37.4746975,1162010200106100107,,,,,,,3446000,완경사,세로장방,세로한면(가),소형,청년,0,44,3,6
관악구,신림동,610-361,126.9254838,37.4748322,1162010200106100361,0.00,59.42,0.00,단독주택,26.9,6,2674000,급경사,세로장방,세로한면(가),소형,유지,0,51,2,4
관악구,신림동,610-370,126.925198,37.4749165,1162010200106100370,0.00,59.94,0.00,단독주택,27.5,7,2757000,급경사,세로장방,세로각지(가),소형,유지,0,51,2,4
관악구,신림동,610-371,126.9251001,37.4750239,1162010200106100371,0.00,57.68,0.00,단독주택,31.2,7,2620000,급경사,가로장방,세로한면(가),소형,청년,0,51,2,4
관악구,신림동,610-376,126.9245653,37.4756169,1162010200106100376,0.00,59.90,166.49,단독주택,31.3,6,2623000,급경사,가로장방,세로한면(가),소형,청년,0,50,2,6
관악구,신림동,610-496,126.9212074,37.473409,1162010200106100496,163.94,59.93,164.64,단독주택,31.7,5,3636000,완경사,세로장방,세로각지(가),소형,유지,0,45,3,4
관악구,신림동,610-502,126.9232209,37.4735153,1162010200106100502,165.00,59.30,152.93,단독주택,31.5,6,2606000,완경사,부정형,세로한면(가),소형,청년,0,44,4,3
관악구,신림동,610-514,126.9239096,37.473874,1162010200106100514,165.00,58.87,110.60,단독주택,30.8,9,2674000,급경사,세로장방,세로한면(가),소형,청년,0,43,3,3
관악구,신림동,610-535,126.9228128,37.4744867,1162010200106100535,162.00,56.93,108.67,단독주택,31.3,7,3299000,완경사,세로장방,세로한면(가),소형,신혼부부,0,44,2,5
관악구,신림동,610-587,126.9244647,37.4744969,1162010200106100587,155.00,0.00,109.23,단독주택,33.7,5,2934000,완경사,가로장방,세로각지(가),소형,청년,0,45,2,4
관악구,신림동,611-36,126.9194457,37.473915,1162010200106110036,152.00,0.00,152.18,단독주택,37.5,4,3716000,평지,사다리형,세로한면(가),소형,청년,0,50,4,7
관악구,신림동,611-69,126.9222391,37.474808,1162010200106110069,165.00,59.88,143.09,단독주택,26.5,5,3624000,완경사,세로장방,세로한면(가),소형,청년,0,45,2,5
관악구,신림동,618-10,126.9196158,37.4731642,1162010200106180010,162.00,59.73,0.00,단독주택,29.2,5,5229000,평지,세로장방,세로한면(가),소형,청년,0,50,3,5
관악구,신림동,622-11,126.9203629,37.4720268,1162010200106220011,0.00,58.27,0.00,단독주택,31.2,7,3262000,평지,사다리형,세로한면(불),소형,청년,0,46,2,3
관악구,신림동,626-58,126.9225437,37.4726266,1162010200106260058,0.00,57.92,167.45,단독주택,28.5,4,3457000,완경사,정방형,세로한면(가),소형,청년,0,37,4,3
관악구,신림동,629-54,126.9225581,37.4710177,1162010200106290054,152.00,0.00,93.20,단독주택,35.4,5,3514000,완경사,정방형,세로한면(가),소형,청년,0,34,3,6
관악구,신림동,633-25,126.9215452,37.4707144,1162010200106330025,126.00,59.90,106.07,단독주택,29.4,6,3663000,평지,세로장방,세로한면(가),소형,청년,0,38,3,6
관악구,신림동,639-13,126.9219974,37.4695699,1162010200106390013,180.00,58.89,108.78,단독주택,28.4,6,3770000,평지,사다리형,세로각지(가),소형,청년,0,41,2,6
관악구,신림동,646-288,126.9250603,37.4701804,1162010200106460288,102.00,53.12,0.00,단독주택,28.4,6,2214000,급경사,사다리형,세로한면(불),소형,청년,0,49,3,8
관악구,신림동,646-289,126.9250409,37.4700584,1162010200106460289,0.00,59.29,143.60,단독주택,31.6,6,2307000,급경사,정방형,세로한면(불),소형,청년,0,48,2,8
관악구,신림동,652-99,126.9225052,37.4674149,1162010200106520099,173.05,59.98,144.94,단독주택,27.4,8,2810000,완경사,사다리형,세로한면(가),소형,유지,0,39,3,6
관악구,신림동,673-31,126.9165625,37.4624869,1162010200106730031,126.00,59.62,99.53,단독주택,32.0,7,3216000,평지,세로장방,세로한면(가),소형,청년,0,24,3,1
관악구,신림동,673-77,126.9163596,37.4624016,1162010200106730077,178.52,59.41,148.08,단독주택,31.6,8,3241000,평지,사다리형,세로각지(가),소형,청년,0,25,3,1
관악구,신림동,675-97,126.9154945,37.4630406,1162010200106750097,116.00,58.39,106.98,단독주택,31.1,5,2586000,완경사,사다리형,소로한면,중형,청년,0,31,4,2
관악구,신림동,675-107,126.9160982,37.4631281,1162010200106750107,,,,,,,2515000,완경사,세로장방,세로한면(가),소형,청년,0,25,4,2
관악구,신림동,706-14,126.9188545,37.4713751,1162010200107060014,0.00,59.87,0.00,단독주택,30.5,5,3161000,평지,사다리형,세로한면(가),소형,청년,0,53,2,4
관악구,신림동,706-98,126.9187665,37.471571,1162010200107060098,97.61,0.00,102.40,단독주택,33.4,6,3161000,평지,사다리형,세로한면(가),소형,청년,0,53,2,4
관악구,신림동,709-1,126.9181804,37.4716083,1162010200107090001,,,,,,,3079000,평지,부정형,세로한면(가),소형,청년,0,53,2,4
관악구,신림동,711-13,126.9181304,37.4700957,1162010200107110013,255.00,0.00,0.00,단독주택,33.2,5,2973000,완경사,사다리형,세로한면(가),소형,청년,0,45,2,4
관악구,신림동,711-78,126.9186524,37.4706253,1162010200107110078,0.00,59.95,142.41,단독주택,30.5,3,3377000,평지,사다리형,세로각지(가),소형,청년,0,48,2,4
관악구,신림동,711-79,126.9188506,37.4704973,1162010200107110079,,,,,,,3228000,완경사,세로장방,세로각지(가),소형,청년,0,48,2,3
관악구,신림동,748-28,126.9144066,37.4750916,1162010200107480028,82.10,57.38,0.00,단독주택,31.1,5,3573000,평지,부정형,세로한면(가),소형,유지,0,60,5,5
관악구,신림동,752-10,126.9144304,37.4747509,1162010200107520010,118.69,59.86,97.50,단독주택,22.4,5,4189000,평지,사다리형,세로한면(가),소형,청년,0,59,5,5
관악구,신림동,1449-32,126.9222691,37.4885966,1162010200114490032,175.00,0.00,103.78,단독주택,33.8,5,5070000,평지,사다리형,세로한면(가),소형,청년,0,50,3,3
관악구,신림동,1450-7,126.9244813,37.4893155,1162010200114500007,0.00,59.65,107.43,단독주택,28.8,6,5621000,평지,세로장방,세로한면(가),소형,청년,1,47,2,2
관악구,신림동,1491-8,126.9126857,37.4791019,1162010200114910008,104.10,57.37,136.70,단독주택,31.3,6,3800000,평지,자루형,세로한면(가),소형,청년,0,68,4,7
관악구,신림동,1561-19,126.9342745,37.4666722,1162010200115610019,175.90,59.14,168.06,단독주택,28.0,17,4735000,완경사,정방형,소로한면,중형,청년,0,41,4,6
관악구,신림동,1563-32,126.9146062,37.4739925,1162010200115630032,234.00,59.99,99.89,단독주택,27.4,7,4005000,완경사,정방형,세로한면(가),소형,청년,0,58,5,5
관악구,신림동,1563-33,126.9146877,37.4739047,1162010200115630033,166.10,59.47,177.61,단독주택,26.5,6,4005000,완경사,정방형,세로한면(가),소형,청년,0,59,5,5
관악구,신림동,1563-54,126.9149951,37.4743653,1162010200115630054,166.80,59.76,170.81,단독주택,26.4,7,4205000,완경사,정방형,세로각지(가),소형,청년,0,55,5,5
관악구,신림동,1564-24,126.9407332,37.4762865,1162010200115640024,0.00,59.67,178.42,단독주택,31.3,9,3229000,급경사,정방형,세로한면(가),소형,청년,1,45,2,4
관악구,신림동,1570-12,126.9183599,37.4821065,1162010200115700012,173.80,59.87,175.88,단독주택,31.5,5,4966000,평지,정방형,세로한면(가),소형,청년,1,55,3,4
관악구,신림동,1571-6,126.9194486,37.4823076,1162010200115710006,158.20,40.23,0.00,단독주택,31.9,5,4203000,평지,자루형,세로한면(가),소형,청년,0,58,3,4
관악구,신림동,1571-21,126.9194753,37.48214,1162010200115710021,165.90,58.50,148.45,단독주택,31.4,7,5830000,평지,세로장방,소로한면,,청년,0,60,3,4
관악구,신림동,1571-22,126.9193352,37.4821454,1162010200115710022,236.70,59.30,117.77,단독주택,31.3,8,5830000,평지,세로장방,소로한면,중형,청년,0,58,3,4
관악구,신림동,1573-6,126.9195179,37.4818513,1162010200115730006,233.10,59.88,79.89,단독주택,29.2,5,4556000,평지,정방형,세로한면(가),소형,청년,0,60,3,4
관악구,신림동,1573-28,126.9195412,37.4810827,1162010200115730028,118.50,57.50,98.16,단독주택,26.7,12,4829000,평지,세로장방,소로한면,중형,청년,0,66,4,4
관악구,신림동,1574-31,126.9200647,37.4810847,1162010200115740031,278.00,58.26,99.56,단독주택,27.1,8,4831000,평지,세로장방,세로각지(가),소형,청년,0,67,4,4
관악구,신림동,1629-6,126.9274054,37.4787294,1162010200116290006,193.80,0.00,105.86,단독주택,33.6,5,4608000,평지,사다리형,세로각지(가),소형,청년,1,52,1,4
관악구,신림동,1631-38,126.9300819,37.4785432,1162010200116310038,0.00,59.56,114.99,단독주택,31.2,7,4303000,평지,자루형,세로한면(가),소형,청년,1,53,1,2
관악구,신림동,1652-12,126.9053077,37.4827887,1162010200116520012,201.90,0.00,174.79,단독주택,34.3,5,4832000,평지,가로장방,세로한면(가),소형,청년,1,58,3,1
관악구,신림동,1678-35,126.9221303,37.4729707,1162010200116780035,0.00,59.87,0.00,단독주택,23.7,10,3532000,완경사,정방형,소로각지,중형,청년,0,40,4,3
관악구,남현동,1053-12,126.9716227,37.4738013,1162010300110530012,252.60,49.75,106.33,단독주택,27.6,9,4464000,완경사,자루형,세로한면(가),소형,청년,0,28,1,4
강서구,방화동,251-21,126.815111,37.5696132,1150010900102510021,215.00,53.51,152.48,단독주택,22.4,5,3635000,평지,세로장방,세로한면(가),소형,청년,0,58,3,4
강서구,방화동,536-14,126.8082891,37.5722367,1150010900105360014,166.00,59.90,175.36,단독주택,27.3,5,3258000,평지,사다리형,세로각지(가),소형,유지,2,37,3,2
강서구,방화동,564-65,126.8109814,37.5712695,1150010900105640065,283.54,46.30,114.74,단독주택,30.0,7,2889000,평지,부정형,세로한면(가),소형,청년,2,47,4,5
강서구,방화동,575-18,126.8124329,37.5721603,1150010900105750018,164.00,59.96,157.62,단독주택,27.2,5,2835000,평지,사다리형,세로한면(불),소형,신혼부부,2,55,5,5
양천구,신정동,910-5,126.8575682,37.5264343,1147010100109100005,0.00,0.00,0.00,단독주택,34.2,6,3245000,평지,자루형,세로한면(가),소형,청년,2,61,4,4
양천구,신정동,923-7,126.8537139,37.5256309,1147010100109230007,129.30,59.95,239.81,공동주택,20.8,7,4089000,완경사,정방형,세로한면(가),소형,청년,2,48,4,4
양천구,신정동,926-10,126.8540101,37.5274213,1147010100109260010,,,,,,,3417000,평지,자루형,세로한면(가),소형,청년,1,52,4,3
양천구,신정동,928-13,126.8530454,37.5251421,1147010100109280013,0.00,59.92,0.00,단독주택,31.4,5,3978000,완경사,정방형,세로한면(가),소형,신혼부부,2,46,4,4
양천구,신정동,940-17,126.8519124,37.5252712,1147010100109400017,120.00,59.74,107.40,단독주택,31.1,5,3793000,완경사,정방형,세로한면(가),소형,신혼부부,2,41,3,4
양천구,신정동,950-14,126.8560308,37.5242243,1147010100109500014,128.30,58.26,114.85,단독주택,27.2,3,3330000,완경사,자루형,소로한면,소형,청년,2,54,4,3
양천구,신정동,957-1,126.8583172,37.523871,1147010100109570001,101.53,59.82,104.60,공동주택,23.0,1,3864000,평지,정방형,세로각지(가),,청년,3,56,4,4
양천구,신정동,957-29,126.8584679,37.5237894,1147010100109570029,163.60,51.23,234.77,단독주택,23.0,6,3121000,평지,자루형,세로한면(가),소형,청년,3,57,4,4
양천구,신정동,1012-2,126.8608813,37.5229333,1147010100110120002,170.30,57.90,171.79,단독주택,33.4,5,4145000,완경사,세로장방,소로한면,중형,청년,3,51,3,3
양천구,신정동,1016-15,126.8618817,37.5212727,1147010100110160015,210.10,55.36,110.73,단독주택,32.4,7,4519000,평지,세로장방,소로한면,,청년,2,53,4,3
양천구,신정동,1016-23,126.8612651,37.5213141,1147010100110160023,124.80,58.32,152.55,단독주택,32.4,6,4009000,평지,세로장방,세로한면(가),소형,청년,3,54,4,3
양천구,신정동,1019-19,126.8610809,37.5212062,1147010100110190019,139.90,59.10,148.90,단독주택,32.1,7,4757000,평지,정방형,소로각지,중형,청년,3,54,4,4
양천구,신정동,1026-14,126.8587912,37.5213808,1147010100110260014,132.20,53.32,96.79,단독주택,33.3,5,3322000,평지,자루형,세로한면(가),소형,청년,3,52,5,4
양천구,신정동,1198-18,126.849602,37.5210467,1147010100111980018,130.50,59.24,165.38,단독주택,27.7,7,4501000,완경사,세로장방,세로한면(가),소형,청년,1,34,5,3
양천구,신정동,1217-8,126.849152,37.51873,1147010100112170008,189.20,58.03,153.69,단독주택,28.6,7,4760000,완경사,가로장방,세로각지(가),소형,청년,1,40,5,3
양천구,신월동,18-9,126.8315435,37.5416757,1147010300100180009,187.90,44.35,88.65,단독주택,33.2,7,2931000,평지,자루형,중로한면,소형,청년,1,45,2,6
양천구,신월동,19-27,126.8321315,37.5414991,1147010300100190027,,,,,,,2669000,평지,세로장방,세로한면(불),소형,청년,1,45,2,5
양천구,신월동,29-14,126.8263909,37.540447,1147010300100290014,0.00,59.88,0.00,단독주택,33.4,6,2844000,평지,정방형,세로각지(가),소형,청년,0,30,2,5
양천구,신월동,58-33,126.8304064,37.5385686,1147010300100580033,106.80,59.91,118.30,단독주택,32.2,5,2498000,평지,정방형,세로한면(가),소형,청년,0,39,3,6
양천구,신월동,58-37,126.8300876,37.5385245,1147010300100580037,127.50,59.28,102.80,공동주택,22.1,6,2411000,평지,가로장방,세로한면(불),소형,청년,0,36,3,6
양천구,신월동,64-7,126.8333127,37.5392236,1147010300100640007,175.70,59.67,208.67,단독주택,31.3,5,3036000,평지,세로장방,소로한면,중형,청년,1,47,3,3
양천구,신월동,75-10,126.8311898,37.5374302,1147010300100750010,166.00,0.00,113.44,단독주택,34.6,5,2938000,평지,정방형,세로한면(가),소형,신혼부부,0,42,4,6
양천구,신월동,76-6,126.8303915,37.5374729,1147010300100760006,,,,,,,2996000,평지,가로장방,세로각지(가),소형,청년,0,38,3,6
양천구,신월동,84-7,126.8327405,37.5369941,1147010300100840007,0.00,52.56,0.00,단독주택,30.6,7,2959000,평지,세로장방,세로한면(가),소형,신혼부부,0,43,3,4
양천구,신월동,84-15,126.8323694,37.5368578,1147010300100840015,180.80,59.98,146.55,단독주택,30.5,5,2927000,평지,사다리형,세로한면(가),소형,청년,0,43,3,4
양천구,신월동,91-23,126.833215,37.5353213,1147010300100910023,184.40,58.93,139.40,공동주택,22.0,1,2384000,평지,자루형,세로한면(가),소형,신혼부부,0,46,3,4
양천구,신월동,94-3,126.8324308,37.5358767,1147010300100940003,138.30,56.28,86.74,단독주택,33.4,5,2930000,평지,사다리형,세로각지(가),,신혼부부,0,45,4,4
양천구,신월동,98-11,126.8320099,37.5352473,1147010300100980011,205.40,55.11,189.56,단독주택,30.4,5,2417000,평지,세로장방,세로한면(불),소형,신혼부부,0,43,3,4
양천구,신월동,98-29,126.8324009,37.5350153,1147010300100980029,144.30,49.60,110.67,단독주택,33.1,5,2417000,평지,세로장방,세로한면(불),소형,신혼부부,0,44,2,4
양천구,신월동,105-23,126.8352058,37.5343775,1147010300101050023,147.50,48.73,103.72,단독주택,34.6,4,2717000,평지,자루형,중로한면,소형,신혼부부,0,46,3,2
양천구,신월동,106-14,126.834866,37.5336866,1147010300101060014,165.30,60.88,104.86,단독주택,31.4,5,2384000,평지,자루형,세로한면(가),소형,청년,0,43,2,2
양천구,신월동,107-8,126.8342657,37.5332928,1147010300101070008,144.30,56.37,106.89,단독주택,31.0,5,2680000,평지,정방형,세로한면(가),소형,신혼부부,0,43,2,2
양천구,신월동,107-13,126.8344677,37.5332698,1147010300101070013,126.10,0.00,108.82,단독주택,34.2,5,2253000,평지,세로장방,세로한면(불),소형,청년,0,42,2,2
양천구,신월동,110-20,126.8338699,37.5319905,1147010300101100020,115.80,58.90,100.53,단독주택,31.2,5,2595000,평지,세로장방,세로한면(가),소형,청년,0,32,2,1
양천구,신월동,110-25,126.8340715,37.5318833,1147010300101100025,,,,,,,2595000,평지,정방형,세로한면(가),소형,청년,0,31,2,1
양천구,신월동,114-25,126.8363359,37.532663,1147010300101140025,0.00,54.18,0.00,단독주택,32.1,3,2228000,평지,자루형,세로한면(가),소형,청년,0,35,2,2
양천구,신월동,121-13,126.8364024,37.5303442,1147010300101210013,149.50,0.00,99.13,단독주택,34.1,5,2207000,평지,자루형,세로한면(가),소형,청년,0,27,3,1
양천구,신월동,123-19,126.8348255,37.5316509,1147010300101230019,240.00,59.91,175.30,단독주택,29.8,7,2251000,평지,자루형,세로한면(가),소형,청년,0,30,2,1
양천구,신월동,124-4,126.8346943,37.5309938,1147010300101240004,276.90,59.92,214.56,공동주택,21.7,1,2643000,평지,세로장방,세로한면(가),,신혼부부,0,28,2,1
양천구,신월동,124-22,126.834189,37.5314548,1147010300101240022,151.10,53.89,92.92,단독주택,31.4,5,2550000,평지,자루형,중로한면,소형,청년,0,29,2,1
양천구,신월동,132-5,126.8325546,37.5319567,1147010300101320005,235.60,36.74,73.47,단독주택,32.6,5,2285000,평지,자루형,세로한면(가),소형,청년,0,33,2,1
양천구,신월동,133-28,126.8329559,37.5321211,1147010300101330028,150.90,59.59,113.07,단독주택,30.8,5,2469000,평지,세로장방,세로한면(가),소형,청년,0,33,2,1
양천구,신월동,200-24,126.8299063,37.5305757,1147010300102000024,127.15,57.10,104.60,단독주택,31.3,5,2292000,평지,자루형,세로한면(가),소형,청년,0,27,2,1
양천구,신월동,207-3,126.8332033,37.5277005,1147010300102070003,163.00,59.59,167.30,단독주택,30.5,5,2158000,평지,세로장방,세로한면(가),소형,청년,0,24,1,1
양천구,신월동,226-4,126.8353386,37.5296174,1147010300102260004,147.00,58.66,109.54,단독주택,30.8,5,2515000,평지,자루형,중로한면,소형,청년,0,23,3,1
양천구,신월동,232-25,126.8368137,37.5282227,1147010300102320025,148.58,57.79,133.27,단독주택,30.6,5,2199000,평지,자루형,세로한면(가),소형,신혼부부,0,29,4,0
양천구,신월동,233-6,126.8373601,37.5287185,1147010300102330006,116.60,59.62,111.18,단독주택,31.2,5,2199000,평지,자루형,세로한면(가),소형,신혼부부,0,26,4,0
양천구,신월동,233-7,126.8374203,37.5286178,1147010300102330007,116.50,59.48,111.27,단독주택,31.2,5,2199000,평지,자루형,세로한면(가),소형,청년,0,26,4,0
양천구,신월동,233-12,126.837605,37.5283913,1147010300102330012,133.30,48.68,97.36,단독주택,33.1,5,2199000,평지,자루형,세로한면(가),소형,청년,0,27,4,0
양천구,신월동,233-23,126.8373394,37.5282686,1147010300102330023,231.50,58.93,215.46,공동주택,31.6,1,2715000,평지,가로장방,세로한면(가),,청년,0,30,4,0
양천구,신월동,233-25,126.8373449,37.5284564,1147010300102330025,,,,,,,2222000,평지,정방형,세로한면(불),소형,청년,0,27,4,0
양천구,신월동,242-12,126.8372757,37.5272543,1147010300102420012,0.00,0.00,0.00,단독주택,34.3,5,2759000,평지,세로장방,세로각지(가),소형,청년,0,31,3,0
양천구,신월동,243-22,126.8369438,37.5270611,1147010300102430022,0.00,0.00,0.00,단독주택,34.4,7,2378000,평지,정방형,세로한면(가),소형,청년,0,33,3,0
양천구,신월동,439-2,126.8383288,37.521897,1147010300104390002,0.00,53.73,214.92,공동주택,33.4,1,2949000,평지,세로장방,세로한면(가),,유지,0,39,3,2
강서구,등촌동,365-50,126.8597783,37.5509967,1150010200103650050,176.10,43.79,87.57,단독주택,34.8,10,4480000,완경사,세로장방,세로각지(가),소형,신혼부부,0,40,4,3
강서구,등촌동,533-41,126.8621411,37.551159,1150010200105330041,188.00,59.68,165.53,단독주택,24.3,6,4520000,평지,사다리형,세로각지(가),소형,신혼부부,0,39,4,4
강서구,등촌동,568-27,126.8624747,37.5367476,1150010200105680027,186.10,59.90,112.50,단독주택,31.2,5,3758000,완경사,세로장방,세로한면(가),소형,청년,0,64,3,6
강서구,등촌동,569-5,126.8622703,37.5374486,1150010200105690005,145.00,59.95,119.91,단독주택,31.9,5,3758000,완경사,정방형,세로한면(가),소형,청년,0,63,3,6
강서구,등촌동,569-14,126.8622775,37.5364426,1150010200105690014,149.00,59.45,113.68,단독주택,28.9,5,3758000,완경사,정방형,세로한면(가),소형,신혼부부,0,66,3,6
강서구,등촌동,647-19,126.8642905,37.5528166,1150010200106470019,165.00,59.87,119.75,단독주택,29.3,5,4228000,평지,세로장방,세로한면(가),소형,신혼부부,0,44,4,6
강서구,화곡동,24-221,126.845625,37.5454697,1150010300100240221,131.00,58.27,156.48,단독주택,32.2,9,3616000,평지,정방형,세로한면(가),소형,청년,1,48,4,0
강서구,화곡동,29-14,126.8477673,37.5476125,1150010300100290014,0.00,59.88,0.00,단독주택,33.4,6,3692000,평지,정방형,세로한면(가),,신혼부부,0,51,4,0
강서구,화곡동,29-87,126.8488002,37.5456744,1150010300100290087,265.00,38.29,112.36,단독주택,27.4,5,3096000,평지,사다리형,세로한면(불),소형,청년,0,44,3,0
강서구,화곡동,29-199,126.8501524,37.546484,1150010300100290199,341.00,58.57,155.89,단독주택,28.5,8,3157000,평지,사다리형,세로한면(가),소형,신혼부부,0,52,5,0
강서구,화곡동,46-15,126.850006,37.5446716,1150010300100460015,200.30,51.90,134.02,단독주택,29.3,11,3142000,평지,세로장방,세로한면(가),소형,신혼부부,0,44,4,0
강서구,화곡동,46-294,126.8492714,37.545001,1150010300100460294,229.55,44.95,90.47,단독주택,34.3,5,2837000,평지,세로장방,세로한면(가),소형,청년,0,45,3,0
강서구,화곡동,46-308,126.8494551,37.545458,1150010300100460308,198.00,54.32,105.64,단독주택,33.3,5,2837000,평지,세로장방,세로한면(가),소형,청년,0,43,4,0
강서구,화곡동,50-72,126.8493165,37.5429885,1150010300100500072,126.15,59.84,157.44,단독주택,26.9,5,2886000,완경사,세로장방,세로각지(가),소형,청년,1,56,4,0
강서구,화곡동,50-81,126.8492844,37.542922,1150010300100500081,139.00,59.93,114.70,단독주택,31.4,5,2686000,완경사,사다리형,세로한면(가),소형,청년,1,58,3,0
강서구,화곡동,50-94,126.8490552,37.5436694,1150010300100500094,152.00,52.29,103.08,단독주택,33.0,5,2770000,완경사,세로장방,세로한면(가),소형,청년,1,51,4,0
강서구,화곡동,55-71,126.8491983,37.5415517,1150010300100550071,179.79,59.62,174.56,단독주택,27.0,6,2813000,완경사,세로장방,세로한면(가),소형,청년,1,59,3,2
강서구,화곡동,55-95,126.8492285,37.5420578,1150010300100550095,169.00,59.85,112.11,단독주택,27.3,4,2813000,완경사,정방형,세로한면(가),소형,청년,1,60,3,0
강서구,화곡동,56-16,126.8495353,37.5411984,1150010300100560016,198.00,58.12,112.74,단독주택,33.3,5,2891000,완경사,정방형,세로각지(가),소형,청년,1,66,3,3
강서구,화곡동,56-85,126.8518654,37.5405474,1150010300100560085,192.00,58.32,174.97,단독주택,23.5,6,2795000,완경사,세로장방,세로한면(가),소형,신혼부부,0,72,3,3
강서구,화곡동,56-224,126.8494327,37.5390259,1150010300100560224,185.00,47.01,91.83,단독주택,33.9,5,2708000,완경사,세로장방,세로한면(가),소형,청년,0,78,3,4
강서구,화곡동,56-424,126.8492894,37.5387944,1150010300100560424,180.81,59.85,209.76,공동주택,22.4,1,2708000,완경사,세로장방,세로한면(가),,청년,1,80,4,4
강서구,화곡동,56-489,126.8499081,37.5392457,1150010300100560489,185.00,50.11,98.50,단독주택,34.0,4,2816000,완경사,가로장방,세로각지(가),소형,청년,0,78,3,4
강서구,화곡동,56-493,126.8485649,37.540102,1150010300100560493,116.00,59.90,218.36,공동주택,21.8,1,2965000,완경사,사다리형,세로각지(가),,청년,1,67,3,3
강서구,화곡동,56-509,126.8486909,37.5399572,1150010300100560509,148.00,49.80,99.60,단독주택,34.1,4,2587000,완경사,세로장방,세로한면(가),소형,청년,1,67,3,3
강서구,화곡동,56-522,126.8495004,37.5394326,1150010300100560522,150.10,58.96,108.29,단독주택,31.6,5,2725000,완경사,세로장방,세로한면(가),소형,청년,0,76,3,4
강서구,화곡동,56-542,126.8493391,37.5404248,1150010300100560542,191.72,48.49,80.74,공동주택,31.8,5,2365000,완경사,자루형,세로한면(가),소형,청년,1,67,3,4
강서구,화곡동,57-21,126.8486815,37.5401459,1150010300100570021,162.00,58.36,97.68,공동주택,31.3,5,2587000,완경사,세로장방,세로한면(가),소형,청년,1,67,3,3
강서구,화곡동,59-39,126.8478274,37.5419524,1150010300100590039,233.00,53.17,86.60,단독주택,27.1,5,2925000,평지,자루형,세로한면(가),소형,청년,1,58,4,1
강서구,화곡동,61-89,126.846315,37.5416837,1150010300100610089,255.00,59.91,174.46,단독주택,27.5,9,3462000,완경사,정방형,세로한면(가),소형,청년,1,59,3,1
강서구,화곡동,61-113,126.8467744,37.5419605,1150010300100610113,188.10,59.35,163.39,단독주택,30.9,7,3546000,평지,정방형,소로한면,중형,청년,1,60,3,1
강서구,화곡동,95-102,126.8435468,37.5462396,1150010300100950102,150.01,58.88,160.22,단독주택,28.4,7,3147000,완경사,세로장방,세로한면(가),소형,청년,2,56,5,0
강서구,화곡동,98-31,126.8444009,37.5438146,1150010300100980031,254.00,59.24,160.71,단독주택,29.3,14,3762000,평지,사다리형,세로한면(가),소형,청년,1,51,4,0
강서구,화곡동,102-170,126.8453259,37.5395113,1150010300101020170,188.00,59.86,175.80,공동주택,23.3,1,2893000,완경사,가로장방,세로한면(가),,청년,1,65,3,1
강서구,화곡동,102-356,126.8475743,37.5395376,1150010300101020356,,,,,,,2908000,완경사,가로장방,세로한면(가),소형,청년,1,68,4,1
강서구,화곡동,105-437,126.8437758,37.538174,1150010300101050437,0.00,59.36,0.00,단독주택,28.0,8,2569000,완경사,사다리형,세로한면(불),소형,청년,2,68,4,1
강서구,화곡동,105-426,126.8438553,37.5385589,1150010300101050426,241.00,44.22,159.52,공동주택,38.7,1,2790000,완경사,세로장방,세로한면(가),,청년,2,69,4,1
강서구,화곡동,151-12,126.8508927,37.5366437,1150010300101510012,205.00,53.43,80.73,단독주택,32.8,8,2635000,완경사,세로장방,세로한면(가),소형,청년,1,83,3,4
강서구,화곡동,156-27,126.8505056,37.5348751,1150010300101560027,244.90,59.97,103.54,단독주택,28.4,5,3194000,완경사,세로장방,세로한면(가),소형,청년,1,90,3,4
강서구,화곡동,156-29,126.8509647,37.5349547,1150010300101560029,188.00,51.80,115.86,단독주택,34.2,6,3830000,완경사,세로장방,소로한면,중형,청년,1,96,3,4
강서구,화곡동,158-10,126.8503852,37.5333284,1150010300101580010,140.10,51.43,103.60,공동주택,33.2,1,3827000,완경사,정방형,세로각지(가),,청년,1,88,1,1
강서구,화곡동,158-27,126.850902,37.5329063,1150010300101580027,252.56,59.46,151.33,단독주택,27.1,7,3622000,완경사,세로장방,세로한면(가),소형,청년,1,88,2,0
강서구,화곡동,158-46,126.8508942,37.5330209,1150010300101580046,191.70,44.33,150.01,공동주택,27.2,1,3622000,완경사,정방형,세로한면(가),,청년,1,88,2,0
강서구,화곡동,167-41,126.8516867,37.5363496,1150010300101670041,320.20,58.34,164.13,단독주택,30.0,8,2883000,완경사,가로장방,소로각지,중형,청년,1,87,3,3
강서구,화곡동,167-42,126.8527131,37.5358815,1150010300101670042,177.10,51.01,145.75,공동주택,22.3,1,2710000,완경사,가로장방,세로각지(가),,청년,1,92,3,3
강서구,화곡동,351-11,126.8424382,37.5356998,1150010300103510011,283.90,59.86,183.98,단독주택,31.0,5,3316000,완경사,세로장방,세로한면(가),소형,청년,2,54,3,1
강서구,화곡동,359-41,126.8384101,37.5324849,1150010300103590041,153.00,54.30,111.43,단독주택,33.1,7,3439000,평지,세로장방,세로한면(가),소형,청년,1,37,1,1
강서구,화곡동,366-95,126.8408895,37.5341751,1150010300103660095,128.52,58.48,104.27,단독주택,28.0,7,3822000,평지,세로장방,세로각지(가),소형,청년,1,43,2,1
강서구,화곡동,368-71,126.8396952,37.5364929,1150010300103680071,152.10,59.81,142.95,단독주택,28.0,4,3749000,평지,세로장방,세로한면(가),소형,유지,2,48,2,1
강서구,화곡동,369-13,126.8405064,37.5360369,1150010300103690013,128.50,57.24,153.12,단독주택,33.9,5,3606000,평지,세로장방,세로한면(가),소형,유지,2,49,2,1
강서구,화곡동,369-22,126.8399147,37.5362246,1150010300103690022,128.20,52.19,101.04,단독주택,29.7,8,3606000,평지,세로장방,세로한면(가),소형,유지,2,47,2,1
강서구,화곡동,395-2,126.8500761,37.534758,1150010300103950002,146.80,55.77,149.22,단독주택,27.1,11,3562000,완경사,사다리형,세로한면(가),소형,청년,1,87,3,3
강서구,화곡동,397-26,126.8485593,37.5347914,1150010300103970026,294.50,0.00,163.47,공동주택,37.7,1,3716000,평지,세로장방,세로한면(가),,청년,1,78,2,1
강서구,화곡동,408-83,126.8457318,37.5379583,1150010300104080083,,,,,,,2771000,완경사,가로장방,세로한면(불),소형,청년,2,71,3,1
강서구,화곡동,409-50,126.8478038,37.5384372,1150010300104090050,0.00,59.89,0.00,단독주택,33.6,6,2998000,완경사,세로장방,세로한면(가),소형,청년,2,75,4,1
강서구,화곡동,409-145,126.8474194,37.5371068,1150010300104090145,131.00,59.50,97.77,단독주택,31.0,7,3021000,완경사,세로장방,세로한면(불),소형,청년,2,82,5,1
강서구,화곡동,409-224,126.8454023,37.5358927,1150010300104090224,146.00,59.95,118.65,단독주택,27.4,3,3058000,완경사,가로장방,세로한면(가),소형,청년,2,69,3,1
강서구,화곡동,410-11,126.8497288,37.5374954,1150010300104100011,152.00,59.99,140.90,단독주택,31.6,5,3091000,완경사,세로장방,세로한면(가),소형,신혼부부,1,79,4,4
강서구,화곡동,410-176,126.8470186,37.5369642,1150010300104100176,133.00,55.90,119.90,단독주택,28.6,8,3021000,완경사,정방형,세로한면(불),소형,신혼부부,2,76,4,1
강서구,화곡동,410-208,126.8494204,37.5383553,1150010300104100208,159.00,59.96,103.70,단독주택,30.7,7,2816000,완경사,가로장방,세로각지(가),소형,신혼부부,1,78,4,4
강서구,화곡동,424-158,126.8402383,37.5311536,1150010300104240158,179.60,49.15,158.01,공동주택,25.1,1,3689000,평지,세로장방,세로한면(가),,청년,1,37,2,1
강서구,화곡동,452-13,126.8513359,37.5337107,1150010300104520013,182.00,59.48,95.70,단독주택,29.1,7,3830000,완경사,세로장방,소로한면,중형,청년,1,93,2,2
강서구,화곡동,454-7,126.8531836,37.5336115,1150010300104540007,279.20,59.66,187.28,단독주택,33.3,4,3387000,완경사,세로장방,소로한면,중형,청년,1,90,2,3
강서구,화곡동,455-18,126.8531469,37.5343209,1150010300104550018,168.60,59.76,148.17,단독주택,27.9,7,3075000,완경사,세로장방,세로한면(가),소형,청년,1,90,2,3
강서구,화곡동,459-10,126.8541172,37.5358466,1150010300104590010,155.30,49.52,99.05,공동주택,34.1,1,2889000,완경사,가로장방,세로한면(불),,청년,1,88,2,3
강서구,화곡동,465-17,126.8550716,37.5365158,1150010300104650017,112.70,59.62,164.70,단독주택,31.6,6,3429000,평지,정방형,세로한면(가),소형,신혼부부,0,83,2,3
강서구,화곡동,504-35,126.8603172,37.53684,1150010300105040035,159.00,59.68,110.23,단독주택,32.2,5,2986000,완경사,세로장방,세로한면(가),소형,청년,0,65,2,6
강서구,화곡동,504-153,126.8617276,37.5363097,1150010300105040153,176.97,49.07,93.13,단독주택,35.3,3,3252000,완경사,사다리형,세로한면(가),소형,청년,0,68,3,6
강서구,화곡동,772-29,126.8511893,37.5461122,1150010300107720029,284.00,59.71,207.57,공동주택,26.4,1,2658000,완경사,세로장방,세로각지(가),,청년,0,44,5,1
강서구,화곡동,772-38,126.8504005,37.5453954,1150010300107720038,189.20,53.76,98.72,단독주택,33.1,5,2669000,완경사,정방형,세로한면(가),소형,신혼부부,0,42,4,0
강서구,화곡동,814-35,126.859701,37.5359363,1150010300108140035,179.40,58.73,104.75,단독주택,30.3,5,3623000,평지,사다리형,세로각지(가),소형,신혼부부,0,71,3,6
강서구,화곡동,821-27,126.856803,37.5353345,1150010300108210027,130.20,59.90,177.05,단독주택,31.3,7,3741000,평지,정방형,소로한면,중형,신혼부부,0,84,2,4
강서구,화곡동,826-3,126.8591685,37.5355464,1150010300108260003,156.00,59.23,115.07,단독주택,31.6,5,3579000,평지,세로장방,세로한면(가),소형,신혼부부,0,75,3,6
강서구,화곡동,845-34,126.8572949,37.5301344,1150010300108450034,159.40,55.28,104.27,단독주택,33.6,6,4054000,평지,세로장방,세로한면(불),소형,청년,2,64,3,1
강서구,화곡동,846-45,126.8575196,37.5304195,1150010300108460045,125.10,59.92,104.89,단독주택,31.3,5,3840000,평지,세로장방,세로각지(가),소형,청년,2,67,2,1
강서구,화곡동,850-4,126.8562157,37.530754,1150010300108500004,187.80,52.98,198.64,공동주택,20.9,7,4165000,평지,세로장방,소로한면,중형,신혼부부,1,74,2,0
강서구,화곡동,852-28,126.8560451,37.530073,1150010300108520028,180.07,49.20,111.56,단독주택,35.8,6,4268000,평지,가로장방,세로한면(가),소형,신혼부부,1,69,2,1
강서구,화곡동,858-22,126.854134,37.5309539,1150010300108580022,122.70,49.97,99.95,단독주택,34.1,5,3192000,평지,자루형,세로한면(가),소형,신혼부부,2,77,2,1
강서구,화곡동,866-16,126.8567538,37.5338795,1150010300108660016,212.70,58.58,229.67,공동주택,23.2,1,3442000,평지,자루형,소로한면,,청년,0,80,2,3
강서구,화곡동,869-34,126.8534206,37.5325994,1150010300108690034,226.80,39.27,72.38,단독주택,34.0,6,3089000,완경사,자루형,세로한면(가),소형,신혼부부,1,86,3,3
강서구,화곡동,895-5,126.8499581,37.530057,1150010300108950005,162.60,59.88,145.71,단독주택,28.0,8,4320000,평지,세로장방,소로한면,중형,신혼부부,1,68,3,1
강서구,화곡동,900-36,126.845457,37.5296085,1150010300109000036,121.85,67.85,108.08,단독주택,31.6,4,4322000,평지,세로장방,세로한면(가),소형,신혼부부,1,40,4,2
강서구,화곡동,910-6,126.8455903,37.5281506,1150010300109100006,137.78,52.17,120.96,단독주택,33.3,6,4298000,평지,세로장방,세로한면(가),소형,신혼부부,1,42,5,1
강서구,화곡동,911-4,126.8441601,37.5280365,1150010300109110004,150.40,59.94,88.24,단독주택,31.1,5,3545000,평지,자루형,세로한면(가),소형,신혼부부,1,37,4,1
강서구,화곡동,924-12,126.8417429,37.5292774,1150010300109240012,127.70,61.11,103.66,단독주택,31.2,5,4441000,평지,세로장방,세로한면(가),소형,신혼부부,1,30,4,1
강서구,화곡동,934-11,126.8409083,37.5279894,1150010300109340011,135.90,59.89,114.20,단독주택,33.2,6,4132000,평지,가로장방,세로한면(가),소형,신혼부부,1,37,3,0
강서구,화곡동,934-29,126.8404249,37.5280011,1150010300109340029,171.90,53.72,135.85,단독주택,27.3,5,4346000,평지,자루형,중로한면,소형,신혼부부,1,36,3,0
강서구,화곡동,936-31,126.839894,37.52921,1150010300109360031,171.60,67.36,182.09,단독주택,33.0,17,4485000,평지,정방형,세로한면(가),소형,신혼부부,1,29,3,0
강서구,화곡동,961-2,126.8513638,37.5481629,1150010300109610002,227.10,57.97,95.58,단독주택,32.2,5,3136000,완경사,가로장방,세로한면(가),소형,청년,0,46,4,1
강서구,화곡동,963-7,126.8508327,37.5477123,1150010300109630007,157.70,59.97,160.10,단독주택,30.5,7,3073000,평지,정방형,세로한면(가),소형,신혼부부,0,48,4,1
강서구,화곡동,964-9,126.850308,37.5468381,1150010300109640009,170.00,57.93,113.55,단독주택,33.4,5,3546000,평지,정방형,소로각지,중형,신혼부부,0,52,5,1
강서구,화곡동,975-15,126.8491967,37.5491136,1150010300109750015,136.47,59.82,162.74,단독주택,30.0,7,4243000,평지,가로장방,세로각지(가),소형,신혼부부,0,48,4,0
강서구,화곡동,975-19,126.8488916,37.5489778,1150010300109750019,184.90,59.68,164.91,단독주택,28.6,8,4138000,평지,정방형,세로각지(가),소형,청년,0,50,3,0
강서구,화곡동,985-9,126.8464748,37.5502155,1150010300109850009,344.74,43.10,149.45,공동주택,23.0,10,3190000,완경사,사다리형,세로한면(가),소형,청년,0,50,4,0
강서구,화곡동,995-14,126.8476955,37.5518436,1150010300109950014,153.10,59.82,159.36,공동주택,23.2,5,3899000,평지,세로장방,세로한면(가),소형,청년,0,55,2,1
강서구,화곡동,1010-9,126.834367,37.5468391,1150010300110100009,131.10,53.98,102.84,단독주택,33.4,4,3650000,평지,세로장방,세로한면(가),소형,청년,1,34,3,10
강서구,화곡동,1015-29,126.834897,37.5451037,1150010300110150029,165.40,49.60,99.10,단독주택,34.3,5,4047000,평지,사다리형,세로각지(가),소형,청년,2,40,4,7
강서구,화곡동,1016-30,126.8344485,37.5444737,1150010300110160030,213.50,57.98,98.25,단독주택,27.2,5,3476000,평지,세로장방,세로한면(가),소형,청년,2,40,4,7
강서구,화곡동,1017-10,126.8332584,37.5441875,1150010300110170010,145.80,59.89,149.56,단독주택,26.7,5,3368000,평지,사다리형,세로한면(가),소형,신혼부부,2,36,3,7
강서구,화곡동,1018-8,126.8336533,37.5437019,1150010300110180008,228.20,57.98,199.57,공동주택,20.4,9,3021000,평지,자루형,세로한면(가),소형,청년,2,41,3,7
강서구,화곡동,1018-11,126.8338194,37.543786,1150010300110180011,239.50,59.90,163.47,단독주택,27.8,8,3473000,평지,가로장방,세로한면(가),소형,청년,2,41,3,7
강서구,화곡동,1018-20,126.8343181,37.5436523,1150010300110180020,246.70,59.47,162.13,단독주택,26.9,5,3368000,평지,사다리형,세로한면(가),소형,청년,2,45,3,7
강서구,화곡동,1033-36,126.8379343,37.5431751,1150010300110330036,203.50,59.24,153.89,단독주택,30.3,7,3518000,평지,사다리형,세로한면(가),소형,청년,2,53,3,3
강서구,화곡동,1033-40,126.8376728,37.5434602,1150010300110330040,122.50,59.96,119.31,단독주택,31.1,6,3627000,평지,세로장방,세로한면(가),소형,청년,2,53,3,3
강서구,화곡동,1036-27,126.836355,37.5429692,1150010300110360027,262.30,56.88,155.40,단독주택,27.2,9,4114000,평지,세로장방,소로한면,중형,신혼부부,2,47,2,4
강서구,화곡동,1040-10,126.8339148,37.5428552,1150010300110400010,183.20,59.45,173.31,단독주택,28.5,7,3144000,평지,자루형,세로한면(가),소형,신혼부부,2,45,2,7
강서구,화곡동,1040-11,126.8339897,37.5428585,1150010300110400011,246.80,44.47,70.32,단독주택,34.1,4,3596000,평지,세로장방,세로한면(가),소형,신혼부부,2,46,2,7
강서구,화곡동,1041-26,126.8337503,37.5419847,1150010300110410026,119.40,59.19,109.93,단독주택,31.1,4,3144000,평지,자루형,세로한면(가),소형,청년,2,47,2,4
강서구,화곡동,1043-4,126.8337059,37.5410666,1150010300110430004,128.73,59.98,198.97,공동주택,22.7,5,3263000,평지,세로장방,세로한면(가),소형,청년,1,49,3,2
강서구,화곡동,1049-34,126.8376381,37.5416207,1150010300110490034,134.70,59.10,99.53,단독주택,28.6,5,4023000,평지,사다리형,세로각지(가),소형,청년,1,45,3,1
강서구,화곡동,1060-10,126.842628,37.543661,1150010300110600010,176.68,53.03,129.53,단독주택,28.3,7,3983000,평지,가로장방,세로한면(불),소형,신혼부부,1,49,4,0
강서구,화곡동,1088-3,126.835398,37.5376866,1150010300110880003,327.60,42.94,156.32,공동주택,33.1,1,3152000,평지,자루형,세로한면(가),소형,청년,1,48,3,3
강서구,화곡동,1121-18,126.8525811,37.5522965,1150010300111210018,405.00,57.89,111.54,단독주택,28.2,19,4213000,평지,세로장방,세로한면(가),,청년,0,43,3,4
강서구,화곡동,1133-1,126.853666,37.5514896,1150010300111330001,332.60,59.44,142.04,단독주택,28.2,13,3507000,완경사,세로장방,세로한면(가),중형,청년,0,41,3,4
강서구,내발산동,671-24,126.8399429,37.5536798,1150010600106710024,195.40,43.55,84.75,단독주택,33.2,6,3420000,평지,세로장방,세로한면(가),소형,청년,2,50,3,5
강서구,내발산동,671-25,126.8399781,37.5537758,1150010600106710025,250.60,59.71,239.44,공동주택,22.8,12,3420000,평지,세로장방,세로한면(가),소형,청년,2,50,3,5
강서구,내발산동,687-16,126.8328365,37.552293,1150010600106870016,338.70,59.28,160.87,단독주택,29.3,10,3485000,평지,세로장방,세로각지(가),소형,청년,1,43,4,11
강서구,내발산동,695-2,126.8320965,37.5514805,1150010600106950002,136.70,59.58,147.58,단독주택,27.2,4,3439000,평지,세로장방,세로한면(가),소형,청년,1,39,4,12
강서구,내발산동,695-17,126.8325386,37.5510608,1150010600106950017,226.90,58.50,148.09,단독주택,30.5,7,3232000,평지,정방형,세로한면(불),소형,청년,1,39,4,12
강서구,내발산동,703-12,126.837737,37.5523246,1150010600107030012,133.90,59.68,101.04,단독주택,32.3,4,3447000,평지,정방형,세로한면(가),소형,청년,2,44,4,7
강서구,내발산동,710-37,126.8336755,37.5508824,1150010600107100037,265.80,54.03,75.80,단독주택,29.1,6,3429000,평지,사다리형,세로한면(가),소형,청년,1,40,3,11
강서구,내발산동,721-2,126.8345494,37.5488009,1150010600107210002,,,,,,,3295000,평지,자루형,세로한면(가),소형,청년,1,32,3,10
서대문구,대신동,142-1,126.945696,37.5690895,1141011300101420001,269.79,56.65,188.18,공동주택,22.3,11,5260000,완경사,세로장방,중로한면,중형,신혼부부,0,14,0,2
서대문구,연희동,48-58,126.9336357,37.5681575,1141011700100480058,145.00,53.85,127.03,단독주택,31.8,5,4124000,완경사,부정형,세로한면(가),소형,신혼부부,0,39,1,1
서대문구,연희동,69-20,126.9322781,37.5675989,1141011700100690020,288.00,49.94,99.88,단독주택,28.3,10,4968000,평지,사다리형,세로한면(가),소형,청년,0,43,1,1
서대문구,연희동,69-72,126.9323968,37.5675347,1141011700100690072,172.60,59.27,158.22,단독주택,26.5,5,4968000,평지,사다리형,세로한면(가),소형,신혼부부,0,43,1,1
서대문구,연희동,334-70,126.9287746,37.5632492,1141011700103340070,341.20,52.99,140.38,단독주택,27.8,11,4672000,평지,사다리형,세로한면(가),소형,신혼부부,0,52,2,1
서대문구,연희동,353-81,126.9280072,37.5622363,1141011700103530081,345.10,58.42,142.23,단독주택,27.9,15,4867000,평지,가로장방,세로한면(불),소형,신혼부부,1,55,1,4
서대문구,연희동,446-268,126.920188,37.5678591,1141011700104460268,155.70,59.87,169.48,단독주택,30.1,9,3426000,완경사,세로장방,세로한면(가),소형,청년,0,66,2,5
마포구,서교동,345-25,126.9231789,37.554465,1144012000103450025,178.50,59.53,0.00,공동주택,21.7,12,11510000,평지,사다리형,세로한면(불),소형,청년,2,92,2,0
마포구,서교동,461-15,126.9172396,37.5554818,1144012000104610015,166.00,55.80,112.06,단독주택,30.2,7,6225000,평지,가로장방,세로한면(가),소형,청년,4,90,4,2
마포구,서교동,469-26,126.9138599,37.5569868,1144012000104690026,275.00,52.17,102.19,단독주택,30.2,8,10630000,평지,정방형,중로각지,대형,신혼부부,2,82,3,2
마포구,서교동,469-58,126.9135712,37.55705,1144012000104690058,392.40,54.09,136.92,단독주택,30.2,10,6800000,평지,사다리형,세로한면(가),소형,신혼부부,2,83,3,2
마포구,서교동,473-45,126.9121834,37.5571916,1144012000104730045,109.00,54.76,130.82,공동주택,22.5,4,6869000,평지,정방형,세로한면(가),,청년,1,83,3,3
마포구,합정동,448-5,126.9057854,37.5507872,1144012200104480005,,,,,,,7431000,평지,정방형,소로한면,중형,청년,3,50,1,0
마포구,망원동,338-23,126.9069269,37.553292,1144012300103380023,,,,,,,5571000,평지,정방형,세로한면(불),소형,청년,3,76,2,0
마포구,망원동,338-63,126.9068229,37.5529918,1144012300103380063,,,,,,,5793000,평지,정방형,세로한면(가),소형,청년,3,72,2,0
마포구,망원동,380-16,126.9085077,37.5551783,1144012300103800016,,,,,,,6068000,평지,사다리형,세로한면(불),소형,신혼부부,3,80,4,2
마포구,망원동,384-18,126.9088797,37.5536259,1144012300103840018,,,,,,,6195000,평지,가로장방,세로한면(가),소형,신혼부부,3,81,4,2
마포구,망원동,405-42,126.9029487,37.5549967,1144012300104050042,,,,,,,6210000,평지,정방형,세로한면(불),소형,청년,1,65,3,0
마포구,망원동,409-47,126.9023386,37.5551606,1144012300104090047,,,,,,,7496000,평지,가로장방,소로각지,중형,신혼부부,1,63,3,0
마포구,성산동,32-12,126.9117518,37.5596705,1144012500100320012,,,,,,,4118000,완경사,자루형,세로한면(가),소형,신혼부부,1,79,4,6
마포구,성산동,81-12,126.9097612,37.5637795,1144012500100810012,,,,,,,5169000,완경사,사다리형,세로한면(가),소형,신혼부부,1,62,4,4
마포구,성산동,81-123,126.9098759,37.5637383,1144012500100810123,,,,,,,5169000,완경사,사다리형,세로한면(가),소형,청년,1,62,4,4
마포구,성산동,111-2,126.9145412,37.5637353,1144012500101110002,,,,,,,5613000,평지,세로장방,세로한면(가),소형,신혼부부,0,68,3,7
마포구,성산동,258-31,126.907385,37.5604471,1144012500102580031,,,,,,,4870000,평지,자루형,세로한면(가),소형,신혼부부,2,79,6,3
마포구,성산동,586-6,126.9086138,37.562466,1144012500105860006,,,,,,,4905000,완경사,사다리형,세로한면(가),소형,신혼부부,2,61,6,4
마포구,성산동,606-9,126.9163731,37.5660094,1144012500106060009,,,,,,,4863000,평지,사다리형,세로한면(가),소형,신혼부부,0,64,3,6
은평구,녹번동,29-86,126.9310604,37.6059493,1138010200100290086,246.22,59.87,117.94,단독주택,31.4,9,2922000,완경사,세로장방,세로한면(불),소형,신혼부부,4,52,3,0
은평구,녹번동,29-101,126.9314205,37.6053799,1138010200100290101,168.37,58.02,164.57,단독주택,27.2,7,3448000,완경사,사다리형,세로한면(가),소형,신혼부부,4,45,3,0
은평구,녹번동,82-17,126.926449,37.6032775,1138010200100820017,,,,,,,3557000,평지,정방형,세로한면(가),소형,청년,1,65,2,1
은평구,녹번동,105-23,126.9280241,37.6063357,1138010200101050023,147.50,48.73,103.72,단독주택,34.6,4,3468000,평지,사다리형,세로각지(가),소형,청년,3,64,4,0
은평구,불광동,28-3,126.9333081,37.6229996,1138010300100280003,253.64,0.00,119.10,공동주택,33.2,1,2807000,평지,사다리형,세로한면(불),소형,청년,1,26,3,2
은평구,불광동,105-48,126.9292122,37.6232855,1138010300101050048,,,,,,,3750000,완경사,정방형,세로각지(가),,청년,1,29,4,4
은평구,불광동,181-1,126.9329199,37.622946,1138010300101810001,0.00,59.93,0.00,단독주택,27.5,4,2994000,평지,부정형,세로한면(가),소형,신혼부부,1,27,3,2
은평구,불광동,228-15,126.931387,37.6193098,1138010300102280015,96.00,59.77,220.85,단독주택,27.4,5,2719000,급경사,세로장방,세로한면(불),소형,청년,1,35,3,2
은평구,불광동,443-66,126.9260788,37.6250681,1138010300104430066,92.13,59.92,179.81,단독주택,30.9,7,3006000,완경사,가로장방,세로각지(가),소형,청년,0,53,3,5
은평구,불광동,445-402,126.9251474,37.6273508,1138010300104450402,181.51,59.94,109.58,단독주택,32.2,5,2859000,급경사,세로장방,세로각지(가),소형,신혼부부,0,56,5,5
은평구,불광동,446-16,126.9247348,37.6257891,1138010300104460016,205.00,53.27,152.10,단독주택,29.6,9,2833000,급경사,사다리형,세로한면(가),소형,신혼부부,0,62,3,5
은평구,갈현동,227-29,126.9069608,37.6183131,1138010400102270029,149.00,0.00,109.76,단독주택,33.1,5,2836000,완경사,사다리형,세로한면(가),중형,신혼부부,0,36,2,8
은평구,갈현동,266-3,126.9118434,37.6228785,1138010400102660003,468.00,57.74,140.67,단독주택,28.2,9,2734200,완경사,세로장방,세로한면(가),소형,신혼부부,0,47,2,8
은평구,갈현동,269-5,126.9130985,37.6217513,1138010400102690005,,,,,,,3090000,평지,부정형,소로한면,소형,신혼부부,2,60,2,8
은평구,갈현동,392-27,126.9193149,37.624279,1138010400103920027,338.00,59.91,0.00,공동주택,22.0,12,5135000,평지,세로장방,소로한면,중형,청년,2,65,4,7
은평구,갈현동,491-19,126.9137724,37.6138322,1138010400104910019,172.90,59.88,149.34,공동주택,22.0,12,3735000,평지,가로장방,세로한면(가),소형,청년,1,73,5,11
은평구,갈현동,491-24,126.913731,37.6137347,1138010400104910024,165.00,0.00,164.96,단독주택,33.2,3,4471000,평지,가로장방,소로각지,중형,청년,1,72,5,11
은평구,갈현동,504-33,126.9147355,37.6177659,1138010400105040033,158.00,48.54,216.17,공동주택,34.4,5,2833000,평지,사다리형,세로한면(불),소형,청년,3,69,5,11
은평구,갈현동,522-6,126.9109382,37.6180266,1138010400105220006,0.00,59.96,240.89,공동주택,22.4,4,3687000,완경사,세로장방,소로각지,중형,청년,0,56,3,8
은평구,갈현동,523-48,126.9114421,37.6188584,1138010400105230048,,,,,,,2418000,완경사,사다리형,세로한면(가),소형,신혼부부,0,58,3,8
은평구,구산동,147-25,126.9083256,37.6127849,1138010500101470025,122.80,60.42,0.00,단독주택,31.3,5,3160000,완경사,정방형,세로한면(가),소형,청년,0,49,3,9
은평구,구산동,178-20,126.9081021,37.6082591,1138010500101780020,169.00,59.80,97.08,공동주택,21.6,1,2857000,평지,정방형,세로한면(불),소형,신혼부부,0,58,3,7
은평구,구산동,308-83,126.903544,37.6165914,1138010500103080083,189.00,0.00,152.35,단독주택,33.7,5,2663000,급경사,가로장방,세로한면(가),,청년,0,20,2,5
은평구,대조동,197-11,126.9204313,37.6172368,1138010600101970011,208.50,0.00,148.18,단독주택,34.2,5,5963000,평지,정방형,세로한면(가),소형,신혼부부,3,71,4,3
은평구,대조동,216-7,126.9198427,37.6149917,1138010600102160007,0.00,0.00,113.82,단독주택,33.5,4,3611000,평지,사다리형,세로한면(가),소형,신혼부부,3,69,4,5
은평구,역촌동,6-8,126.9180361,37.6094052,1138010800100060008,152.93,59.22,127.37,단독주택,31.7,6,3664000,평지,세로장방,세로한면(가),소형,신혼부부,2,68,3,6
은평구,역촌동,10-8,126.9174027,37.6065753,1138010800100100008,,,,,,,3340000,평지,세로장방,세로각지(가),소형,신혼부부,2,71,4,4
은평구,역촌동,25-71,126.9190171,37.6057669,1138010800100250071,,,,,,,3326000,평지,부정형,세로각지(가),소형,신혼부부,2,75,3,4
은평구,역촌동,41-56,126.9203085,37.6020243,1138010800100410056,380.20,100.00,340.94,공동주택,28.9,11,4078000,평지,정방형,세로한면(가),소형,신혼부부,2,71,3,2
은평구,역촌동,56-32,126.9113872,37.6053995,1138010800100560032,175.20,58.16,162.87,단독주택,29.1,8,4798000,평지,사다리형,중로각지,,청년,0,62,3,7
은평구,역촌동,56-36,126.9115747,37.6052788,1138010800100560036,0.00,0.00,0.00,단독주택,31.0,8,2911000,평지,정방형,세로한면(불),소형,청년,0,64,3,7
은평구,역촌동,56-37,126.9117228,37.6052888,1138010800100560037,131.85,56.27,149.34,단독주택,28.0,11,2911000,평지,정방형,세로한면(불),소형,신혼부부,0,65,3,7
은평구,역촌동,65-19,126.9137012,37.6033252,1138010800100650019,184.50,57.56,141.32,공동주택,21.7,16,3646000,평지,세로장방,세로한면(가),,청년,1,75,2,1
은평구,역촌동,77-43,126.9077787,37.6016416,1138010800100770043,130.37,59.42,152.62,단독주택,32.6,4,2997000,완경사,사다리형,세로한면(가),소형,청년,1,60,2,1
은평구,역촌동,80-33,126.9119435,37.6017962,1138010800100800033,,,,,,,3001000,평지,자루형,세로한면(가),소형,청년,1,79,2,2
은평구,역촌동,81-59,126.913015,37.6020233,1138010800100810059,165.60,58.81,170.79,단독주택,31.1,7,3631000,평지,사다리형,세로한면(가),소형,청년,1,80,2,2
은평구,역촌동,84-10,126.9145684,37.6007984,1138010800100840010,195.86,0.00,121.79,단독주택,30.5,7,3147000,평지,가로장방,세로한면(불),소형,청년,1,84,2,1
은평구,신사동,13-9,126.9080876,37.6006005,1138010900100130009,0.00,59.71,0.00,단독주택,27.7,11,3827000,평지,세로장방,세로한면(가),중형,청년,1,57,2,1
은평구,신사동,28-21,126.9123974,37.5970969,1138010900100280021,205.50,57.56,163.59,단독주택,32.5,8,3357000,평지,세로장방,세로한면(가),소형,신혼부부,2,81,5,1
은평구,신사동,30-27,126.9108152,37.5959676,1138010900100300027,172.00,53.82,166.02,단독주택,33.4,7,3530000,평지,세로장방,세로한면(가),소형,청년,2,79,5,2
은평구,신사동,31-4,126.9118449,37.5956516,1138010900100310004,238.00,56.56,156.45,단독주택,29.8,7,3940000,평지,정방형,세로한면(가),소형,청년,2,81,5,1
은평구,신사동,31-25,126.9118727,37.5957585,1138010900100310025,0.00,59.71,0.00,단독주택,31.1,7,3940000,평지,정방형,세로한면(가),소형,신혼부부,2,82,5,1
은평구,신사동,32-26,126.9126233,37.595284,1138010900100320026,,,,,,,3250000,평지,가로장방,세로한면(불),소형,신혼부부,2,81,5,1
은평구,신사동,201-9,126.9077613,37.594748,1138010900102010009,,,,,,,2889000,급경사,사다리형,세로한면(가),소형,청년,1,58,3,3
은평구,신사동,337-31,126.9128627,37.5909583,1138010900103370031,,,,,,,3727000,평지,가로장방,세로각지(가),소형,신혼부부,2,75,2,2
은평구,증산동,192-42,126.9089474,37.5869061,1138011000101920042,,,,,,,3500000,완경사,세로장방,세로각지(가),소형,청년,2,60,3,3
서대문구,홍제동,334-40,126.9372157,37.5880275,1141011100103340040,,,,,,,3323000,완경사,정방형,세로한면(가),소형,청년,1,59,2,3
서대문구,연희동,1-5,126.9386691,37.5834656,1141011700100010005,,,,,,,3766000,평지,사다리형,중로한면,대형,청년,1,66,2,3
서대문구,연희동,170-130,126.9330178,37.5778781,1141011700101700130,,,,,,,3638000,평지,세로장방,세로한면(가),소형,신혼부부,0,56,2,1
서대문구,홍은동,191-87,126.9327798,37.5937066,1141011800101910087,,,,,,,2318000,완경사,정방형,세로한면(불),소형,신혼부부,0,38,1,2
서대문구,홍은동,366-11,126.925824,37.583098,1141011800103660011,,,,,,,3238000,평지,사다리형,세로한면(불),소형,신혼부부,0,71,4,6
서대문구,남가좌동,331-1,126.923927,37.5748968,1141012000103310001,,,,,,,4418000,평지,세로장방,세로한면(가),소형,신혼부부,0,55,2,2
서대문구,남가좌동,342-24,126.9243088,37.578287,1141012000103420024,,,,,,,3863000,평지,가로장방,세로한면(가),소형,신혼부부,0,73,5,5
노원구,상계동,1376-20,127.0801902,37.6724325,1135010500113760020,140.00,59.01,169.52,단독주택,31.0,6,2607000,급경사,사다리형,세로한면(불),소형,신혼부부,1,14,2,0
노원구,상계동,134-34,127.0694827,37.6673906,1135010500101340034,0.00,0.00,0.00,단독주택,33.4,4,2936000,완경사,정방형,세로한면(가),소형,신혼부부,0,43,4,3
노원구,상계동,135-9,127.0698969,37.6667301,1135010500101350009,,,,,,,3330000,평지,사다리형,소로한면,중형,신혼부부,1,45,4,3
노원구,상계동,138-164,127.0733704,37.6649569,1135010500101380164,149.00,59.52,186.51,단독주택,28.3,7,3624000,평지,가로장방,중로한면,중형,신혼부부,2,44,5,3
노원구,상계동,156-14,127.0725188,37.662908,1135010500101560014,149.00,55.11,174.49,단독주택,23.2,3,2859000,평지,정방형,세로한면(불),소형,신혼부부,1,52,5,5
노원구,상계동,165-2,127.0694549,37.6632721,1135010500101650002,75.80,56.31,158.09,단독주택,28.9,5,2882000,평지,사다리형,세로한면(가),소형,신혼부부,1,65,7,4
노원구,상계동,169-353,127.0700536,37.663075,1135010500101690353,167.69,100.00,94.85,단독주택,29.9,5,3087000,평지,세로장방,세로한면(가),소형,신혼부부,1,64,7,5
노원구,상계동,357-10,127.0632038,37.6573716,1135010500103570010,65.35,51.38,183.23,단독주택,27.1,19,5621000,평지,사다리형,세로한면(가),중형,신혼부부,2,60,5,4
노원구,상계동,387-24,127.0704254,37.657908,1135010500103870024,400.00,59.99,123.46,단독주택,31.6,5,3089000,평지,정방형,세로한면(불),소형,신혼부부,2,64,4,5
노원구,상계동,387-32,127.0705707,37.6579134,1135010500103870032,81.10,59.94,118.99,단독주택,32.1,5,3243000,평지,정방형,세로한면(불),소형,청년,2,62,4,5
노원구,상계동,456-64,127.0664024,37.6634597,1135010500104560064,79.44,59.96,114.49,단독주택,27.0,7,3167000,평지,세로장방,세로한면(가),소형,신혼부부,2,73,6,4
노원구,상계동,456-83,127.0667487,37.6638889,1135010500104560083,182.00,58.52,168.26,단독주택,30.0,7,3325000,평지,세로장방,세로각지(가),소형,신혼부부,1,69,6,4
노원구,상계동,456-87,127.0668451,37.6635859,1135010500104560087,207.00,59.83,147.04,단독주택,29.0,10,3202000,평지,세로장방,소로한면,중형,신혼부부,1,73,6,4
노원구,상계동,456-103,127.0665383,37.6626896,1135010500104560103,184.00,59.78,147.82,단독주택,30.6,7,3167000,평지,세로장방,세로한면(가),소형,신혼부부,2,76,5,4
노원구,상계동,456-150,127.066902,37.6650712,1135010500104560150,189.00,59.78,157.43,단독주택,27.5,7,3105000,평지,세로장방,세로한면(가),소형,신혼부부,1,61,6,4
노원구,상계동,456-151,127.0668851,37.6649678,1135010500104560151,181.00,59.88,185.52,단독주택,28.4,7,3105000,평지,세로장방,세로한면(가),소형,신혼부부,1,62,6,4
노원구,중계동,75-14,127.0839891,37.6495721,1135010600100750014,181.00,53.95,165.09,단독주택,28.3,7,2716000,평지,사다리형,세로각지(가),소형,신혼부부,0,22,2,3
노원구,중계동,90-65,127.0840359,37.6502723,1135010600100900065,177.77,52.60,160.04,단독주택,32.7,7,2563000,평지,사다리형,세로한면(가),소형,신혼부부,0,23,2,3
도봉구,쌍문동,708-29,127.0400407,37.6609833,1132010500107080029,158.70,59.65,119.31,단독주택,28.3,5,3022000,평지,세로장방,소로한면,중형,청년,0,67,5,2
도봉구,쌍문동,712-22,127.0385852,37.6597893,1132010500107120022,152.20,47.59,93.31,단독주택,33.1,4,2706000,평지,세로장방,세로한면(가),소형,청년,0,58,5,1
도봉구,방학동,601-9,127.0363746,37.6697334,1132010600106010009,121.45,59.11,110.51,단독주택,30.4,5,2065000,평지,세로장방,세로한면(불),소형,청년,0,47,3,1
도봉구,방학동,605-18,127.0326567,37.6688037,1132010600106050018,214.20,59.92,200.95,공동주택,22.1,12,2330000,평지,부정형,세로각지(가),소형,신혼부부,0,38,3,2
도봉구,방학동,605-21,127.0324303,37.6687349,1132010600106050021,174.90,59.90,172.61,단독주택,30.4,7,2383000,평지,정방형,세로한면(가),소형,청년,0,39,3,2
도봉구,방학동,610-23,127.030556,37.6677183,1132010600106100023,138.80,59.99,120.10,단독주택,29.3,5,2307000,평지,정방형,세로각지(가),소형,청년,0,38,2,2
도봉구,방학동,623-17,127.0380478,37.669865,1132010600106230017,340.00,59.20,136.66,공동주택,30.8,15,2985000,평지,세로장방,세로한면(가),소형,청년,0,57,1,1
도봉구,방학동,623-24,127.0382382,37.6698218,1132010600106230024,134.10,59.85,187.79,단독주택,27.9,5,2985000,평지,정방형,세로한면(가),소형,청년,0,58,1,1
도봉구,방학동,627-6,127.0368357,37.6688219,1132010600106270006,123.90,58.55,169.27,단독주택,29.7,7,2676000,평지,세로장방,세로한면(가),소형,청년,0,48,3,1
도봉구,방학동,629-14,127.0348021,37.6673129,1132010600106290014,207.00,50.75,125.07,단독주택,28.2,7,2377000,평지,자루형,세로한면(가),소형,청년,0,47,3,2
도봉구,방학동,630-37,127.0334262,37.6660216,1132010600106300037,145.80,59.75,168.81,단독주택,29.8,7,3164000,평지,세로장방,세로한면(가),소형,유지,0,49,2,2
도봉구,방학동,632-73,127.0347523,37.6653023,1132010600106320073,165.30,59.23,118.47,단독주택,31.3,5,2804000,평지,가로장방,세로한면(가),소형,청년,0,56,2,2
도봉구,방학동,640-43,127.0377958,37.6686048,1132010600106400043,146.90,59.95,158.15,단독주택,31.1,7,2925000,평지,세로장방,세로한면(가),소형,유지,0,57,2,2
도봉구,방학동,643-26,127.0391578,37.6683277,1132010600106430026,206.00,55.31,150.12,단독주택,28.4,7,3312000,평지,사다리형,소로각지,중형,청년,0,63,2,2
도봉구,방학동,658-1,127.0392918,37.6676659,1132010600106580001,111.30,59.78,104.27,단독주택,30.1,5,3349000,평지,사다리형,소로한면,중형,청년,0,64,2,2
도봉구,방학동,660-28,127.0373559,37.6663344,1132010600106600028,120.00,52.95,140.33,단독주택,31.3,7,2573000,평지,자루형,소로한면,소형,청년,0,58,3,2
도봉구,방학동,681-34,127.0412046,37.663956,1132010600106810034,135.25,57.40,132.79,단독주택,28.7,5,2820000,평지,사다리형,세로한면(가),소형,청년,0,66,3,2
도봉구,방학동,685-50,127.0405251,37.6653498,1132010600106850050,88.80,57.32,106.55,단독주택,34.3,4,2610000,평지,정방형,세로한면(불),소형,청년,0,68,4,3
도봉구,방학동,686-12,127.0398001,37.6650515,1132010600106860012,213.80,54.88,101.44,단독주택,28.0,8,2763000,평지,자루형,세로한면(가),소형,청년,0,67,3,2
도봉구,방학동,690-20,127.0379874,37.6641,1132010600106900020,163.60,59.97,154.01,단독주택,29.9,7,2944000,평지,정방형,세로한면(가),소형,청년,0,69,2,1
도봉구,방학동,693-5,127.0352469,37.6638445,1132010600106930005,137.02,59.94,162.41,단독주택,30.7,8,2725000,평지,사다리형,세로각지(가),소형,청년,0,69,2,2
도봉구,방학동,693-15,127.0352817,37.6634889,1132010600106930015,120.70,59.66,190.58,단독주택,27.5,7,2725000,평지,정방형,세로한면(가),소형,청년,0,72,3,3
도봉구,방학동,693-19,127.0354661,37.6637205,1132010600106930019,125.90,59.82,118.69,단독주택,28.3,3,2725000,평지,세로장방,세로한면(가),소형,청년,0,70,3,2
도봉구,방학동,700-11,127.0378364,37.6657071,1132010600107000011,104.02,59.92,116.07,단독주택,28.9,5,2903000,평지,세로장방,세로한면(가),소형,청년,0,60,3,1
도봉구,방학동,700-63,127.0377034,37.6654225,1132010600107000063,110.50,59.78,97.43,단독주택,34.4,4,2612000,평지,세로장방,세로한면(불),소형,청년,0,61,3,2
도봉구,도봉동,558-9,127.0441822,37.6862954,1132010800105580009,172.70,56.58,174.66,공동주택,21.5,6,2305000,평지,세로장방,세로한면(불),소형,신혼부부,1,34,1,2
도봉구,도봉동,564-13,127.0445541,37.6821907,1132010800105640013,222.70,59.37,108.08,단독주택,28.1,5,2420000,평지,사다리형,세로한면(가),소형,청년,1,53,2,2
도봉구,도봉동,570-21,127.0443614,37.6855056,1132010800105700021,205.58,59.98,174.85,단독주택,31.6,11,2669000,평지,세로장방,세로한면(가),소형,청년,1,41,1,2
도봉구,도봉동,574-26,127.0433952,37.6849357,1132010800105740026,140.00,59.41,110.86,단독주택,33.1,5,2445000,평지,사다리형,세로각지(가),소형,청년,1,41,2,2
도봉구,도봉동,602-39,127.0435252,37.6746295,1132010800106020039,172.73,59.78,157.11,단독주택,28.7,7,2728000,평지,세로장방,세로한면(가),소형,신혼부부,0,60,2,2
도봉구,도봉동,604-30,127.0425151,37.6739449,1132010800106040030,200.10,57.32,154.39,단독주택,26.8,7,2504000,평지,사다리형,세로한면(가),소형,청년,0,59,2,1
도봉구,도봉동,605-2,127.04144,37.6733033,1132010800106050002,129.22,56.53,101.08,단독주택,30.0,5,2728000,평지,사다리형,소로한면,중형,청년,0,55,2,1
도봉구,도봉동,608-9,127.0407136,37.6725096,1132010800106080009,146.54,58.89,111.85,단독주택,30.6,5,2851000,평지,정방형,세로한면(가),소형,청년,0,59,1,1
도봉구,도봉동,613-7,127.041299,37.6716817,1132010800106130007,158.90,50.70,99.80,단독주택,34.4,5,2814000,평지,세로장방,세로한면(가),소형,청년,0,60,1,1
도봉구,도봉동,615-47,127.0421857,37.6724985,1132010800106150047,269.70,59.71,189.36,공동주택,21.5,6,2851000,평지,정방형,세로한면(가),소형,청년,0,62,1,1
도봉구,도봉동,616-6,127.0431638,37.6731922,1132010800106160006,259.20,33.10,63.49,단독주택,28.6,5,2297000,평지,자루형,세로한면(가),,청년,0,60,1,1
도봉구,도봉동,616-7,127.0432441,37.6733684,1132010800106160007,165.15,59.89,172.97,단독주택,28.3,6,2297000,평지,자루형,세로한면(가),소형,청년,0,59,1,1
도봉구,도봉동,622-23,127.0448415,37.6702608,1132010800106220023,177.36,55.80,115.68,단독주택,29.4,7,3070000,평지,가로장방,세로한면(가),소형,청년,0,60,3,2
도봉구,도봉동,623-160,127.0459,37.6717492,1132010800106230160,127.60,59.58,119.17,단독주택,28.0,5,2260000,평지,정방형,세로한면(불),소형,신혼부부,0,61,2,2
노원구,상계동,1054-37,127.0515795,37.6727137,1135010500110540037,,,,,,,2865000,평지,사다리형,세로한면(가),소형,신혼부부,1,64,3,4
노원구,상계동,1086-5,127.0502211,37.6741036,1135010500110860005,0.00,59.97,166.56,단독주택,25.6,7,3058000,평지,가로장방,세로한면(가),소형,신혼부부,1,67,3,2
노원구,상계동,1086-7,127.0507675,37.6740591,1135010500110860007,216.68,59.66,173.58,단독주택,27.3,7,2969000,평지,사다리형,세로한면(가),소형,신혼부부,1,69,3,2
노원구,상계동,1086-19,127.0501961,37.6738189,1135010500110860019,163.90,56.35,152.15,단독주택,27.5,5,3058000,평지,가로장방,세로한면(가),소형,신혼부부,1,71,3,2
노원구,상계동,1086-22,127.0507085,37.6737508,1135010500110860022,197.00,59.90,117.86,단독주택,28.5,5,2969000,평지,사다리형,세로한면(가),소형,신혼부부,1,66,3,3
노원구,상계동,1105-26,127.0524733,37.6755194,1135010500111050026,143.75,59.76,193.17,공동주택,20.3,8,3207000,평지,세로장방,소로각지,중형,신혼부부,1,62,3,3
노원구,상계동,1105-27,127.0524691,37.6753904,1135010500111050027,,,,,,,3110000,평지,사다리형,소로각지,중형,신혼부부,1,63,3,3
강북구,미아동,129-39,127.0304407,37.6229882,1130510100101290039,95.92,59.94,114.42,단독주택,30.5,5,3626000,평지,정방형,세로각지(가),소형,청년,1,72,2,4
강북구,미아동,791-3224,127.0133258,37.6267713,1130510100107913224,136.95,57.77,104.04,단독주택,31.9,4,2795000,완경사,사다리형,소로각지,중형,신혼부부,0,64,4,5
강북구,수유동,125-10,127.0188729,37.6361884,1130510300101250010,170.90,59.87,116.74,단독주택,27.2,5,3280000,평지,세로장방,소로한면,중형,청년,1,89,3,1
강북구,수유동,166-9,127.0279371,37.6440715,1130510300101660009,170.90,57.17,110.02,단독주택,32.3,6,2830000,평지,정방형,세로한면(가),소형,청년,1,78,2,2
강북구,수유동,166-13,127.0277803,37.6441799,1130510300101660013,105.24,55.95,94.33,단독주택,31.7,4,2830000,평지,세로장방,세로한면(가),소형,청년,1,79,2,2
강북구,수유동,175-45,127.0266344,37.6419459,1130510300101750045,170.50,59.15,149.28,단독주택,29.0,8,3259000,평지,정방형,세로각지(가),소형,청년,1,70,2,1
강북구,수유동,270-70,127.0177111,37.6477807,1130510300102700070,172.20,51.85,142.43,단독주택,31.2,7,2739000,평지,사다리형,세로각지(가),소형,신혼부부,0,70,2,3
강북구,수유동,291-14,127.0121911,37.6462661,1130510300102910014,245.00,59.52,158.29,단독주택,27.4,7,2745000,평지,가로장방,세로한면(가),소형,청년,0,42,2,1
강북구,수유동,313-43,127.0153536,37.6442826,1130510300103130043,251.00,50.70,114.28,단독주택,29.1,7,3118000,평지,사다리형,세로각지(가),소형,청년,0,57,2,1
강북구,수유동,335-6,127.0172375,37.6431126,1130510300103350006,179.00,59.99,159.81,단독주택,22.0,6,2485000,평지,자루형,세로한면(가),,청년,0,54,2,2
강북구,수유동,363-6,127.0140738,37.6412726,1130510300103630006,276.00,59.92,172.58,단독주택,31.0,12,2959000,평지,사다리형,세로한면(가),소형,신혼부부,0,68,2,1
강북구,수유동,391-339,127.0145662,37.6395935,1130510300103910339,181.00,54.54,132.02,단독주택,30.8,6,2655000,평지,사다리형,세로한면(가),소형,청년,0,74,2,1
강북구,수유동,475-124,127.0151104,37.6293113,1130510300104750124,145.00,53.13,100.70,단독주택,30.2,5,2653000,평지,사다리형,세로한면(가),,신혼부부,0,74,3,5
강북구,수유동,527-49,127.0104897,37.640707,1130510300105270049,231.00,58.82,176.45,단독주택,27.2,8,1906000,완경사,정방형,세로한면(불),소형,유지,0,60,2,1
강북구,수유동,536-27,127.0085452,37.6445727,1130510300105360027,169.00,58.22,174.67,단독주택,29.2,7,2601000,평지,사다리형,소로한면,중형,신혼부부,0,44,1,1
강북구,수유동,540-46,127.0085263,37.6433221,1130510300105400046,200.00,59.30,191.40,공동주택,22.8,4,2201000,평지,가로장방,세로한면(가),소형,청년,0,56,2,1
강북구,수유동,542-3,127.009885,37.6446549,1130510300105420003,174.16,59.94,173.53,단독주택,28.3,7,2444000,평지,사다리형,세로한면(가),,청년,0,49,2,1
강북구,수유동,567-20,127.0094674,37.6467696,1130510300105670020,161.17,49.75,99.50,단독주택,34.5,5,2822000,평지,정방형,세로각지(가),소형,청년,0,35,2,1
강북구,수유동,567-27,127.0098456,37.6467205,1130510300105670027,197.80,47.68,60.46,단독주택,29.0,3,2688000,평지,세로장방,세로한면(가),소형,청년,0,37,2,1
강북구,수유동,567-42,127.009902,37.6465894,1130510300105670042,213.00,66.59,244.73,공동주택,29.4,15,2365000,평지,자루형,세로한면(가),소형,청년,0,38,2,1
도봉구,쌍문동,75-52,127.0364722,37.6537631,1132010500100750052,176.00,52.06,149.91,단독주택,30.3,7,2435000,평지,자루형,세로한면(가),소형,청년,1,57,4,6
도봉구,쌍문동,81-164,127.0352434,37.6534993,1132010500100810164,165.00,59.96,145.26,단독주택,31.4,6,2814000,평지,가로장방,세로한면(가),소형,청년,1,57,4,6
도봉구,쌍문동,123-73,127.0309565,37.6472995,1132010500101230073,116.00,58.39,100.50,단독주택,30.1,5,2874000,평지,가로장방,세로한면(가),소형,청년,1,67,3,5
도봉구,쌍문동,137-226,127.0297465,37.6512229,1132010500101370226,175.00,59.95,103.16,단독주택,32.0,5,2993000,평지,세로장방,소로한면,중형,청년,1,70,5,7
도봉구,쌍문동,286-22,127.0240256,37.6508395,1132010500102860022,153.73,45.20,85.24,단독주택,33.4,6,2829000,평지,정방형,세로각지(가),소형,청년,0,57,4,8
도봉구,쌍문동,291-2,127.0247711,37.6502615,1132010500102910002,171.00,59.69,189.19,공동주택,21.1,6,2216000,평지,세로장방,세로한면(불),소형,청년,0,58,4,9
도봉구,쌍문동,315-181,127.0291242,37.6490309,1132010500103150181,116.00,56.38,98.28,단독주택,34.1,3,2814000,평지,세로장방,세로각지(가),소형,청년,1,64,3,4
도봉구,쌍문동,357-35,127.0258482,37.6491416,1132010500103570035,130.00,59.58,117.86,단독주택,33.1,5,2408000,평지,사다리형,세로한면(가),소형,청년,1,64,3,6
도봉구,쌍문동,361-17,127.0233993,37.6491847,1132010500103610017,,,,,,,2657000,평지,세로장방,세로한면(가),소형,청년,0,58,2,3
도봉구,쌍문동,414-45,127.0207618,37.6493039,1132010500104140045,132.53,59.84,99.52,단독주택,32.3,5,2050000,평지,사다리형,세로한면(가),소형,청년,0,63,3,3
도봉구,쌍문동,423-49,127.0134861,37.6508962,1132010500104230049,316.25,58.26,146.95,단독주택,27.9,18,2957000,평지,가로장방,세로한면(가),소형,청년,0,39,1,3
도봉구,쌍문동,460-23,127.0236999,37.6522262,1132010500104600023,126.33,59.86,174.61,단독주택,30.2,6,2203000,완경사,세로장방,세로각지(가),소형,청년,0,61,5,7
도봉구,쌍문동,460-129,127.0235077,37.6518781,1132010500104600129,185.00,58.64,160.05,단독주택,27.8,10,2370000,평지,사다리형,소로각지,중형,청년,0,60,4,6
도봉구,쌍문동,460-175,127.0216028,37.653091,1132010500104600175,169.00,59.94,116.83,단독주택,30.6,5,1944000,완경사,사다리형,세로한면(가),소형,청년,0,64,5,5
노원구,상계동,456-83,127.0667487,37.6638889,1135010500104560083,182.00,58.52,168.26,단독주택,30.0,7,3325000,평지,세로장방,세로각지(가),소형,신혼부부,1,69,6,4
성북구,장위동,233-281,127.0449449,37.6135102,1129013800102330281,152.00,59.51,172.42,단독주택,28.1,6,3151000,평지,정방형,세로한면(가),소형,신혼부부,0,80,4,2
성북구,석관동,340-280,127.0527309,37.6059952,1129013900103400280,0.00,0.00,0.00,단독주택,33.1,5,2897000,완경사,사다리형,세로각지(가),소형,신혼부부,2,34,3,1
노원구,월계동,534-57,127.0543871,37.6239981,1135010200105340057,0.00,0.00,0.00,단독주택,33.8,11,2570000,완경사,정방형,세로각지(가),소형,청년,0,73,6,5
노원구,월계동,534-78,127.0534567,37.6241687,1135010200105340078,,,,,,,2618000,평지,정방형,세로한면(가),소형,청년,0,77,6,9
성북구,정릉동,254-85,127.0100565,37.6140691,1129013300102540085,157.13,57.62,164.49,단독주택,21.3,7,2441000,완경사,사다리형,세로한면(불),소형,청년,0,76,3,3
성북구,정릉동,254-93,127.0099169,37.6142465,1129013300102540093,0.00,0.00,0.00,단독주택,32.1,3,2441000,완경사,사다리형,세로한면(불),소형,신혼부부,0,74,3,3
성북구,정릉동,266-55,127.0115777,37.6127289,1129013300102660055,,,,,,,3287000,평지,사다리형,소로각지,,청년,0,70,3,3
성북구,정릉동,266-335,127.012355,37.6108647,1129013300102660335,440.00,0.00,194.41,단독주택,36.1,6,2560000,완경사,세로장방,세로한면(불),소형,청년,0,70,4,4
성북구,정릉동,266-338,127.0121421,37.6110941,1129013300102660338,0.00,55.09,0.00,단독주택,29.1,8,2869000,완경사,사다리형,세로한면(가),소형,청년,0,68,3,3
성북구,정릉동,409-1,127.0110614,37.6082445,1129013300104090001,,,,,,,2421000,완경사,사다리형,세로한면(불),소형,유지,0,83,4,3
성북구,정릉동,788-11,127.0009491,37.6179323,1129013300107880011,304.27,57.82,157.73,단독주택,28.0,12,2230000,완경사,사다리형,세로한면(가),소형,청년,0,33,2,0
성북구,정릉동,822-14,126.9982114,37.6189107,1129013300108220014,,,,,,,2241000,완경사,사다리형,세로한면(가),소형,신혼부부,0,16,2,0
광진구,자양동,635-9,127.0809416,37.53212,1121510500106350009,,,,,,,5878000,평지,세로장방,세로한면(가),,청년,1,38,5,3
동대문구,전농동,55-12,127.0591886,37.5796106,1123010400100550012,,,,,,,3749000,평지,부정형,세로각지(가),소형,청년,0,32,5,6
동대문구,장안동,404-14,127.0627203,37.5646876,1123010600104040014,,,,,,,4681000,평지,세로장방,소로한면,중형,신혼부부,1,35,3,1
동대문구,휘경동,286-139,127.0615646,37.5875495,1123010900102860139,,,,,,,4653000,평지,정방형,세로각지(가),소형,청년,0,33,3,7
동대문구,이문동,63-10,127.069321,37.6002086,1123011000100630010,,,,,,,3667000,평지,자루형,소로한면,,청년,0,39,1,0
중랑구,면목동,42-37,127.0956423,37.5890136,1126010100100420037,,,,,,,3617000,평지,세로장방,소로한면,중형,청년,1,53,2,5
중랑구,면목동,43-44,127.0944614,37.5882946,1126010100100430044,,,,,,,3178000,평지,가로장방,세로한면(가),소형,청년,1,57,3,5
중랑구,면목동,113-63,127.0899648,37.585636,1126010100101130063,,,,,,,3204000,평지,가로장방,세로한면(가),소형,청년,2,63,2,3
중랑구,면목동,144-14,127.0804384,37.5901748,1126010100101440014,,,,,,,3136000,평지,가로장방,세로한면(불),소형,청년,1,64,4,0
중랑구,면목동,177-24,127.0777676,37.5873258,1126010100101770024,,,,,,,3333000,평지,세로장방,세로한면(가),소형,청년,0,56,3,3
중랑구,면목동,177-35,127.077194,37.5874551,1126010100101770035,,,,,,,3210000,평지,세로장방,세로한면(가),소형,청년,0,55,3,3
중랑구,면목동,191-115,127.0745664,37.5902298,1126010100101910115,,,,,,,3310000,평지,정방형,세로한면(가),소형,청년,0,53,3,3
중랑구,면목동,379-17,127.0844361,37.5744872,1126010100103790017,,,,,,,4146000,평지,세로장방,소로각지,중형,청년,2,48,2,1
중랑구,면목동,436-26,127.0924271,37.583373,1126010100104360026,68.32,67.93,160.41,단독주택,31.4,4,3476000,평지,세로장방,세로한면(가),소형,청년,2,53,2,3
중랑구,상봉동,124-43,127.0818302,37.5925408,1126010200101240043,85.48,56.72,113.43,단독주택,34.3,4,3483000,평지,정방형,세로한면(가),소형,신혼부부,2,60,4,0
중랑구,상봉동,124-56,127.0816078,37.5923911,1126010200101240056,225.00,53.07,152.27,단독주택,23.1,6,3742000,평지,세로장방,세로각지(가),소형,유지,2,58,4,0
중랑구,중화동,10-17,127.085828,37.6022491,1126010300100100017,452.47,56.89,94.83,단독주택,30.3,13,3322000,평지,사다리형,세로한면(가),소형,청년,2,46,5,6
중랑구,중화동,34-4,127.0819428,37.6036951,1126010300100340004,129.00,44.70,89.40,단독주택,33.4,4,3029000,평지,사다리형,세로한면(가),중형,청년,1,47,4,4
중랑구,중화동,110-69,127.082095,37.6007667,1126010300101100069,150.00,49.72,97.77,단독주택,33.6,6,3558000,평지,사다리형,세로한면(가),소형,청년,2,50,3,4
중랑구,중화동,135-21,127.084639,37.6007422,1126010300101350021,116.70,59.77,111.83,단독주택,31.5,5,3494000,평지,사다리형,세로한면(가),소형,청년,2,49,3,5
중랑구,중화동,158-54,127.0842024,37.59951,1126010300101580054,135.20,51.09,115.20,단독주택,36.2,6,3435000,평지,세로장방,세로한면(가),소형,청년,2,49,3,4
중랑구,중화동,286-15,127.0806375,37.6019728,1126010300102860015,159.00,55.04,144.87,단독주택,30.4,5,3771000,평지,정방형,세로한면(불),소형,청년,2,49,4,3
중랑구,중화동,332-51,127.0745734,37.6045838,1126010300103320051,103.00,59.18,110.10,단독주택,30.2,5,3857000,평지,세로장방,세로각지(가),소형,청년,2,48,4,3
중랑구,망우동,153-22,127.1030302,37.5975013,1126010500101530022,136.20,59.88,94.99,단독주택,32.0,5,3094000,평지,세로장방,세로각지(가),소형,신혼부부,0,45,4,5
중랑구,망우동,184-8,127.1034199,37.5994898,1126010500101840008,105.40,59.89,117.68,단독주택,30.9,5,4272000,평지,세로장방,중로한면,중형,신혼부부,0,53,4,5
중랑구,망우동,419-28,127.1019936,37.5914592,1126010500104190028,250.20,34.50,63.40,단독주택,34.5,4,3379000,평지,사다리형,세로각지(가),소형,청년,0,32,2,3
중랑구,망우동,431-34,127.1016059,37.5906212,1126010500104310034,125.30,54.88,124.62,단독주택,34.0,6,2988000,평지,정방형,세로한면(가),소형,청년,0,37,2,4
중랑구,망우동,460-12,127.0973514,37.5946905,1126010500104600012,171.60,55.03,150.77,단독주택,31.3,8,3007000,평지,자루형,세로한면(가),소형,청년,0,58,3,3
중랑구,망우동,464-43,127.0989091,37.5969806,1126010500104640043,121.00,53.55,107.11,단독주택,33.7,5,2986000,평지,사다리형,세로한면(가),소형,청년,0,52,4,3
중랑구,망우동,493-10,127.0972561,37.5967613,1126010500104930010,175.24,59.35,178.06,단독주택,29.8,7,3835000,평지,정방형,소로각지,중형,청년,0,55,4,3
중랑구,망우동,509-25,127.0958187,37.595968,1126010500105090025,105.40,59.28,125.96,단독주택,31.2,5,3463000,평지,정방형,소로한면,중형,청년,0,56,4,4
중랑구,망우동,521-18,127.0947648,37.5927238,1126010500105210018,720.00,52.69,174.33,연립주택,29.1,5,3440000,평지,사다리형,세로각지(가),소형,청년,1,68,3,2
중랑구,망우동,523-41,127.0938365,37.5914561,1126010500105230041,166.00,58.55,193.63,공동주택,21.8,9,3417000,평지,정방형,세로한면(가),소형,청년,1,64,2,3
중랑구,신내동,441-2,127.0994753,37.6035368,1126010600104410002,162.52,59.54,153.94,단독주택,30.6,7,3337000,평지,사다리형,세로한면(가),,청년,0,64,5,8
노원구,공릉동,415-69,127.0786435,37.6241897,1135010300104150069,347.00,51.23,142.45,단독주택,30.2,12,3457000,평지,세로장방,세로한면(가),소형,청년,4,65,3,1
노원구,하계동,61-20,127.0749609,37.636486,1135010400100610020,,,,,,,3112000,평지,정방형,세로각지(가),소형,신혼부부,1,56,2,6
노원구,하계동,161-3,127.072155,37.6355535,1135010400101610003,,,,,,,3683000,평지,사다리형,중로한면,대형,신혼부부,1,70,5,6
강동구,고덕동,165-1,127.1691199,37.5620821,1174010200101650001,186.60,51.07,131.62,단독주택,36.6,7,5964000,평지,세로장방,,,신혼부부,2,43,1,2
강동구,고덕동,175-3,127.1699139,37.5609685,1174010200101750003,,,,,,,4857000,평지,세로장방,세로한면(가),소형,청년,2,42,2,3
강동구,고덕동,237-2,127.1627653,37.5619178,1174010200102370002,192.70,43.80,85.40,단독주택,28.7,9,5271000,평지,가로장방,세로한면(가),소형,청년,1,34,2,3
강동구,고덕동,238-6,127.1629724,37.5615125,1174010200102380006,187.60,45.30,87.90,단독주택,36.6,3,5271000,평지,세로장방,세로한면(가),소형,청년,1,36,2,3
강동구,고덕동,259-7,127.1617259,37.5609497,1174010200102590007,,,,,,,5068000,평지,세로장방,소로한면,중형,청년,1,36,2,3
강동구,고덕동,260-4,127.1623118,37.5610732,1174010200102600004,185.70,59.95,128.60,단독주택,28.2,8,5657000,평지,세로장방,소로한면,,신혼부부,1,39,2,3
강동구,고덕동,270-2,127.16094,37.5613618,1174010200102700002,193.90,56.32,128.73,단독주택,36.7,3,5409000,평지,세로장방,소로한면,중형,신혼부부,1,32,3,3
강동구,고덕동,282-4,127.1605088,37.5627373,1174010200102820004,,,,,,,5662000,평지,세로장방,,,청년,0,26,3,3
강동구,고덕동,294-5,127.1585698,37.5606787,1174010200102940005,182.20,46.38,90.54,단독주택,38.3,6,5869000,평지,정방형,중로각지,중형,청년,2,38,3,3
마포구,도화동,184-20,126.9519742,37.541591,1144010400101840020,143.70,59.94,153.22,단독주택,21.2,6,7289000,평지,사다리형,세로한면(가),소형,청년,3,93,4,4
마포구,염리동,27-125,126.9484072,37.5498403,1144010900100270125,,,,,,,5033000,완경사,사다리형,세로한면(불),소형,청년,3,55,3,7
마포구,염리동,178-1,126.9443351,37.5478409,1144010900101780001,252.03,58.71,158.99,단독주택,28.2,8,8311000,평지,사다리형,세로한면(가),소형,청년,2,58,3,8
마포구,신수동,62-8,126.9384193,37.5446902,1144011100100620008,,,,,,,5255000,평지,사다리형,세로한면(가),소형,청년,2,69,3,5
서대문구,홍제동,267-119,126.9486562,37.5901698,1141011100102670119,,,,,,,3754000,완경사,부정형,세로한면(가),소형,청년,1,68,3,1
서대문구,홍은동,9-234,126.9503298,37.5979498,1141011800100090234,,,,,,,3185000,평지,사다리형,세로한면(가),소형,청년,0,57,3,1
동대문구,전농동,257-4,127.0530515,37.5790264,1123010400102570004,127.90,58.31,188.37,단독주택,22.5,6,4289000,평지,사다리형,세로한면(가),소형,청년,1,54,3,5
동대문구,답십리동,463-28,127.0448618,37.5731549,1123010500104630028,203.90,59.99,126.49,공동주택,22.3,8,3809000,평지,세로장방,세로한면(불),소형,청년,4,57,2,3
동대문구,회기동,102-42,127.0479231,37.5902369,1123010800101020042,247.00,58.34,165.22,단독주택,28.1,15,2912000,완경사,사다리형,세로한면(가),소형,신혼부부,0,35,4,8
동대문구,회기동,102-43,127.0477314,37.5898022,1123010800101020043,264.00,52.32,178.43,공동주택,21.5,10,3426000,완경사,사다리형,세로한면(가),소형,청년,0,36,4,8
성북구,성북동,111-26,126.9945009,37.5933188,1129010100101110026,,,,,,,3234000,완경사,자루형,세로한면(가),소형,청년,0,54,2,6
성북구,돈암동,2-21,127.028863,37.6022694,1129010300100020021,,,,,,,3446000,완경사,사다리형,세로한면(불),소형,청년,1,83,2,2
성북구,정릉동,16-221,127.0177169,37.601825,1129013300100160221,,,,,,,4268000,평지,세로장방,세로각지(가),소형,신혼부부,1,86,3,3
성북구,정릉동,508-26,127.005248,37.5992793,1129013300105080026,,,,,,,2720000,완경사,세로장방,소로한면,중형,신혼부부,0,69,3,4
성북구,종암동,125-58,127.0279474,37.5991426,1129013500101250058,,,,,,,2942000,완경사,정방형,세로한면(가),소형,신혼부부,1,78,3,6
성북구,종암동,125-84,127.0291836,37.5982975,1129013500101250084,,,,,,,3282000,평지,세로장방,소로한면,중형,청년,1,82,3,4
