{"type": "FeatureCollection", "features": [{"type": "Feature", "geometry": {"type": "Point", "coordinates": [127.118176, 37.5389338]}, "properties": {"id": "1927", "gu": "송파구", "dong": "풍납동", "jibun": "89-20", "addr": "송파구 풍납동 89-20", "대지면적": "188.00", "건폐율": "56.69", "용적률": "143.87", "주택형태": "단독주택", "노후년수": "27.0", "임대세대수": "6", "지형높이": "평지", "지형형상": "세로장방", "도로접면": "세로한면(가)", "OSC공법": "소형", "공시지가_2026": 4582000, "PNU": "1171010300100890020", "공공도서관": 0, "유치원": 1, "어린이집": 15, "중고등학교": 2, "초등학교": 1, "지하철역": 2, "주민센터": 1, "대학교": 0, "병원": 2, "버스정류장": 28, "대형점포": 4, "공연장": 7, "공원": 4, "신규임대유형": "신혼부부"}}, {"type": "Feature", "geometry": {"type": "Point", "coordinates": [127.1195269, 37.537108]}, "properties": {"id": "1928", "gu": "송파구", "dong": "풍납동", "jibun": "142-56", "addr": "송파구 풍납동 142-56", "대지면적": "", "건폐율": "", "용적률": "", "주택형태": "", "노후년수": "", "임대세대수": "", "지형높이": "평지", "지형형상": "정방형", "도로접면": "세로한면(가)", "OSC공법": "소형", "공시지가_2026": 4280000, "PNU": "1171010300101420056", "공공도서관": 0, "유치원": 2, "어린이집": 17, "중고등학교": 2, "초등학교": 3, "지하철역": 3, "주민센터": 2, "대학교": 0, "병원": 7, "버스정류장": 41, "대형점포": 5, "공연장": 8, "공원": 5, "신규임대유형": "신혼부부"}}, {"type": "Feature", "geometry": {"type": "Point", "coordinates": [127.1143259, 37.532077]}, "properties": {"id": "1929", "gu": "송파구", "dong": "풍납동", "jibun": "277-11", "addr": "송파구 풍납동 277-11", "대지면적": "96.85", "건폐율": "59.35", "용적률": "157.54", "주택형태": "단독주택", "노후년수": "29.4", "임대세대수": "6", "지형높이": "평지", "지형형상": "자루형", "도로접면": "세로한면(가)", "OSC공법": "소형", "공시지가_2026": 4040000, "PNU": "1171010300102770011", "공공도서관": 0, "유치원": 4, "어린이집": 19, "중고등학교": 4, "초등학교": 4, "지하철역": 1, "주민센터": 2, "대학교": 0, "병원": 4, "버스정류장": 34, "대형점포": 3, "공연장": 1, "공원": 3, "신규임대유형": "청년"}}, {"type": "Feature", "geometry": {"type": "Point", "coordinates": [127.1140553, 37.5318753]}, "properties": {"id": "1930", "gu": "송파구", "dong": "풍납동", "jibun": "277-12", "addr": "송파구 풍납동 277-12", "대지면적": "", "건폐율": "", "용적률": "", "주택형태": "", "노후년수": "", "임대세대수": "", "지형높이": "평지", "지형형상": "세로장방", "도로접면": "세로한면(가)", "OSC공법": "소형", "공시지가_2026": 4868000, "PNU": "1171010300102770012", "공공도서관": 0, "유치원": 4, "어린이집": 19, "중고등학교": 4, "초등학교": 4, "지하철역": 1, "주민센터": 2, "대학교": 0, "병원": 4, "버스정류장": 38, "대형점포": 3, "공연장": 0, "공원": 3, "신규임대유형": "신혼부부"}}, {"type": "Feature", "geometry": {"type": "Point", "coordinates": [127.1157216, 37.5279789]}, "properties": {"id": "1931", "gu": "송파구", "dong": "풍납동", "jibun": "398-14", "addr": "송파구 풍납동 398-14", "대지면적": "181.00", "건폐율": "53.67", "용적률": "161.29", "주택형태": "공동주택", "노후년수": "28.2", "임대세대수": "7", "지형높이": "평지", "지형형상": "정방형", "도로접면": "세로한면(가)", "OSC공법": "소형", "공시지가_2026": 5739000, "PNU": "1171010300103980014", "공공도서관": 0, "유치원": 3, "어린이집": 19, "중고등학교": 4, "초등학교": 4, "지하철역": 1, "주민센터": 2, "대학교": 0, "병원": 5, "버스정류장": 40, "대형점포": 4, "공연장": 2, "공원": 4, "신규임대유형": "청년"}}, {"type": "Feature", "geometry": {"type": "Point", "coordinates": [127.1172759, 37.5276887]}, "properties": {"id": "1932", "gu": "송파구", "dong": "풍납동", "jibun": "400-4", "addr": "송파구 풍납동 400-4", "대지면적": "", "건폐율": "", "용적률": "", "주택형태": "", "노후년수": "", "임대세대수": "", "지형높이": "평지", "지형형상": "세로장방", "도로접면": "세로한면(가)", "OSC공법": "소형", "공시지가_2026": 6995000, "PNU": "1171010300104000004", "공공도서관": 0, "유치원": 3, "어린이집": 21, "중고등학교": 4, "초등학교": 4, "지하철역": 1, "주민센터": 2, "대학교": 0, "병원": 5, "버스정류장": 38, "대형점포": 4, "공연장": 8, "공원": 4, "신규임대유형": "청년"}}, {"type": "Feature", "geometry": {"type": "Point", "coordinates": [127.1440828, 37.532785]}, "properties": {"id": "2103", "gu": "강동구", "dong": "둔촌동", "jibun": "52-13", "addr": "강동구 둔촌동 52-13", "대지면적": "204.30", "건폐율": "58.25", "용적률": "204.36", "주택형태": "공동주택", "노후년수": "20.1", "임대세대수": "7", "지형높이": "평지", "지형형상": "사다리형", "도로접면": "중로한면", "OSC공법": "대형", "공시지가_2026": 4715000, "PNU": "1174010600100520013", "공공도서관": 2, "유치원": 5, "어린이집": 24, "중고등학교": 3, "초등학교": 3, "지하철역": 2, "주민센터": 2, "대학교": 0, "병원": 10, "버스정류장": 55, "대형점포": 2, "공연장": 1, "공원": 2, "신규임대유형": "청년"}}, {"type": "Feature", "geometry": {"type": "Point", "coordinates": [127.1424074, 37.5334533]}, "properties": {"id": "2105", "gu": "강동구", "dong": "둔촌동", "jibun": "65-3", "addr": "강동구 둔촌동 65-3", "대지면적": "", "건폐율": "", "용적률": "", "주택형태": "", "노후년수": "", "임대세대수": "", "지형높이": "평지", "지형형상": "세로장방", "도로접면": "소로한면", "OSC공법": "중형", "공시지가_2026": 6086000, "PNU": "1174010600100650003", "공공도서관": 2, "유치원": 5, "어린이집": 29, "중고등학교": 3, "초등학교": 3, "지하철역": 2, "주민센터": 2, "대학교": 0, "병원": 11, "버스정류장": 60, "대형점포": 3, "공연장": 1, "공원": 3, "신규임대유형": "청년"}}, {"type": "Feature", "geometry": {"type": "Point", "coordinates": [127.1385879, 37.5320883]}, "properties": {"id": "2109", "gu": "강동구", "dong": "둔촌동", "jibun": "439-1", "addr": "강동구 둔촌동 439-1", "대지면적": "160.40", "건폐율": "52.11", "용적률": "100.66", "주택형태": "단독주택", "노후년수": "33.5", "임대세대수": "7", "지형높이": "평지", "지형형상": "세로장방", "도로접면": "세로한면(불)", "OSC공법": "소형", "공시지가_2026": 4824000, "PNU": "1174010600104390001", "공공도서관": 1, "유치원": 5, "어린이집": 28, "중고등학교": 4, "초등학교": 2, "지하철역": 3, "주민센터": 3, "대학교": 0, "병원": 10, "버스정류장": 57, "대형점포": 4, "공연장": 1, "공원": 4, "신규임대유형": "청년"}}, {"type": "Feature", "geometry": {"type": "Point", "coordinates": [127.141718, 37.5311239]}, "properties": {"id": "2113", "gu": "강동구", "dong": "둔촌동", "jibun": "457-3", "addr": "강동구 둔촌동 457-3", "대지면적": "", "건폐율": "", "용적률": "", "주택형태": "", "노후년수": "", "임대세대수": "", "지형높이": "평지", "지형형상": "정방형", "도로접면": "세로한면(가)", "OSC공법": "소형", "공시지가_2026": 4654000, "PNU": "1174010600104570003", "공공도서관": 3, "유치원": 4, "어린이집": 24, "중고등학교": 3, "초등학교": 2, "지하철역": 3, "주민센터": 2, "대학교": 0, "병원": 11, "버스정류장": 61, "대형점포": 2, "공연장": 1, "공원": 2, "신규임대유형": "청년"}}, {"type": "Feature", "geometry": {"type": "Point", "coordinates": [127.1376411, 37.5531354]}, "properties": {"id": "2119", "gu": "강동구", "dong": "암사동", "jibun": "437-21", "addr": "강동구 암사동 437-21", "대지면적": "166.00", "건폐율": "59.13", "용적률": "148.71", "주택형태": "단독주택", "노후년수": "27.5", "임대세대수": "5", "지형높이": "평지", "지형형상": "부정형", "도로접면": "소로한면", "OSC공법": "소형", "공시지가_2026": 4186000, "PNU": "1174010700104370021", "공공도서관": 1, "유치원": 3, "어린이집": 31, "중고등학교": 6, "초등학교": 3, "지하철역": 2, "주민센터": 2, "대학교": 0, "병원": 1, "버스정류장": 51, "대형점포": 4, "공연장": 0, "공원": 4, "신규임대유형": "신혼부부"}}, {"type": "Feature", "geometry": {"type": "Point", "coordinates": [127.1306233, 37.5540464]}, "properties": {"id": "2125", "gu": "강동구", "dong": "암사동", "jibun": "461-6", "addr": "강동구 암사동 461-6", "대지면적": "", "건폐율": "", "용적률": "", "주택형태": "", "노후년수": "", "임대세대수": "", "지형높이": "평지", "지형형상": "세로장방", "도로접면": "세로한면(가)", "OSC공법": "소형", "공시지가_2026": 5144000, "PNU": "1174010700104610006", "공공도서관": 1, "유치원": 1, "어린이집": 31, "중고등학교": 3, "초등학교": 2, "지하철역": 2, "주민센터": 2, "대학교": 0, "병원": 0, "버스정류장": 37, "대형점포": 2, "공연장": 0, "공원": 2, "신규임대유형": "청년"}}, {"type": "Feature", "geometry": {"type": "Point", "coordinates": [127.1360114, 37.5502815]}, "properties": {"id": "2131", "gu": "강동구", "dong": "암사동", "jibun": "478-52", "addr": "강동구 암사동 478-52", "대지면적": "166.00", "건폐율": "59.99", "용적률": "201.64", "주택형태": "공동주택", "노후년수": "21.0", "임대세대수": "5", "지형높이": "평지", "지형형상": "사다리형", "도로접면": "세로한면(가)", "OSC공법": "소형", "공시지가_2026": 4220000, "PNU": "1174010700104780052", "공공도서관": 1, "유치원": 3, "어린이집": 38, "중고등학교": 6, "초등학교": 4, "지하철역": 4, "주민센터": 4, "대학교": 0, "병원": 2, "버스정류장": 54, "대형점포": 5, "공연장": 0, "공원": 5, "신규임대유형": "청년"}}, {"type": "Feature", "geometry": {"type": "Point", "coordinates": [127.1261261, 37.5341731]}, "properties": {"id": "2147", "gu": "강동구", "dong": "성내동", "jibun": "136-18", "addr": "강동구 성내동 136-18", "대지면적": "", "건폐율": "", "용적률": "", "주택형태": "", "노후년수": "", "임대세대수": "", "지형높이": "평지", "지형형상": "가로장방", "도로접면": "세로한면(가)", "OSC공법": "소형", "공시지가_2026": 4461000, "PNU": "1174010800101360018", "공공도서관": 1, "유치원": 3, "어린이집": 31, "중고등학교": 4, "초등학교": 3, "지하철역": 4, "주민센터": 4, "대학교": 0, "병원": 9, "버스정류장": 62, "대형점포": 9, "공연장": 15, "공원": 9, "신규임대유형": "청년"}}, {"type": "Feature", "geometry": {"type": "Point", "coordinates": [127.1291529, 37.5349876]}, "properties": {"id": "2148", "gu": "강동구", "dong": "성내동", "jibun": "150-4", "addr": "강동구 성내동 150-4", "대지면적": "195.10", "건폐율": "59.21", "용적률": "143.63", "주택형태": "단독주택", "노후년수": "27.5", "임대세대수": "6", "지형높이": "평지", "지형형상": "사다리형", "도로접면": "세로각지(가)", "OSC공법": "소형", "공시지가_2026": 5563000, "PNU": "1174010800101500004", "공공도서관": 2, "유치원": 3, "어린이집": 28, "중고등학교": 2, "초등학교": 2, "지하철역": 3, "주민센터": 4, "대학교": 0, "병원": 11, "버스정류장": 65, "대형점포": 11, "공연장": 14, "공원": 11, "신규임대유형": "청년"}}, {"type": "Feature", "geometry": {"type": "Point", "coordinates": [127.1360906, 37.5324953]}, "properties": {"id": "2153", "gu": "강동구", "dong": "성내동", "jibun": "387-2", "addr": "강동구 성내동 387-2", "대지면적": "", "건폐율": "", "용적률": "", "주택형태": "", "노후년수": "", "임대세대수": "", "지형높이": "평지", "지형형상": "세로장방", "도로접면": "세로한면(불)", "OSC공법": "소형", "공시지가_2026": 4370000, "PNU": "1174010800103870002", "공공도서관": 1, "유치원": 4, "어린이집": 27, "중고등학교": 4, "초등학교": 2, "지하철역": 3, "주민센터": 5, "대학교": 0, "병원": 10, "버스정류장": 56, "대형점포": 6, "공연장": 1, "공원": 6, "신규임대유형": "청년"}}, {"type": "Feature", "geometry": {"type": "Point", "coordinates": [127.1336376, 37.5313591]}, "properties": {"id": "2155", "gu": "강동구", "dong": "성내동", "jibun": "405-21", "addr": "강동구 성내동 405-21", "대지면적": "216.60", "건폐율": "48.86", "용적률": "76.72", "주택형태": "단독주택", "노후년수": "32.1", "임대세대수": "7", "지형높이": "평지", "지형형상": "자루형", "도로접면": "세로한면(가)", "OSC공법": "소형", "공시지가_2026": 4408000, "PNU": "1174010800104050021", "공공도서관": 1, "유치원": 4, "어린이집": 29, "중고등학교": 3, "초등학교": 2, "지하철역": 2, "주민센터": 5, "대학교": 0, "병원": 12, "버스정류장": 53, "대형점포": 5, "공연장": 1, "공원": 5, "신규임대유형": "청년"}}, {"type": "Feature", "geometry": {"type": "Point", "coordinates": [127.1351136, 37.530146]}, "properties": {"id": "2157", "gu": "강동구", "dong": "성내동", "jibun": "411-18", "addr": "강동구 성내동 411-18", "대지면적": "", "건폐율": "", "용적률": "", "주택형태": "", "노후년수": "", "임대세대수": "", "지형높이": "평지", "지형형상": "가로장방", "도로접면": "세로한면(가)", "OSC공법": "소형", "공시지가_2026": 4407000, "PNU": "1174010800104110018", "공공도서관": 1, "유치원": 4, "어린이집": 29, "중고등학교": 4, "초등학교": 2, "지하철역": 2, "주민센터": 5, "대학교": 0, "병원": 11, "버스정류장": 55, "대형점포": 3, "공연장": 1, "공원": 3, "신규임대유형": "청년"}}, {"type": "Feature", "geometry": {"type": "Point", "coordinates": [127.1313962, 37.5281694]}, "properties": {"id": "2158", "gu": "강동구", "dong": "성내동", "jibun": "423-60", "addr": "강동구 성내동 423-60", "대지면적": "230.10", "건폐율": "53.27", "용적률": "145.52", "주택형태": "단독주택", "노후년수": "20.0", "임대세대수": "10", "지형높이": "평지", "지형형상": "자루형", "도로접면": "소로한면", "OSC공법": "소형", "공시지가_2026": 4822000, "PNU": "1174010800104230060", "공공도서관": 1, "유치원": 3, "어린이집": 27, "중고등학교": 4, "초등학교": 1, "지하철역": 1, "주민센터": 2, "대학교": 0, "병원": 6, "버스정류장": 40, "대형점포": 3, "공연장": 7, "공원": 3, "신규임대유형": "청년"}}, {"type": "Feature", "geometry": {"type": "Point", "coordinates": [127.1319932, 37.5269845]}, "properties": {"id": "2159", "gu": "강동구", "dong": "성내동", "jibun": "431-4", "addr": "강동구 성내동 431-4", "대지면적": "", "건폐율": "", "용적률": "", "주택형태": "", "노후년수": "", "임대세대수": "", "지형높이": "평지", "지형형상": "세로장방", "도로접면": "세로한면(가)", "OSC공법": "소형", "공시지가_2026": 4858000, "PNU": "1174010800104310004", "공공도서관": 1, "유치원": 3, "어린이집": 27, "중고등학교": 4, "초등학교": 1, "지하철역": 1, "주민센터": 2, "대학교": 0, "병원": 3, "버스정류장": 39, "대형점포": 3, "공연장": 7, "공원": 3, "신규임대유형": "청년"}}, {"type": "Feature", "geometry": {"type": "Point", "coordinates": [127.1310779, 37.5265905]}, "properties": {"id": "2160", "gu": "강동구", "dong": "성내동", "jibun": "433-7", "addr": "강동구 성내동 433-7", "대지면적": "205.00", "건폐율": "59.99", "용적률": "168.33", "주택형태": "단독주택", "노후년수": "28.0", "임대세대수": "5", "지형높이": "평지", "지형형상": "세로장방", "도로접면": "소로한면", "OSC공법": "중형", "공시지가_2026": 5607000, "PNU": "1174010800104330007", "공공도서관": 1, "유치원": 3, "어린이집": 28, "중고등학교": 3, "초등학교": 1, "지하철역": 1, "주민센터": 2, "대학교": 1, "병원": 3, "버스정류장": 40, "대형점포": 3, "공연장": 7, "공원": 3, "신규임대유형": "청년"}}, {"type": "Feature", "geometry": {"type": "Point", "coordinates": [127.1303472, 37.5259889]}, "properties": {"id": "2161", "gu": "강동구", "dong": "성내동", "jibun": "435-32", "addr": "강동구 성내동 435-32", "대지면적": "", "건폐율": "", "용적률": "", "주택형태": "", "노후년수": "", "임대세대수": "", "지형높이": "평지", "지형형상": "자루형", "도로접면": "소로한면", "OSC공법": "소형", "공시지가_2026": 4652000, "PNU": "1174010800104350032", "공공도서관": 0, "유치원": 3, "어린이집": 26, "중고등학교": 3, "초등학교": 1, "지하철역": 1, "주민센터": 2, "대학교": 1, "병원": 3, "버스정류장": 39, "대형점포": 3, "공연장": 8, "공원": 3, "신규임대유형": "청년"}}, {"type": "Feature", "geometry": {"type": "Point", "coordinates": [127.1291242, 37.5306879]}, "properties": {"id": "2166", "gu": "강동구", "dong": "성내동", "jibun": "519-3", "addr": "강동구 성내동 519-3", "대지면적": "182.30", "건폐율": "59.74", "용적률": "182.79", "주택형태": "공동주택", "노후년수": "26.3", "임대세대수": "6", "지형높이": "평지", "지형형상": "세로장방", "도로접면": "중로한면", "OSC공법": "대형", "공시지가_2026": 7506000, "PNU": "1174010800105190003", "공공도서관": 1, "유치원": 3, "어린이집": 27, "중고등학교": 1, "초등학교": 2, "지하철역": 3, "주민센터": 4, "대학교": 0, "병원": 8, "버스정류장": 60, "대형점포": 4, "공연장": 9, "공원": 4, "신규임대유형": "청년"}}, {"type": "Feature", "geometry": {"type": "Point", "coordinates": [127.1392267, 37.5485193]}, "properties": {"id": "2168", "gu": "강동구", "dong": "천호동", "jibun": "18-18", "addr": "강동구 천호동 18-18", "대지면적": "", "건폐율": "", "용적률": "", "주택형태": "", "노후년수": "", "임대세대수": "", "지형높이": "평지", "지형형상": "세로장방", "도로접면": "세로한면(가)", "OSC공법": "소형", "공시지가_2026": 4840000, "PNU": "1174010900100180018", "공공도서관": 2, "유치원": 4, "어린이집": 43, "중고등학교": 4, "초등학교": 3, "지하철역": 2, "주민센터": 3, "대학교": 0, "병원": 4, "버스정류장": 48, "대형점포": 6, "공연장": 0, "공원": 6, "신규임대유형": "청년"}}, {"type": "Feature", "geometry": {"type": "Point", "coordinates": [127.1431169, 37.5483871]}, "properties": {"id": "2174", "gu": "강동구", "dong": "천호동", "jibun": "30-10", "addr": "강동구 천호동 30-10", "대지면적": "169.30", "건폐율": "60.14", "용적률": "182.99", "주택형태": "단독주택", "노후년수": "24.0", "임대세대수": "8", "지형높이": "평지", "지형형상": "자루형", "도로접면": "세로한면(가)", "OSC공법": "소형", "공시지가_2026": 4021000, "PNU": "1174010900100300010", "공공도서관": 1, "유치원": 6, "어린이집": 40, "중고등학교": 4, "초등학교": 4, "지하철역": 2, "주민센터": 4, "대학교": 0, "병원": 4, "버스정류장": 50, "대형점포": 4, "공연장": 0, "공원": 4, "신규임대유형": "신혼부부"}}, {"type": "Feature", "geometry": {"type": "Point", "coordinates": [127.1397466, 37.5475037]}, "properties": {"id": "2175", "gu": "강동구", "dong": "천호동", "jibun": "36-3", "addr": "강동구 천호동 36-3", "대지면적": "172.10", "건폐율": "54.98", "용적률": "103.96", "주택형태": "단독주택", "노후년수": "33.1", "임대세대수": "6", "지형높이": "완경사", "지형형상": "사다리형", "도로접면": "세로한면(불)", "OSC공법": "소형", "공시지가_2026": 3812000, "PNU": "1174010900100360003", "공공도서관": 1, "유치원": 4, "어린이집": 38, "중고등학교": 3, "초등학교": 3, "지하철역": 2, "주민센터": 2, "대학교": 0, "병원": 5, "버스정류장": 48, "대형점포": 4, "공연장": 0, "공원": 4, "신규임대유형": "신혼부부"}}, {"type": "Feature", "geometry": {"type": "Point", "coordinates": [127.1345983, 37.5410048]}, "properties": {"id": "2187", "gu": "강동구", "dong": "천호동", "jibun": "185-19", "addr": "강동구 천호동 185-19", "대지면적": "", "건폐율": "", "용적률": "", "주택형태": "", "노후년수": "", "임대세대수": "", "지형높이": "완경사", "지형형상": "정방형", "도로접면": "세로한면(가)", "OSC공법": "소형", "공시지가_2026": 4560000, "PNU": "1174010900101850019", "공공도서관": 1, "유치원": 7, "어린이집": 30, "중고등학교": 2, "초등학교": 4, "지하철역": 2, "주민센터": 2, "대학교": 0, "병원": 13, "버스정류장": 59, "대형점포": 7, "공연장": 1, "공원": 7, "신규임대유형": "신혼부부"}}, {"type": "Feature", "geometry": {"type": "Point", "coordinates": [127.137494, 37.5468611]}, "properties": {"id": "2190", "gu": "강동구", "dong": "천호동", "jibun": "228-7", "addr": "강동구 천호동 228-7", "대지면적": "350.50", "건폐율": "59.95", "용적률": "102.04", "주택형태": "단독주택", "노후년수": "32.0", "임대세대수": "12", "지형높이": "평지", "지형형상": "사다리형", "도로접면": "세로한면(가)", "OSC공법": "소형", "공시지가_2026": 4482000, "PNU": "1174010900102280007", "공공도서관": 3, "유치원": 5, "어린이집": 36, "중고등학교": 3, "초등학교": 4, "지하철역": 2, "주민센터": 2, "대학교": 0, "병원": 5, "버스정류장": 47, "대형점포": 4, "공연장": 0, "공원": 4, "신규임대유형": "청년"}}, {"type": "Feature", "geometry": {"type": "Point", "coordinates": [127.1297047, 37.5484101]}, "properties": {"id": "2194", "gu": "강동구", "dong": "천호동", "jibun": "289-11", "addr": "강동구 천호동 289-11", "대지면적": "", "건폐율": "", "용적률": "", "주택형태": "", "노후년수": "", "임대세대수": "", "지형높이": "평지", "지형형상": "정방형", "도로접면": "세로한면(가)", "OSC공법": "소형", "공시지가_2026": 4488000, "PNU": "1174010900102890011", "공공도서관": 2, "유치원": 5, "어린이집": 35, "중고등학교": 1, "초등학교": 4, "지하철역": 1, "주민센터": 4, "대학교": 0, "병원": 4, "버스정류장": 41, "대형점포": 2, "공연장": 0, "공원": 2, "신규임대유형": "신혼부부"}}, {"type": "Feature", "geometry": {"type": "Point", "coordinates": [127.1330174, 37.5456738]}, "properties": {"id": "2199", "gu": "강동구", "dong": "천호동", "jibun": "294-15", "addr": "강동구 천호동 294-15", "대지면적": "86.00", "건폐율": "59.68", "용적률": "195.91", "주택형태": "공동주택", "노후년수": "21.0", "임대세대수": "3", "지형높이": "평지", "지형형상": "정방형", "도로접면": "세로한면(가)", "OSC공법": "소형", "공시지가_2026": 4434000, "PNU": "1174010900102940015", "공공도서관": 3, "유치원": 5, "어린이집": 35, "중고등학교": 2, "초등학교": 4, "지하철역": 1, "주민센터": 3, "대학교": 0, "병원": 5, "버스정류장": 47, "대형점포": 4, "공연장": 1, "공원": 4, "신규임대유형": "청년"}}, {"type": "Feature", "geometry": {"type": "Point", "coordinates": [127.127214, 37.5470608]}, "properties": {"id": "2205", "gu": "강동구", "dong": "천호동", "jibun": "315-13", "addr": "강동구 천호동 315-13", "대지면적": "", "건폐율": "", "용적률": "", "주택형태": "", "노후년수": "", "임대세대수": "", "지형높이": "평지", "지형형상": "세로장방", "도로접면": "세로한면(가)", "OSC공법": "소형", "공시지가_2026": 4557000, "PNU": "1174010900103150013", "공공도서관": 1, "유치원": 4, "어린이집": 28, "중고등학교": 1, "초등학교": 3, "지하철역": 1, "주민센터": 2, "대학교": 0, "병원": 6, "버스정류장": 44, "대형점포": 3, "공연장": 1, "공원": 3, "신규임대유형": "청년"}}, {"type": "Feature", "geometry": {"type": "Point", "coordinates": [127.1295205, 37.5433191]}, "properties": {"id": "2210", "gu": "강동구", "dong": "천호동", "jibun": "389-10", "addr": "강동구 천호동 389-10", "대지면적": "165.90", "건폐율": "56.85", "용적률": "163.27", "주택형태": "단독주택", "노후년수": "29.9", "임대세대수": "5", "지형높이": "평지", "지형형상": "사다리형", "도로접면": "세로한면(가)", "OSC공법": "소형", "공시지가_2026": 5038000, "PNU": "1174010900103890010", "공공도서관": 2, "유치원": 5, "어린이집": 25, "중고등학교": 1, "초등학교": 4, "지하철역": 3, "주민센터": 2, "대학교": 0, "병원": 8, "버스정류장": 50, "대형점포": 6, "공연장": 8, "공원": 6, "신규임대유형": "청년"}}, {"type": "Feature", "geometry": {"type": "Point", "coordinates": [127.1294678, 37.5400537]}, "properties": {"id": "2213", "gu": "강동구", "dong": "천호동", "jibun": "555-2", "addr": "강동구 천호동 555-2", "대지면적": "", "건폐율": "", "용적률": "", "주택형태": "", "노후년수": "", "임대세대수": "", "지형높이": "완경사", "지형형상": "사다리형", "도로접면": "세로각지(불)", "OSC공법": "소형", "공시지가_2026": 5168000, "PNU": "1174010900105550002", "공공도서관": 2, "유치원": 3, "어린이집": 20, "중고등학교": 2, "초등학교": 3, "지하철역": 3, "주민센터": 3, "대학교": 0, "병원": 11, "버스정류장": 50, "대형점포": 8, "공연장": 8, "공원": 8, "신규임대유형": "청년"}}, {"type": "Feature", "geometry": {"type": "Point", "coordinates": [127.0831468, 37.5085841]}, "properties": {"id": "1920", "gu": "송파구", "dong": "잠실동", "jibun": "218-5", "addr": "송파구 잠실동 218-5", "대지면적": "373.60", "건폐율": "59.66", "용적률": "174.06", "주택형태": "공동주택", "노후년수": "28.9", "임대세대수": "7", "지형높이": "평지", "지형형상": "가로장방", "도로접면": "세로한면(가)", "OSC공법": "", "공시지가_2026": 8702000, "PNU": "1171010100102180005"}}, {"type": "Feature", "geometry": {"type": "Point", "coordinates": [127.0825102, 37.5071128]}, "properties": {"id": "1921", "gu": "송파구", "dong": "잠실동", "jibun": "226-2", "addr": "송파구 잠실동 226-2", "대지면적": "", "건폐율": "", "용적률": "", "주택형태": "", "노후년수": "", "임대세대수": "", "지형높이": "평지", "지형형상": "세로장방", "도로접면": "세로한면(가)", "OSC공법": "소형", "공시지가_2026": 7675000, "PNU": "1171010100102260002"}}, {"type": "Feature", "geometry": {"type": "Point", "coordinates": [127.0826275, 37.5070794]}, "properties": {"id": "1922", "gu": "송파구", "dong": "잠실동", "jibun": "226-15", "addr": "송파구 잠실동 226-15", "대지면적": "192.50", "건폐율": "59.86", "용적률": "237.59", "주택형태": "공동주택", "노후년수": "23.3", "임대세대수": "12", "지형높이": "평지", "지형형상": "세로장방", "도로접면": "세로한면(가)", "OSC공법": "소형", "공시지가_2026": 7675000, "PNU": "1171010100102260015"}}, {"type": "Feature", "geometry": {"type": "Point", "coordinates": [127.0829941, 37.5037858]}, "properties": {"id": "1924", "gu": "송파구", "dong": "잠실동", "jibun": "321-8", "addr": "송파구 잠실동 321-8", "대지면적": "", "건폐율": "", "용적률": "", "주택형태": "", "노후년수": "", "임대세대수": "", "지형높이": "평지", "지형형상": "세로장방", "도로접면": "세로한면(가)", "OSC공법": "소형", "공시지가_2026": 6856000, "PNU": "1171010100103210008"}}, {"type": "Feature", "geometry": {"type": "Point", "coordinates": [127.0841324, 37.5017105]}, "properties": {"id": "1926", "gu": "송파구", "dong": "잠실동", "jibun": "341-1", "addr": "송파구 잠실동 341-1", "대지면적": "192.90", "건폐율": "52.60", "용적률": "197.84", "주택형태": "공동주택", "노후년수": "22.9", "임대세대수": "12", "지형높이": "평지", "지형형상": "사다리형", "도로접면": "세로한면(가)", "OSC공법": "소형", "공시지가_2026": 6796000, "PNU": "1171010100103410001"}}, {"type": "Feature", "geometry": {"type": "Point", "coordinates": [127.1154504, 37.4993489]}, "properties": {"id": "1940", "gu": "송파구", "dong": "송파동", "jibun": "185-10", "addr": "송파구 송파동 185-10", "대지면적": "", "건폐율": "", "용적률": "", "주택형태": "", "노후년수": "", "임대세대수": "", "지형높이": "평지", "지형형상": "세로장방", "도로접면": "세로한면(가)", "OSC공법": "소형", "공시지가_2026": 7635000, "PNU": "1171010400101850010"}}, {"type": "Feature", "geometry": {"type": "Point", "coordinates": [127.0980127, 37.5041268]}, "properties": {"id": "1941", "gu": "송파구", "dong": "석촌동", "jibun": "7-9", "addr": "송파구 석촌동 7-9", "대지면적": "", "건폐율": "", "용적률": "", "주택형태": "", "노후년수": "", "임대세대수": "", "지형높이": "평지", "지형형상": "세로장방", "도로접면": "세로한면(가)", "OSC공법": "소형", "공시지가_2026": 6970000, "PNU": "1171010500100070009"}}, {"type": "Feature", "geometry": {"type": "Point", "coordinates": [127.098281, 37.5035571]}, "properties": {"id": "1942", "gu": "송파구", "dong": "석촌동", "jibun": "12-4", "addr": "송파구 석촌동 12-4", "대지면적": "333.00", "건폐율": "59.56", "용적률": "162.41", "주택형태": "단독주택", "노후년수": "27.3", "임대세대수": "11", "지형높이": "평지", "지형형상": "세로장방", "도로접면": "소로한면", "OSC공법": "중형", "공시지가_2026": 7336000, "PNU": "1171010500100120004"}}, {"type": "Feature", "geometry": {"type": "Point", "coordinates": [127.1001614, 37.5059636]}, "properties": {"id": "1943", "gu": "송파구", "dong": "석촌동", "jibun": "52-2", "addr": "송파구 석촌동 52-2", "대지면적": "", "건폐율": "", "용적률": "", "주택형태": "", "노후년수": "", "임대세대수": "", "지형높이": "평지", "지형형상": "사다리형", "도로접면": "세로한면(가)", "OSC공법": "소형", "공시지가_2026": 7269000, "PNU": "1171010500100520002"}}, {"type": "Feature", "geometry": {"type": "Point", "coordinates": [127.1037311, 37.5043619]}, "properties": {"id": "1945", "gu": "송파구", "dong": "석촌동", "jibun": "77-4", "addr": "송파구 석촌동 77-4", "대지면적": "", "건폐율": "", "용적률": "", "주택형태": "", "노후년수": "", "임대세대수": "", "지형높이": "평지", "지형형상": "정방형", "도로접면": "세로각지(가)", "OSC공법": "소형", "공시지가_2026": 7355000, "PNU": "1171010500100770004"}}, {"type": "Feature", "geometry": {"type": "Point", "coordinates": [127.1028851, 37.5049263]}, "properties": {"id": "1946", "gu": "송파구", "dong": "석촌동", "jibun": "150-34", "addr": "송파구 석촌동 150-34", "대지면적": "201.60", "건폐율": "59.70", "용적률": "218.09", "주택형태": "공동주택", "노후년수": "21.8", "임대세대수": "10", "지형높이": "평지", "지형형상": "세로장방", "도로접면": "세로한면(가)", "OSC공법": "소형", "공시지가_2026": 6924000, "PNU": "1171010500101500034"}}, {"type": "Feature", "geometry": {"type": "Point", "coordinates": [127.0991502, 37.5014463]}, "properties": {"id": "1949", "gu": "송파구", "dong": "석촌동", "jibun": "233-9", "addr": "송파구 석촌동 233-9", "대지면적": "", "건폐율": "", "용적률": "", "주택형태": "", "노후년수": "", "임대세대수": "", "지형높이": "평지", "지형형상": "세로장방", "도로접면": "세로한면(가)", "OSC공법": "소형", "공시지가_2026": 6688000, "PNU": "1171010500102330009"}}, {"type": "Feature", "geometry": {"type": "Point", "coordinates": [127.0991488, 37.5018347]}, "properties": {"id": "1950", "gu": "송파구", "dong": "석촌동", "jibun": "234-8", "addr": "송파구 석촌동 234-8", "대지면적": "202.40", "건폐율": "59.94", "용적률": "177.46", "주택형태": "단독주택", "노후년수": "28.2", "임대세대수": "11", "지형높이": "평지", "지형형상": "세로장방", "도로접면": "세로한면(가)", "OSC공법": "소형", "공시지가_2026": 6688000, "PNU": "1171010500102340008"}}, {"type": "Feature", "geometry": {"type": "Point", "coordinates": [127.1014337, 37.4999756]}, "properties": {"id": "1951", "gu": "송파구", "dong": "석촌동", "jibun": "242-3", "addr": "송파구 석촌동 242-3", "대지면적": "", "건폐율": "", "용적률": "", "주택형태": "", "노후년수": "", "임대세대수": "", "지형높이": "평지", "지형형상": "세로장방", "도로접면": "세로한면(가)", "OSC공법": "소형", "공시지가_2026": 6499000, "PNU": "1171010500102420003"}}, {"type": "Feature", "geometry": {"type": "Point", "coordinates": [127.0863313, 37.5014563]}, "properties": {"id": "1957", "gu": "송파구", "dong": "삼전동", "jibun": "38-23", "addr": "송파구 삼전동 38-23", "대지면적": "231.40", "건폐율": "59.99", "용적률": "169.42", "주택형태": "단독주택", "노후년수": "27.2", "임대세대수": "9", "지형높이": "평지", "지형형상": "세로장방", "도로접면": "세로한면(가)", "OSC공법": "소형", "공시지가_2026": 7098000, "PNU": "1171010600100380023"}}, {"type": "Feature", "geometry": {"type": "Point", "coordinates": [127.089372, 37.5009611]}, "properties": {"id": "1958", "gu": "송파구", "dong": "삼전동", "jibun": "41-12", "addr": "송파구 삼전동 41-12", "대지면적": "", "건폐율": "", "용적률": "", "주택형태": "", "노후년수": "", "임대세대수": "", "지형높이": "평지", "지형형상": "세로장방", "도로접면": "세로한면(가)", "OSC공법": "소형", "공시지가_2026": 7245000, "PNU": "1171010600100410012"}}, {"type": "Feature", "geometry": {"type": "Point", "coordinates": [127.0905438, 37.502754]}, "properties": {"id": "1959", "gu": "송파구", "dong": "삼전동", "jibun": "50-1", "addr": "송파구 삼전동 50-1", "대지면적": "224.22", "건폐율": "59.81", "용적률": "174.47", "주택형태": "단독주택", "노후년수": "30.3", "임대세대수": "8", "지형높이": "평지", "지형형상": "세로장방", "도로접면": "세로한면(가)", "OSC공법": "소형", "공시지가_2026": 6976000, "PNU": "1171010600100500001"}}, {"type": "Feature", "geometry": {"type": "Point", "coordinates": [127.090425, 37.5006615]}, "properties": {"id": "1960", "gu": "송파구", "dong": "삼전동", "jibun": "55-2", "addr": "송파구 삼전동 55-2", "대지면적": "", "건폐율": "", "용적률": "", "주택형태": "", "노후년수": "", "임대세대수": "", "지형높이": "평지", "지형형상": "세로장방", "도로접면": "세로한면(가)", "OSC공법": "소형", "공시지가_2026": 7005000, "PNU": "1171010600100550002", "공공도서관": 2, "유치원": 5, "어린이집": 17, "중고등학교": 3, "초등학교": 5, "지하철역": 3, "주민센터": 3, "대학교": 0, "병원": 5, "버스정류장": 29, "대형점포": 4, "공연장": 0, "공원": 4, "신규임대유형": "신혼부부"}}, {"type": "Feature", "geometry": {"type": "Point", "coordinates": [127.0927807, 37.5007755]}, "properties": {"id": "1961", "gu": "송파구", "dong": "삼전동", "jibun": "64-4", "addr": "송파구 삼전동 64-4", "대지면적": "391.59", "건폐율": "46.21", "용적률": "126.67", "주택형태": "단독주택", "노후년수": "22.1", "임대세대수": "12", "지형높이": "평지", "지형형상": "세로장방", "도로접면": "세로한면(가)", "OSC공법": "소형", "공시지가_2026": 7228000, "PNU": "1171010600100640004", "공공도서관": 2, "유치원": 3, "어린이집": 17, "중고등학교": 2, "초등학교": 3, "지하철역": 3, "주민센터": 3, "대학교": 0, "병원": 6, "버스정류장": 26, "대형점포": 3, "공연장": 0, "공원": 3, "신규임대유형": "신혼부부"}}, {"type": "Feature", "geometry": {"type": "Point", "coordinates": [127.0944435, 37.4995576]}, "properties": {"id": "1962", "gu": "송파구", "dong": "삼전동", "jibun": "168-6", "addr": "송파구 삼전동 168-6", "대지면적": "", "건폐율": "", "용적률": "", "주택형태": "", "노후년수": "", "임대세대수": "", "지형높이": "평지", "지형형상": "자루형", "도로접면": "소로한면", "OSC공법": "소형", "공시지가_2026": 6711000, "PNU": "1171010600101680006", "공공도서관": 2, "유치원": 3, "어린이집": 17, "중고등학교": 2, "초등학교": 3, "지하철역": 3, "주민센터": 3, "대학교": 0, "병원": 6, "버스정류장": 26, "대형점포": 3, "공연장": 0, "공원": 3, "신규임대유형": "신혼부부"}}, {"type": "Feature", "geometry": {"type": "Point", "coordinates": [127.1247077, 37.5031209]}, "properties": {"id": "1964", "gu": "송파구", "dong": "가락동", "jibun": "4-2", "addr": "송파구 가락동 4-2", "대지면적": "210.00", "건폐율": "71.09", "용적률": "225.73", "주택형태": "공동주택", "노후년수": "21.0", "임대세대수": "5", "지형높이": "평지", "지형형상": "세로장방", "도로접면": "세로한면(가)", "OSC공법": "소형", "공시지가_2026": 5962000, "PNU": "1171010700100040002", "공공도서관": 1, "유치원": 1, "어린이집": 9, "중고등학교": 1, "초등학교": 2, "지하철역": 1, "주민센터": 2, "대학교": 0, "병원": 4, "버스정류장": 20, "대형점포": 1, "공연장": 0, "공원": 1, "신규임대유형": "신혼부부"}}, {"type": "Feature", "geometry": {"type": "Point", "coordinates": [127.1249588, 37.4947828]}, "properties": {"id": "1968", "gu": "송파구", "dong": "가락동", "jibun": "129-4", "addr": "송파구 가락동 129-4", "대지면적": "", "건폐율": "", "용적률": "", "주택형태": "", "노후년수": "", "임대세대수": "", "지형높이": "평지", "지형형상": "세로장방", "도로접면": "세로한면(가)", "OSC공법": "소형", "공시지가_2026": 5986000, "PNU": "1171010700101290004", "공공도서관": 1, "유치원": 0, "어린이집": 10, "중고등학교": 1, "초등학교": 2, "지하철역": 1, "주민센터": 2, "대학교": 0, "병원": 4, "버스정류장": 19, "대형점포": 1, "공연장": 0, "공원": 1, "신규임대유형": "청년"}}, {"type": "Feature", "geometry": {"type": "Point", "coordinates": [127.1322301, 37.4942596]}, "properties": {"id": "1976", "gu": "송파구", "dong": "가락동", "jibun": "194-9", "addr": "송파구 가락동 194-9", "대지면적": "199.30", "건폐율": "59.76", "용적률": "223.99", "주택형태": "공동주택", "노후년수": "21.3", "임대세대수": "9", "지형높이": "평지", "지형형상": "가로장방", "도로접면": "세로한면(가)", "OSC공법": "소형", "공시지가_2026": 5946000, "PNU": "1171010700101940009", "공공도서관": 1, "유치원": 6, "어린이집": 23, "중고등학교": 6, "초등학교": 3, "지하철역": 3, "주민센터": 3, "대학교": 0, "병원": 4, "버스정류장": 41, "대형점포": 6, "공연장": 0, "공원": 6, "신규임대유형": "청년"}}, {"type": "Feature", "geometry": {"type": "Point", "coordinates": [127.1236993, 37.4873885]}, "properties": {"id": "1979", "gu": "송파구", "dong": "문정동", "jibun": "48-11", "addr": "송파구 문정동 48-11", "대지면적": "", "건폐율": "", "용적률": "", "주택형태": "", "노후년수": "", "임대세대수": "", "지형높이": "평지", "지형형상": "정방형", "도로접면": "세로한면(가)", "OSC공법": "소형", "공시지가_2026": 6137000, "PNU": "1171010800100480011", "공공도서관": 2, "유치원": 5, "어린이집": 23, "중고등학교": 3, "초등학교": 4, "지하철역": 3, "주민센터": 2, "대학교": 0, "병원": 3, "버스정류장": 38, "대형점포": 7, "공연장": 3, "공원": 7, "신규임대유형": "신혼부부"}}, {"type": "Feature", "geometry": {"type": "Point", "coordinates": [127.129901, 37.4844904]}, "properties": {"id": "1980", "gu": "송파구", "dong": "문정동", "jibun": "100-2", "addr": "송파구 문정동 100-2", "대지면적": "", "건폐율": "", "용적률": "", "주택형태": "", "노후년수": "", "임대세대수": "", "지형높이": "평지", "지형형상": "가로장방", "도로접면": "세로한면(가)", "OSC공법": "", "공시지가_2026": 5774000, "PNU": "1171010800101000002", "공공도서관": 2, "유치원": 5, "어린이집": 23, "중고등학교": 3, "초등학교": 4, "지하철역": 3, "주민센터": 2, "대학교": 0, "병원": 3, "버스정류장": 30, "대형점포": 4, "공연장": 0, "공원": 4, "신규임대유형": "청년"}}, {"type": "Feature", "geometry": {"type": "Point", "coordinates": [127.1314799, 37.4861199]}, "properties": {"id": "1981", "gu": "송파구", "dong": "문정동", "jibun": "110-16", "addr": "송파구 문정동 110-16", "대지면적": "", "건폐율": "", "용적률": "", "주택형태": "", "노후년수": "", "임대세대수": "", "지형높이": "평지", "지형형상": "세로장방", "도로접면": "세로한면(가)", "OSC공법": "", "공시지가_2026": 5728000, "PNU": "1171010800101100016", "공공도서관": 2, "유치원": 6, "어린이집": 23, "중고등학교": 0, "초등학교": 3, "지하철역": 3, "주민센터": 2, "대학교": 0, "병원": 3, "버스정류장": 39, "대형점포": 7, "공연장": 3, "공원": 7, "신규임대유형": "청년"}}, {"type": "Feature", "geometry": {"type": "Point", "coordinates": [127.1181542, 37.5115478]}, "properties": {"id": "1984", "gu": "송파구", "dong": "방이동", "jibun": "138-9", "addr": "송파구 방이동 138-9", "대지면적": "213.00", "건폐율": "59.73", "용적률": "210.14", "주택형태": "단독주택", "노후년수": "24.2", "임대세대수": "10", "지형높이": "평지", "지형형상": "세로장방", "도로접면": "세로한면(가)", "OSC공법": "소형", "공시지가_2026": 6506000, "PNU": "1171011100101380009", "공공도서관": 2, "유치원": 7, "어린이집": 24, "중고등학교": 1, "초등학교": 4, "지하철역": 3, "주민센터": 2, "대학교": 0, "병원": 3, "버스정류장": 35, "대형점포": 6, "공연장": 3, "공원": 6, "신규임대유형": "청년"}}, {"type": "Feature", "geometry": {"type": "Point", "coordinates": [127.1174737, 37.51109]}, "properties": {"id": "1985", "gu": "송파구", "dong": "방이동", "jibun": "140-16", "addr": "송파구 방이동 140-16", "대지면적": "", "건폐율": "", "용적률": "", "주택형태": "", "노후년수": "", "임대세대수": "", "지형높이": "평지", "지형형상": "세로장방", "도로접면": "세로한면(가)", "OSC공법": "소형", "공시지가_2026": 6418000, "PNU": "1171011100101400016", "공공도서관": 1, "유치원": 5, "어린이집": 22, "중고등학교": 1, "초등학교": 4, "지하철역": 3, "주민센터": 2, "대학교": 0, "병원": 4, "버스정류장": 38, "대형점포": 3, "공연장": 0, "공원": 3, "신규임대유형": "청년"}}, {"type": "Feature", "geometry": {"type": "Point", "coordinates": [127.1150296, 37.5122068]}, "properties": {"id": "1986", "gu": "송파구", "dong": "방이동", "jibun": "145-37", "addr": "송파구 방이동 145-37", "대지면적": "261.40", "건폐율": "59.89", "용적률": "201.77", "주택형태": "공동주택", "노후년수": "22.2", "임대세대수": "10", "지형높이": "평지", "지형형상": "세로장방", "도로접면": "세로한면(가)", "OSC공법": "소형", "공시지가_2026": 6522000, "PNU": "1171011100101450037", "공공도서관": 1, "유치원": 6, "어린이집": 20, "중고등학교": 1, "초등학교": 4, "지하철역": 3, "주민센터": 2, "대학교": 0, "병원": 4, "버스정류장": 38, "대형점포": 3, "공연장": 0, "공원": 3, "신규임대유형": "청년"}}, {"type": "Feature", "geometry": {"type": "Point", "coordinates": [127.1207279, 37.5112075]}, "properties": {"id": "1990", "gu": "송파구", "dong": "방이동", "jibun": "162-17", "addr": "송파구 방이동 162-17", "대지면적": "", "건폐율": "", "용적률": "", "주택형태": "", "노후년수": "", "임대세대수": "", "지형높이": "평지", "지형형상": "세로장방", "도로접면": "세로한면(가)", "OSC공법": "소형", "공시지가_2026": 6407000, "PNU": "1171011100101620017", "공공도서관": 2, "유치원": 5, "어린이집": 23, "중고등학교": 3, "초등학교": 4, "지하철역": 1, "주민센터": 2, "대학교": 0, "병원": 3, "버스정류장": 22, "대형점포": 3, "공연장": 0, "공원": 3, "신규임대유형": "신혼부부"}}, {"type": "Feature", "geometry": {"type": "Point", "coordinates": [127.1265612, 37.5110506]}, "properties": {"id": "1991", "gu": "송파구", "dong": "방이동", "jibun": "185-15", "addr": "송파구 방이동 185-15", "대지면적": "172.00", "건폐율": "0.00", "용적률": "155.50", "주택형태": "단독주택", "노후년수": "34.6", "임대세대수": "10", "지형높이": "평지", "지형형상": "세로장방", "도로접면": "세로한면(가)", "OSC공법": "소형", "공시지가_2026": 8710000, "PNU": "1171011100101850015", "공공도서관": 2, "유치원": 5, "어린이집": 23, "중고등학교": 3, "초등학교": 4, "지하철역": 3, "주민센터": 2, "대학교": 0, "병원": 3, "버스정류장": 26, "대형점포": 3, "공연장": 0, "공원": 3, "신규임대유형": "청년"}}, {"type": "Feature", "geometry": {"type": "Point", "coordinates": [127.1212479, 37.506874]}, "properties": {"id": "1992", "gu": "송파구", "dong": "방이동", "jibun": "223-4", "addr": "송파구 방이동 223-4", "대지면적": "", "건폐율": "", "용적률": "", "주택형태": "", "노후년수": "", "임대세대수": "", "지형높이": "평지", "지형형상": "자루형", "도로접면": "소로한면", "OSC공법": "소형", "공시지가_2026": 4731000, "PNU": "1171011100102230004", "공공도서관": 1, "유치원": 4, "어린이집": 26, "중고등학교": 3, "초등학교": 4, "지하철역": 3, "주민센터": 1, "대학교": 0, "병원": 3, "버스정류장": 25, "대형점포": 4, "공연장": 0, "공원": 4, "신규임대유형": "청년"}}, {"type": "Feature", "geometry": {"type": "Point", "coordinates": [127.135551, 37.5025761]}, "properties": {"id": "1998", "gu": "송파구", "dong": "오금동", "jibun": "65-8", "addr": "송파구 오금동 65-8", "대지면적": "", "건폐율": "", "용적률": "", "주택형태": "", "노후년수": "", "임대세대수": "", "지형높이": "평지", "지형형상": "사다리형", "도로접면": "소로각지", "OSC공법": "중형", "공시지가_2026": 5501000, "PNU": "1171011200100650008", "공공도서관": 1, "유치원": 1, "어린이집": 11, "중고등학교": 0, "초등학교": 2, "지하철역": 1, "주민센터": 2, "대학교": 0, "병원": 5, "버스정류장": 21, "대형점포": 1, "공연장": 0, "공원": 1, "신규임대유형": "청년"}}, {"type": "Feature", "geometry": {"type": "Point", "coordinates": [127.1400658, 37.5042561]}, "properties": {"id": "2006", "gu": "송파구", "dong": "오금동", "jibun": "119-3", "addr": "송파구 오금동 119-3", "대지면적": "247.00", "건폐율": "59.92", "용적률": "164.87", "주택형태": "단독주택", "노후년수": "27.1", "임대세대수": "9", "지형높이": "평지", "지형형상": "사다리형", "도로접면": "소로각지", "OSC공법": "중형", "공시지가_2026": 5612000, "PNU": "1171011200101190003", "공공도서관": 0, "유치원": 2, "어린이집": 12, "중고등학교": 2, "초등학교": 1, "지하철역": 2, "주민센터": 2, "대학교": 0, "병원": 6, "버스정류장": 22, "대형점포": 2, "공연장": 0, "공원": 2, "신규임대유형": "청년"}}, {"type": "Feature", "geometry": {"type": "Point", "coordinates": [127.1394008, 37.5042283]}, "properties": {"id": "2007", "gu": "송파구", "dong": "오금동", "jibun": "120-22", "addr": "송파구 오금동 120-22", "대지면적": "", "건폐율": "", "용적률": "", "주택형태": "", "노후년수": "", "임대세대수": "", "지형높이": "평지", "지형형상": "사다리형", "도로접면": "세로한면(가)", "OSC공법": "소형", "공시지가_2026": 5403000, "PNU": "1171011200101200022", "공공도서관": 1, "유치원": 4, "어린이집": 19, "중고등학교": 2, "초등학교": 3, "지하철역": 2, "주민센터": 2, "대학교": 0, "병원": 6, "버스정류장": 28, "대형점포": 4, "공연장": 0, "공원": 4, "신규임대유형": "청년"}}, {"type": "Feature", "geometry": {"type": "Point", "coordinates": [127.1470192, 37.4921954]}, "properties": {"id": "2012", "gu": "송파구", "dong": "거여동", "jibun": "30-6", "addr": "송파구 거여동 30-6", "대지면적": "", "건폐율": "", "용적률": "", "주택형태": "", "노후년수": "", "임대세대수": "", "지형높이": "평지", "지형형상": "정방형", "도로접면": "세로한면(가)", "OSC공법": "소형", "공시지가_2026": 5030000, "PNU": "1171011300100300006", "공공도서관": 0, "유치원": 3, "어린이집": 12, "중고등학교": 2, "초등학교": 1, "지하철역": 2, "주민센터": 1, "대학교": 0, "병원": 6, "버스정류장": 24, "대형점포": 3, "공연장": 0, "공원": 3, "신규임대유형": "청년"}}, {"type": "Feature", "geometry": {"type": "Point", "coordinates": [127.1454146, 37.4975674]}, "properties": {"id": "2013", "gu": "송파구", "dong": "거여동", "jibun": "132-26", "addr": "송파구 거여동 132-26", "대지면적": "", "건폐율": "", "용적률": "", "주택형태": "", "노후년수": "", "임대세대수": "", "지형높이": "평지", "지형형상": "정방형", "도로접면": "세로한면(불)", "OSC공법": "소형", "공시지가_2026": 3808000, "PNU": "1171011300101320026", "공공도서관": 1, "유치원": 2, "어린이집": 17, "중고등학교": 2, "초등학교": 1, "지하철역": 2, "주민센터": 1, "대학교": 0, "병원": 6, "버스정류장": 25, "대형점포": 4, "공연장": 0, "공원": 4, "신규임대유형": "청년"}}, {"type": "Feature", "geometry": {"type": "Point", "coordinates": [127.1454927, 37.4975903]}, "properties": {"id": "2014", "gu": "송파구", "dong": "거여동", "jibun": "132-36", "addr": "송파구 거여동 132-36", "대지면적": "", "건폐율": "", "용적률": "", "주택형태": "", "노후년수": "", "임대세대수": "", "지형높이": "평지", "지형형상": "사다리형", "도로접면": "세로한면(가)", "OSC공법": "소형", "공시지가_2026": 4098000, "PNU": "1171011300101320036", "공공도서관": 0, "유치원": 3, "어린이집": 13, "중고등학교": 3, "초등학교": 2, "지하철역": 1, "주민센터": 1, "대학교": 0, "병원": 5, "버스정류장": 19, "대형점포": 3, "공연장": 0, "공원": 3, "신규임대유형": "청년"}}, {"type": "Feature", "geometry": {"type": "Point", "coordinates": [127.1457244, 37.497907]}, "properties": {"id": "2015", "gu": "송파구", "dong": "거여동", "jibun": "133-1", "addr": "송파구 거여동 133-1", "대지면적": "89.60", "건폐율": "50.99", "용적률": "104.11", "주택형태": "단독주택", "노후년수": "32.9", "임대세대수": "3", "지형높이": "평지", "지형형상": "사다리형", "도로접면": "세로한면(가)", "OSC공법": "소형", "공시지가_2026": 4218000, "PNU": "1171011300101330001", "공공도서관": 0, "유치원": 8, "어린이집": 17, "중고등학교": 7, "초등학교": 3, "지하철역": 3, "주민센터": 3, "대학교": 0, "병원": 8, "버스정류장": 46, "대형점포": 2, "공연장": 0, "공원": 2, "신규임대유형": "청년"}}, {"type": "Feature", "geometry": {"type": "Point", "coordinates": [127.1457459, 37.4977582]}, "properties": {"id": "2016", "gu": "송파구", "dong": "거여동", "jibun": "133-58", "addr": "송파구 거여동 133-58", "대지면적": "", "건폐율": "", "용적률": "", "주택형태": "", "노후년수": "", "임대세대수": "", "지형높이": "평지", "지형형상": "자루형", "도로접면": "세로한면(가)", "OSC공법": "소형", "공시지가_2026": 3585000, "PNU": "1171011300101330058", "공공도서관": 0, "유치원": 6, "어린이집": 27, "중고등학교": 2, "초등학교": 5, "지하철역": 3, "주민센터": 2, "대학교": 0, "병원": 9, "버스정류장": 47, "대형점포": 5, "공연장": 0, "공원": 5, "신규임대유형": "청년"}}, {"type": "Feature", "geometry": {"type": "Point", "coordinates": [127.1429689, 37.4970518]}, "properties": {"id": "2017", "gu": "송파구", "dong": "거여동", "jibun": "136-99", "addr": "송파구 거여동 136-99", "대지면적": "0.00", "건폐율": "59.60", "용적률": "96.87", "주택형태": "단독주택", "노후년수": "25.3", "임대세대수": "4", "지형높이": "평지", "지형형상": "세로장방", "도로접면": "소로한면", "OSC공법": "중형", "공시지가_2026": 4662000, "PNU": "1171011300101360099", "공공도서관": 1, "유치원": 5, "어린이집": 29, "중고등학교": 4, "초등학교": 4, "지하철역": 2, "주민센터": 1, "대학교": 0, "병원": 4, "버스정류장": 38, "대형점포": 4, "공연장": 1, "공원": 4, "신규임대유형": "신혼부부"}}, {"type": "Feature", "geometry": {"type": "Point", "coordinates": [127.150277, 37.4911399]}, "properties": {"id": "2018", "gu": "송파구", "dong": "거여동", "jibun": "225-81", "addr": "송파구 거여동 225-81", "대지면적": "", "건폐율": "", "용적률": "", "주택형태": "", "노후년수": "", "임대세대수": "", "지형높이": "평지", "지형형상": "세로장방", "도로접면": "세로한면(가)", "OSC공법": "소형", "공시지가_2026": 4657000, "PNU": "1171011300102250081", "공공도서관": 0, "유치원": 5, "어린이집": 20, "중고등학교": 3, "초등학교": 4, "지하철역": 3, "주민센터": 1, "대학교": 0, "병원": 6, "버스정류장": 50, "대형점포": 3, "공연장": 0, "공원": 3, "신규임대유형": "신혼부부"}}, {"type": "Feature", "geometry": {"type": "Point", "coordinates": [127.1501792, 37.4991324]}, "properties": {"id": "2024", "gu": "송파구", "dong": "마천동", "jibun": "84-13", "addr": "송파구 마천동 84-13", "대지면적": "118.00", "건폐율": "0.00", "용적률": "173.52", "주택형태": "공동주택", "노후년수": "38.6", "임대세대수": "4", "지형높이": "평지", "지형형상": "사다리형", "도로접면": "세로한면(가)", "OSC공법": "소형", "공시지가_2026": 4714000, "PNU": "1171011400100840013", "공공도서관": 1, "유치원": 6, "어린이집": 33, "중고등학교": 4, "초등학교": 3, "지하철역": 2, "주민센터": 1, "대학교": 0, "병원": 1, "버스정류장": 60, "대형점포": 3, "공연장": 0, "공원": 3, "신규임대유형": "신혼부부"}}, {"type": "Feature", "geometry": {"type": "Point", "coordinates": [127.1493779, 37.4997042]}, "properties": {"id": "2025", "gu": "송파구", "dong": "마천동", "jibun": "87-28", "addr": "송파구 마천동 87-28", "대지면적": "", "건폐율": "", "용적률": "", "주택형태": "", "노후년수": "", "임대세대수": "", "지형높이": "평지", "지형형상": "사다리형", "도로접면": "세로한면(가)", "OSC공법": "", "공시지가_2026": 4684000, "PNU": "1171011400100870028", "공공도서관": 1, "유치원": 6, "어린이집": 28, "중고등학교": 4, "초등학교": 3, "지하철역": 0, "주민센터": 1, "대학교": 0, "병원": 1, "버스정류장": 58, "대형점포": 1, "공연장": 0, "공원": 1, "신규임대유형": "청년"}}, {"type": "Feature", "geometry": {"type": "Point", "coordinates": [127.1492768, 37.500453]}, "properties": {"id": "2026", "gu": "송파구", "dong": "마천동", "jibun": "88-2", "addr": "송파구 마천동 88-2", "대지면적": "", "건폐율": "", "용적률": "", "주택형태": "", "노후년수": "", "임대세대수": "", "지형높이": "평지", "지형형상": "사다리형", "도로접면": "소로한면", "OSC공법": "중형", "공시지가_2026": 4874000, "PNU": "1171011400100880002", "공공도서관": 1, "유치원": 8, "어린이집": 21, "중고등학교": 3, "초등학교": 3, "지하철역": 3, "주민센터": 1, "대학교": 0, "병원": 3, "버스정류장": 39, "대형점포": 5, "공연장": 2, "공원": 5, "신규임대유형": "신혼부부"}}, {"type": "Feature", "geometry": {"type": "Point", "coordinates": [127.1484942, 37.4990246]}, "properties": {"id": "2027", "gu": "송파구", "dong": "마천동", "jibun": "95-20", "addr": "송파구 마천동 95-20", "대지면적": "156.00", "건폐율": "57.47", "용적률": "110.36", "주택형태": "공동주택", "노후년수": "21.9", "임대세대수": "7", "지형높이": "평지", "지형형상": "사다리형", "도로접면": "세로한면(불)", "OSC공법": "소형", "공시지가_2026": 3925000, "PNU": "1171011400100950020", "공공도서관": 1, "유치원": 8, "어린이집": 22, "중고등학교": 3, "초등학교": 3, "지하철역": 3, "주민센터": 1, "대학교": 0, "병원": 5, "버스정류장": 37, "대형점포": 5, "공연장": 2, "공원": 5, "신규임대유형": "신혼부부"}}, {"type": "Feature", "geometry": {"type": "Point", "coordinates": [127.1530911, 37.4960113]}, "properties": {"id": "2028", "gu": "송파구", "dong": "마천동", "jibun": "184-38", "addr": "송파구 마천동 184-38", "대지면적": "", "건폐율": "", "용적률": "", "주택형태": "", "노후년수": "", "임대세대수": "", "지형높이": "평지", "지형형상": "사다리형", "도로접면": "세로한면(가)", "OSC공법": "소형", "공시지가_2026": 5237000, "PNU": "1171011400101840038", "공공도서관": 1, "유치원": 4, "어린이집": 24, "중고등학교": 3, "초등학교": 3, "지하철역": 3, "주민센터": 2, "대학교": 0, "병원": 5, "버스정류장": 37, "대형점포": 5, "공연장": 2, "공원": 5, "신규임대유형": "신혼부부"}}, {"type": "Feature", "geometry": {"type": "Point", "coordinates": [127.1534343, 37.4969296]}, "properties": {"id": "2029", "gu": "송파구", "dong": "마천동", "jibun": "190-38", "addr": "송파구 마천동 190-38", "대지면적": "152.00", "건폐율": "0.00", "용적률": "231.56", "주택형태": "단독주택", "노후년수": "34.5", "임대세대수": "5", "지형높이": "평지", "지형형상": "세로장방", "도로접면": "소로한면", "OSC공법": "", "공시지가_2026": 7038000, "PNU": "1171011400101900038", "공공도서관": 1, "유치원": 8, "어린이집": 19, "중고등학교": 3, "초등학교": 2, "지하철역": 3, "주민센터": 1, "대학교": 0, "병원": 2, "버스정류장": 38, "대형점포": 5, "공연장": 4, "공원": 5, "신규임대유형": "청년"}}, {"type": "Feature", "geometry": {"type": "Point", "coordinates": [127.1530673, 37.4980453]}, "properties": {"id": "2030", "gu": "송파구", "dong": "마천동", "jibun": "193-6", "addr": "송파구 마천동 193-6", "대지면적": "", "건폐율": "", "용적률": "", "주택형태": "", "노후년수": "", "임대세대수": "", "지형높이": "평지", "지형형상": "사다리형", "도로접면": "세로한면(불)", "OSC공법": "소형", "공시지가_2026": 3779000, "PNU": "1171011400101930006", "공공도서관": 0, "유치원": 3, "어린이집": 9, "중고등학교": 5, "초등학교": 4, "지하철역": 3, "주민센터": 1, "대학교": 0, "병원": 2, "버스정류장": 37, "대형점포": 4, "공연장": 3, "공원": 4, "신규임대유형": "청년"}}, {"type": "Feature", "geometry": {"type": "Point", "coordinates": [127.1539317, 37.4987419]}, "properties": {"id": "2031", "gu": "송파구", "dong": "마천동", "jibun": "197-7", "addr": "송파구 마천동 197-7", "대지면적": "", "건폐율": "", "용적률": "", "주택형태": "", "노후년수": "", "임대세대수": "", "지형높이": "평지", "지형형상": "가로장방", "도로접면": "세로한면(가)", "OSC공법": "소형", "공시지가_2026": 4588000, "PNU": "1171011400101970007", "공공도서관": 0, "유치원": 8, "어린이집": 24, "중고등학교": 7, "초등학교": 3, "지하철역": 3, "주민센터": 3, "대학교": 0, "병원": 3, "버스정류장": 39, "대형점포": 6, "공연장": 1, "공원": 6, "신규임대유형": "신혼부부"}}, {"type": "Feature", "geometry": {"type": "Point", "coordinates": [127.1546944, 37.4967443]}, "properties": {"id": "2032", "gu": "송파구", "dong": "마천동", "jibun": "207-12", "addr": "송파구 마천동 207-12", "대지면적": "", "건폐율": "", "용적률": "", "주택형태": "", "노후년수": "", "임대세대수": "", "지형높이": "평지", "지형형상": "세로장방", "도로접면": "세로한면(가)", "OSC공법": "소형", "공시지가_2026": 4283000, "PNU": "1171011400102070012", "공공도서관": 1, "유치원": 3, "어린이집": 21, "중고등학교": 5, "초등학교": 4, "지하철역": 3, "주민센터": 1, "대학교": 0, "병원": 3, "버스정류장": 46, "대형점포": 0, "공연장": 1, "공원": 0, "신규임대유형": "청년"}}, {"type": "Feature", "geometry": {"type": "Point", "coordinates": [127.1547292, 37.4966452]}, "properties": {"id": "2033", "gu": "송파구", "dong": "마천동", "jibun": "207-13", "addr": "송파구 마천동 207-13", "대지면적": "0.00", "건폐율": "0.00", "용적률": "166.00", "주택형태": "공동주택", "노후년수": "37.6", "임대세대수": "1", "지형높이": "평지", "지형형상": "세로장방", "도로접면": "세로한면(가)", "OSC공법": "소형", "공시지가_2026": 4283000, "PNU": "1171011400102070013", "공공도서관": 1, "유치원": 2, "어린이집": 16, "중고등학교": 3, "초등학교": 2, "지하철역": 0, "주민센터": 0, "대학교": 0, "병원": 2, "버스정류장": 33, "대형점포": 0, "공연장": 1, "공원": 0, "신규임대유형": "청년"}}, {"type": "Feature", "geometry": {"type": "Point", "coordinates": [127.1548097, 37.4963995]}, "properties": {"id": "2034", "gu": "송파구", "dong": "마천동", "jibun": "207-18", "addr": "송파구 마천동 207-18", "대지면적": "", "건폐율": "", "용적률": "", "주택형태": "", "노후년수": "", "임대세대수": "", "지형높이": "평지", "지형형상": "가로장방", "도로접면": "세로각지(가)", "OSC공법": "소형", "공시지가_2026": 4462000, "PNU": "1171011400102070018", "공공도서관": 1, "유치원": 2, "어린이집": 18, "중고등학교": 3, "초등학교": 2, "지하철역": 0, "주민센터": 0, "대학교": 0, "병원": 2, "버스정류장": 36, "대형점포": 0, "공연장": 1, "공원": 0, "신규임대유형": "청년"}}, {"type": "Feature", "geometry": {"type": "Point", "coordinates": [127.1579742, 37.4905212]}, "properties": {"id": "2036", "gu": "송파구", "dong": "마천동", "jibun": "277-21", "addr": "송파구 마천동 277-21", "대지면적": "", "건폐율": "", "용적률": "", "주택형태": "", "노후년수": "", "임대세대수": "", "지형높이": "평지", "지형형상": "사다리형", "도로접면": "세로각지(가)", "OSC공법": "", "공시지가_2026": 4071000, "PNU": "1171011400102770021", "공공도서관": 1, "유치원": 4, "어린이집": 33, "중고등학교": 3, "초등학교": 4, "지하철역": 2, "주민센터": 4, "대학교": 0, "병원": 4, "버스정류장": 39, "대형점포": 4, "공연장": 1, "공원": 4, "신규임대유형": "신혼부부"}}, {"type": "Feature", "geometry": {"type": "Point", "coordinates": [127.1563369, 37.4930971]}, "properties": {"id": "2037", "gu": "송파구", "dong": "마천동", "jibun": "279-3", "addr": "송파구 마천동 279-3", "대지면적": "119.00", "건폐율": "54.97", "용적률": "0.00", "주택형태": "단독주택", "노후년수": "27.4", "임대세대수": "5", "지형높이": "평지", "지형형상": "사다리형", "도로접면": "광대세각", "OSC공법": "", "공시지가_2026": 7224000, "PNU": "1171011400102790003", "공공도서관": 1, "유치원": 4, "어린이집": 33, "중고등학교": 3, "초등학교": 4, "지하철역": 2, "주민센터": 4, "대학교": 0, "병원": 4, "버스정류장": 39, "대형점포": 4, "공연장": 1, "공원": 4, "신규임대유형": "청년"}}, {"type": "Feature", "geometry": {"type": "Point", "coordinates": [127.1561335, 37.493691]}, "properties": {"id": "2038", "gu": "송파구", "dong": "마천동", "jibun": "283-84", "addr": "송파구 마천동 283-84", "대지면적": "", "건폐율": "", "용적률": "", "주택형태": "", "노후년수": "", "임대세대수": "", "지형높이": "평지", "지형형상": "사다리형", "도로접면": "세로한면(가)", "OSC공법": "소형", "공시지가_2026": 3850000, "PNU": "1171011400102830084", "공공도서관": 1, "유치원": 4, "어린이집": 33, "중고등학교": 3, "초등학교": 4, "지하철역": 2, "주민센터": 4, "대학교": 0, "병원": 4, "버스정류장": 39, "대형점포": 4, "공연장": 1, "공원": 4, "신규임대유형": "신혼부부"}}, {"type": "Feature", "geometry": {"type": "Point", "coordinates": [127.1539058, 37.4929313]}, "properties": {"id": "2039", "gu": "송파구", "dong": "마천동", "jibun": "308-20", "addr": "송파구 마천동 308-20", "대지면적": "155.00", "건폐율": "55.43", "용적률": "202.84", "주택형태": "단독주택", "노후년수": "31.1", "임대세대수": "6", "지형높이": "평지", "지형형상": "사다리형", "도로접면": "세로한면(가)", "OSC공법": "소형", "공시지가_2026": 4358000, "PNU": "1171011400103080020", "공공도서관": 1, "유치원": 4, "어린이집": 33, "중고등학교": 3, "초등학교": 4, "지하철역": 2, "주민센터": 4, "대학교": 0, "병원": 4, "버스정류장": 39, "대형점포": 4, "공연장": 1, "공원": 4, "신규임대유형": "청년"}}, {"type": "Feature", "geometry": {"type": "Point", "coordinates": [127.1530836, 37.4939644]}, "properties": {"id": "2040", "gu": "송파구", "dong": "마천동", "jibun": "309-20", "addr": "송파구 마천동 309-20", "대지면적": "", "건폐율": "", "용적률": "", "주택형태": "", "노후년수": "", "임대세대수": "", "지형높이": "평지", "지형형상": "가로장방", "도로접면": "세로한면(불)", "OSC공법": "소형", "공시지가_2026": 4653000, "PNU": "1171011400103090020", "공공도서관": 2, "유치원": 4, "어린이집": 35, "중고등학교": 4, "초등학교": 2, "지하철역": 2, "주민센터": 4, "대학교": 0, "병원": 4, "버스정류장": 40, "대형점포": 5, "공연장": 1, "공원": 5, "신규임대유형": "청년"}}, {"type": "Feature", "geometry": {"type": "Point", "coordinates": [127.1532696, 37.4937611]}, "properties": {"id": "2041", "gu": "송파구", "dong": "마천동", "jibun": "309-37", "addr": "송파구 마천동 309-37", "대지면적": "285.00", "건폐율": "59.74", "용적률": "147.38", "주택형태": "단독주택", "노후년수": "31.0", "임대세대수": "1", "지형높이": "평지", "지형형상": "자루형", "도로접면": "소로한면", "OSC공법": "소형", "공시지가_2026": 4446000, "PNU": "1171011400103090037", "공공도서관": 2, "유치원": 6, "어린이집": 27, "중고등학교": 3, "초등학교": 3, "지하철역": 2, "주민센터": 3, "대학교": 0, "병원": 2, "버스정류장": 42, "대형점포": 4, "공연장": 0, "공원": 4, "신규임대유형": "청년"}}, {"type": "Feature", "geometry": {"type": "Point", "coordinates": [127.1538031, 37.494121]}, "properties": {"id": "2042", "gu": "송파구", "dong": "마천동", "jibun": "312-10", "addr": "송파구 마천동 312-10", "대지면적": "", "건폐율": "", "용적률": "", "주택형태": "", "노후년수": "", "임대세대수": "", "지형높이": "평지", "지형형상": "세로장방", "도로접면": "세로한면(불)", "OSC공법": "소형", "공시지가_2026": 4653000, "PNU": "1171011400103120010", "공공도서관": 1, "유치원": 4, "어린이집": 22, "중고등학교": 0, "초등학교": 3, "지하철역": 1, "주민센터": 4, "대학교": 0, "병원": 3, "버스정류장": 34, "대형점포": 3, "공연장": 0, "공원": 3, "신규임대유형": "유지"}}, {"type": "Feature", "geometry": {"type": "Point", "coordinates": [127.1540244, 37.4929751]}, "properties": {"id": "2043", "gu": "송파구", "dong": "마천동", "jibun": "322-15", "addr": "송파구 마천동 322-15", "대지면적": "114.80", "건폐율": "0.00", "용적률": "91.10", "주택형태": "공동주택", "노후년수": "38.2", "임대세대수": "5", "지형높이": "평지", "지형형상": "정방형", "도로접면": "세로한면(가)", "OSC공법": "소형", "공시지가_2026": 4445000, "PNU": "1171011400103220015", "공공도서관": 1, "유치원": 3, "어린이집": 21, "중고등학교": 0, "초등학교": 3, "지하철역": 1, "주민센터": 4, "대학교": 0, "병원": 3, "버스정류장": 30, "대형점포": 3, "공연장": 0, "공원": 3, "신규임대유형": "신혼부부"}}, {"type": "Feature", "geometry": {"type": "Point", "coordinates": [127.1538163, 37.4927654]}, "properties": {"id": "2044", "gu": "송파구", "dong": "마천동", "jibun": "323-182", "addr": "송파구 마천동 323-182", "대지면적": "", "건폐율": "", "용적률": "", "주택형태": "", "노후년수": "", "임대세대수": "", "지형높이": "평지", "지형형상": "가로장방", "도로접면": "세로한면(불)", "OSC공법": "소형", "공시지가_2026": 4044000, "PNU": "1171011400103230182", "공공도서관": 1, "유치원": 3, "어린이집": 20, "중고등학교": 0, "초등학교": 3, "지하철역": 1, "주민센터": 4, "대학교": 0, "병원": 2, "버스정류장": 25, "대형점포": 3, "공연장": 0, "공원": 3, "신규임대유형": "청년"}}, {"type": "Feature", "geometry": {"type": "Point", "coordinates": [127.1537342, 37.5018126]}, "properties": {"id": "2045", "gu": "송파구", "dong": "마천동", "jibun": "336-2", "addr": "송파구 마천동 336-2", "대지면적": "0.00", "건폐율": "59.35", "용적률": "149.84", "주택형태": "단독주택", "노후년수": "31.4", "임대세대수": "5", "지형높이": "완경사", "지형형상": "세로장방", "도로접면": "세로한면(불)", "OSC공법": "", "공시지가_2026": 3344000, "PNU": "1171011400103360002", "공공도서관": 1, "유치원": 3, "어린이집": 25, "중고등학교": 0, "초등학교": 4, "지하철역": 2, "주민센터": 4, "대학교": 0, "병원": 4, "버스정류장": 34, "대형점포": 4, "공연장": 0, "공원": 4, "신규임대유형": "청년"}}, {"type": "Feature", "geometry": {"type": "Point", "coordinates": [127.1540689, 37.5004097]}, "properties": {"id": "2046", "gu": "송파구", "dong": "마천동", "jibun": "347-1", "addr": "송파구 마천동 347-1", "대지면적": "", "건폐율": "", "용적률": "", "주택형태": "", "노후년수": "", "임대세대수": "", "지형높이": "완경사", "지형형상": "정방형", "도로접면": "세로각지(가)", "OSC공법": "소형", "공시지가_2026": 3770000, "PNU": "1171011400103470001", "공공도서관": 2, "유치원": 3, "어린이집": 24, "중고등학교": 0, "초등학교": 2, "지하철역": 1, "주민센터": 3, "대학교": 0, "병원": 1, "버스정류장": 37, "대형점포": 4, "공연장": 0, "공원": 4, "신규임대유형": "청년"}}, {"type": "Feature", "geometry": {"type": "Point", "coordinates": [127.1580903, 37.4911136]}, "properties": {"id": "2047", "gu": "송파구", "dong": "마천동", "jibun": "571-5", "addr": "송파구 마천동 571-5", "대지면적": "", "건폐율": "", "용적률": "", "주택형태": "", "노후년수": "", "임대세대수": "", "지형높이": "평지", "지형형상": "사다리형", "도로접면": "세로각지(가)", "OSC공법": "소형", "공시지가_2026": 4071000, "PNU": "1171011400105710005", "공공도서관": 2, "유치원": 3, "어린이집": 23, "중고등학교": 0, "초등학교": 2, "지하철역": 1, "주민센터": 3, "대학교": 0, "병원": 1, "버스정류장": 32, "대형점포": 3, "공연장": 0, "공원": 3, "신규임대유형": "청년"}}, {"type": "Feature", "geometry": {"type": "Point", "coordinates": [126.9878735, 37.4783525]}, "properties": {"id": "1803", "gu": "서초구", "dong": "방배동", "jibun": "527-8", "addr": "서초구 방배동 527-8", "대지면적": "169.00", "건폐율": "54.43", "용적률": "138.87", "주택형태": "단독주택", "노후년수": "31.0", "임대세대수": "7", "지형높이": "평지", "지형형상": "사다리형", "도로접면": "세로한면(가)", "OSC공법": "소형", "공시지가_2026": 7889000, "PNU": "1165010100105270008", "공공도서관": 0, "유치원": 1, "어린이집": 9, "중고등학교": 3, "초등학교": 2, "지하철역": 2, "주민센터": 1, "대학교": 0, "병원": 5, "버스정류장": 58, "대형점포": 1, "공연장": 2, "공원": 1, "신규임대유형": "유지"}}, {"type": "Feature", "geometry": {"type": "Point", "coordinates": [126.994819, 37.4754529]}, "properties": {"id": "1805", "gu": "서초구", "dong": "방배동", "jibun": "593-56", "addr": "서초구 방배동 593-56", "대지면적": "278.00", "건폐율": "40.92", "용적률": "122.75", "주택형태": "단독주택", "노후년수": "27.5", "임대세대수": "11", "지형높이": "완경사", "지형형상": "세로장방", "도로접면": "세로한면(가)", "OSC공법": "소형", "공시지가_2026": 6517000, "PNU": "1165010100105930056", "공공도서관": 1, "유치원": 3, "어린이집": 6, "중고등학교": 3, "초등학교": 1, "지하철역": 1, "주민센터": 1, "대학교": 1, "병원": 2, "버스정류장": 57, "대형점포": 0, "공연장": 0, "공원": 0, "신규임대유형": "청년"}}, {"type": "Feature", "geometry": {"type": "Point", "coordinates": [126.9889846, 37.4926114]}, "properties": {"id": "1808", "gu": "서초구", "dong": "방배동", "jibun": "793-14", "addr": "서초구 방배동 793-14", "대지면적": "290.86", "건폐율": "59.09", "용적률": "170.77", "주택형태": "단독주택", "노후년수": "29.5", "임대세대수": "13", "지형높이": "평지", "지형형상": "자루형", "도로접면": "세로한면(가)", "OSC공법": "소형", "공시지가_2026": 7424000, "PNU": "1165010100107930014", "공공도서관": 0, "유치원": 4, "어린이집": 13, "중고등학교": 3, "초등학교": 2, "지하철역": 1, "주민센터": 2, "대학교": 0, "병원": 7, "버스정류장": 69, "대형점포": 3, "공연장": 8, "공원": 3, "신규임대유형": "청년"}}, {"type": "Feature", "geometry": {"type": "Point", "coordinates": [126.9867977, 37.4887778]}, "properties": {"id": "1809", "gu": "서초구", "dong": "방배동", "jibun": "829-7", "addr": "서초구 방배동 829-7", "대지면적": "170.90", "건폐율": "58.98", "용적률": "158.15", "주택형태": "단독주택", "노후년수": "22.1", "임대세대수": "9", "지형높이": "평지", "지형형상": "정방형", "도로접면": "세로한면(가)", "OSC공법": "소형", "공시지가_2026": 8608000, "PNU": "1165010100108290007", "공공도서관": 0, "유치원": 3, "어린이집": 20, "중고등학교": 3, "초등학교": 1, "지하철역": 3, "주민센터": 3, "대학교": 0, "병원": 9, "버스정류장": 72, "대형점포": 3, "공연장": 10, "공원": 3, "신규임대유형": "청년"}}, {"type": "Feature", "geometry": {"type": "Point", "coordinates": [126.9930229, 37.4817427]}, "properties": {"id": "1814", "gu": "서초구", "dong": "방배동", "jibun": "918-2", "addr": "서초구 방배동 918-2", "대지면적": "218.60", "건폐율": "56.91", "용적률": "142.72", "주택형태": "단독주택", "노후년수": "29.0", "임대세대수": "16", "지형높이": "평지", "지형형상": "세로장방", "도로접면": "소로한면", "OSC공법": "중형", "공시지가_2026": 10220000, "PNU": "1165010100109180002", "공공도서관": 1, "유치원": 4, "어린이집": 13, "중고등학교": 3, "초등학교": 3, "지하철역": 2, "주민센터": 3, "대학교": 1, "병원": 2, "버스정류장": 65, "대형점포": 0, "공연장": 0, "공원": 0, "신규임대유형": "청년"}}, {"type": "Feature", "geometry": {"type": "Point", "coordinates": [126.9925507, 37.4829939]}, "properties": {"id": "1815", "gu": "서초구", "dong": "방배동", "jibun": "919-19", "addr": "서초구 방배동 919-19", "대지면적": "247.90", "건폐율": "59.98", "용적률": "226.66", "주택형태": "공동주택", "노후년수": "21.7", "임대세대수": "16", "지형높이": "평지", "지형형상": "가로장방", "도로접면": "세로각지(가)", "OSC공법": "소형", "공시지가_2026": 10440000, "PNU": "1165010100109190019", "공공도서관": 0, "유치원": 3, "어린이집": 15, "중고등학교": 3, "초등학교": 3, "지하철역": 2, "주민센터": 3, "대학교": 1, "병원": 3, "버스정류장": 65, "대형점포": 1, "공연장": 0, "공원": 1, "신규임대유형": "청년"}}, {"type": "Feature", "geometry": {"type": "Point", "coordinates": [127.0001786, 37.4802297]}, "properties": {"id": "1816", "gu": "서초구", "dong": "방배동", "jibun": "987-12", "addr": "서초구 방배동 987-12", "대지면적": "438.10", "건폐율": "57.27", "용적률": "197.11", "주택형태": "공동주택", "노후년수": "20.5", "임대세대수": "7", "지형높이": "평지", "지형형상": "세로장방", "도로접면": "소로한면", "OSC공법": "", "공시지가_2026": 9529000, "PNU": "1165010100109870012", "공공도서관": 1, "유치원": 3, "어린이집": 11, "중고등학교": 2, "초등학교": 1, "지하철역": 1, "주민센터": 2, "대학교": 1, "병원": 1, "버스정류장": 62, "대형점포": 0, "공연장": 1, "공원": 0, "신규임대유형": "유지"}}, {"type": "Feature", "geometry": {"type": "Point", "coordinates": [127.0266357, 37.469039]}, "properties": {"id": "1827", "gu": "서초구", "dong": "우면동", "jibun": "8-13", "addr": "서초구 우면동 8-13", "대지면적": "187.80", "건폐율": "59.53", "용적률": "151.42", "주택형태": "단독주택", "노후년수": "27.2", "임대세대수": "9", "지형높이": "평지", "지형형상": "세로장방", "도로접면": "세로각지(가)", "OSC공법": "소형", "공시지가_2026": 6387000, "PNU": "1165010300100080013", "공공도서관": 0, "유치원": 3, "어린이집": 10, "중고등학교": 1, "초등학교": 3, "지하철역": 0, "주민센터": 1, "대학교": 0, "병원": 0, "버스정류장": 30, "대형점포": 0, "공연장": 0, "공원": 0, "신규임대유형": "청년"}}, {"type": "Feature", "geometry": {"type": "Point", "coordinates": [127.0178822, 37.5169333]}, "properties": {"id": "1828", "gu": "서초구", "dong": "잠원동", "jibun": "11-9", "addr": "서초구 잠원동 11-9", "대지면적": "170.70", "건폐율": "56.40", "용적률": "144.99", "주택형태": "단독주택", "노후년수": "27.2", "임대세대수": "10", "지형높이": "평지", "지형형상": "자루형", "도로접면": "세로한면(가)", "OSC공법": "소형", "공시지가_2026": 7281000, "PNU": "1165010600100110009", "공공도서관": 1, "유치원": 1, "어린이집": 10, "중고등학교": 1, "초등학교": 1, "지하철역": 3, "주민센터": 1, "대학교": 0, "병원": 4, "버스정류장": 34, "대형점포": 3, "공연장": 1, "공원": 3, "신규임대유형": "청년"}}, {"type": "Feature", "geometry": {"type": "Point", "coordinates": [127.0187417, 37.5131826]}, "properties": {"id": "1829", "gu": "서초구", "dong": "잠원동", "jibun": "29-16", "addr": "서초구 잠원동 29-16", "대지면적": "258.60", "건폐율": "59.62", "용적률": "221.83", "주택형태": "공동주택", "노후년수": "22.3", "임대세대수": "12", "지형높이": "평지", "지형형상": "가로장방", "도로접면": "세로한면(가)", "OSC공법": "소형", "공시지가_2026": 9677000, "PNU": "1165010600100290016", "공공도서관": 2, "유치원": 1, "어린이집": 11, "중고등학교": 1, "초등학교": 1, "지하철역": 3, "주민센터": 1, "대학교": 0, "병원": 6, "버스정류장": 26, "대형점포": 7, "공연장": 1, "공원": 7, "신규임대유형": "청년"}}, {"type": "Feature", "geometry": {"type": "Point", "coordinates": [127.0175913, 37.5108408]}, "properties": {"id": "1831", "gu": "서초구", "dong": "잠원동", "jibun": "45-12", "addr": "서초구 잠원동 45-12", "대지면적": "167.30", "건폐율": "59.83", "용적률": "160.34", "주택형태": "단독주택", "노후년수": "32.1", "임대세대수": "10", "지형높이": "평지", "지형형상": "세로장방", "도로접면": "세로한면(가)", "OSC공법": "소형", "공시지가_2026": 8084000, "PNU": "1165010600100450012", "공공도서관": 1, "유치원": 1, "어린이집": 10, "중고등학교": 3, "초등학교": 1, "지하철역": 4, "주민센터": 2, "대학교": 0, "병원": 6, "버스정류장": 33, "대형점포": 5, "공연장": 0, "공원": 5, "신규임대유형": "청년"}}, {"type": "Feature", "geometry": {"type": "Point", "coordinates": [127.0193355, 37.5038561]}, "properties": {"id": "1832", "gu": "서초구", "dong": "반포동", "jibun": "742-2", "addr": "서초구 반포동 742-2", "대지면적": "268.60", "건폐율": "59.05", "용적률": "168.29", "주택형태": "단독주택", "노후년수": "27.9", "임대세대수": "16", "지형높이": "평지", "지형형상": "정방형", "도로접면": "소로한면", "OSC공법": "중형", "공시지가_2026": 10940000, "PNU": "1165010700107420002", "공공도서관": 1, "유치원": 3, "어린이집": 18, "중고등학교": 3, "초등학교": 5, "지하철역": 0, "주민센터": 2, "대학교": 0, "병원": 3, "버스정류장": 59, "대형점포": 7, "공연장": 0, "공원": 7, "신규임대유형": "청년"}}, {"type": "Feature", "geometry": {"type": "Point", "coordinates": [127.0196692, 37.4834819]}, "properties": {"id": "1833", "gu": "서초구", "dong": "서초동", "jibun": "1427-9", "addr": "서초구 서초동 1427-9", "대지면적": "287.60", "건폐율": "58.58", "용적률": "191.69", "주택형태": "공동주택", "노후년수": "23.7", "임대세대수": "20", "지형높이": "평지", "지형형상": "세로장방", "도로접면": "세로한면(가)", "OSC공법": "소형", "공시지가_2026": 7969000, "PNU": "1165010800114270009", "공공도서관": 0, "유치원": 0, "어린이집": 8, "중고등학교": 0, "초등학교": 1, "지하철역": 1, "주민센터": 2, "대학교": 2, "병원": 6, "버스정류장": 53, "대형점포": 1, "공연장": 19, "공원": 1, "신규임대유형": "청년"}}, {"type": "Feature", "geometry": {"type": "Point", "coordinates": [127.0203949, 37.484007]}, "properties": {"id": "1835", "gu": "서초구", "dong": "서초동", "jibun": "1428-6", "addr": "서초구 서초동 1428-6", "대지면적": "307.30", "건폐율": "58.37", "용적률": "161.82", "주택형태": "단독주택", "노후년수": "28.6", "임대세대수": "28", "지형높이": "평지", "지형형상": "자루형", "도로접면": "소로한면", "OSC공법": "소형", "공시지가_2026": 7060000, "PNU": "1165010800114280006", "공공도서관": 0, "유치원": 0, "어린이집": 10, "중고등학교": 0, "초등학교": 1, "지하철역": 1, "주민센터": 2, "대학교": 2, "병원": 6, "버스정류장": 52, "대형점포": 2, "공연장": 19, "공원": 2, "신규임대유형": "청년"}}, {"type": "Feature", "geometry": {"type": "Point", "coordinates": [127.0214004, 37.4846487]}, "properties": {"id": "1836", "gu": "서초구", "dong": "서초동", "jibun": "1430-6", "addr": "서초구 서초동 1430-6", "대지면적": "195.90", "건폐율": "59.62", "용적률": "150.74", "주택형태": "단독주택", "노후년수": "29.0", "임대세대수": "7", "지형높이": "평지", "지형형상": "사다리형", "도로접면": "소로각지", "OSC공법": "중형", "공시지가_2026": 8993000, "PNU": "1165010800114300006", "공공도서관": 0, "유치원": 0, "어린이집": 9, "중고등학교": 0, "초등학교": 1, "지하철역": 1, "주민센터": 1, "대학교": 1, "병원": 6, "버스정류장": 45, "대형점포": 3, "공연장": 16, "공원": 3, "신규임대유형": "청년"}}, {"type": "Feature", "geometry": {"type": "Point", "coordinates": [127.0214314, 37.4851142]}, "properties": {"id": "1837", "gu": "서초구", "dong": "서초동", "jibun": "1442-12", "addr": "서초구 서초동 1442-12", "대지면적": "294.80", "건폐율": "59.89", "용적률": "159.56", "주택형태": "단독주택", "노후년수": "24.1", "임대세대수": "9", "지형높이": "평지", "지형형상": "사다리형", "도로접면": "세로한면(가)", "OSC공법": "소형", "공시지가_2026": 9313000, "PNU": "1165010800114420012", "공공도서관": 0, "유치원": 0, "어린이집": 9, "중고등학교": 0, "초등학교": 1, "지하철역": 1, "주민센터": 1, "대학교": 1, "병원": 6, "버스정류장": 49, "대형점포": 3, "공연장": 15, "공원": 3, "신규임대유형": "청년"}}, {"type": "Feature", "geometry": {"type": "Point", "coordinates": [127.0131755, 37.4834581]}, "properties": {"id": "1838", "gu": "서초구", "dong": "서초동", "jibun": "1451-28", "addr": "서초구 서초동 1451-28", "대지면적": "203.30", "건폐율": "59.16", "용적률": "232.20", "주택형태": "단독주택", "노후년수": "28.7", "임대세대수": "9", "지형높이": "평지", "지형형상": "세로장방", "도로접면": "세로한면(가)", "OSC공법": "소형", "공시지가_2026": 7910000, "PNU": "1165010800114510028", "공공도서관": 0, "유치원": 0, "어린이집": 6, "중고등학교": 2, "초등학교": 1, "지하철역": 1, "주민센터": 1, "대학교": 1, "병원": 7, "버스정류장": 62, "대형점포": 1, "공연장": 23, "공원": 1, "신규임대유형": "청년"}}, {"type": "Feature", "geometry": {"type": "Point", "coordinates": [127.0049086, 37.4877169]}, "properties": {"id": "1841", "gu": "서초구", "dong": "서초동", "jibun": "1507-3", "addr": "서초구 서초동 1507-3", "대지면적": "187.80", "건폐율": "59.18", "용적률": "182.70", "주택형태": "단독주택", "노후년수": "22.8", "임대세대수": "10", "지형높이": "평지", "지형형상": "정방형", "도로접면": "세로한면(가)", "OSC공법": "소형", "공시지가_2026": 8666000, "PNU": "1165010800115070003", "공공도서관": 2, "유치원": 0, "어린이집": 8, "중고등학교": 3, "초등학교": 1, "지하철역": 1, "주민센터": 1, "대학교": 0, "병원": 3, "버스정류장": 45, "대형점포": 1, "공연장": 11, "공원": 1, "신규임대유형": "청년"}}, {"type": "Feature", "geometry": {"type": "Point", "coordinates": [127.0056186, 37.4870413]}, "properties": {"id": "1842", "gu": "서초구", "dong": "서초동", "jibun": "1507-45", "addr": "서초구 서초동 1507-45", "대지면적": "250.50", "건폐율": "57.90", "용적률": "151.94", "주택형태": "단독주택", "노후년수": "29.2", "임대세대수": "16", "지형높이": "평지", "지형형상": "세로장방", "도로접면": "세로한면(가)", "OSC공법": "소형", "공시지가_2026": 8747000, "PNU": "1165010800115070045", "공공도서관": 2, "유치원": 0, "어린이집": 9, "중고등학교": 3, "초등학교": 1, "지하철역": 1, "주민센터": 1, "대학교": 0, "병원": 3, "버스정류장": 47, "대형점포": 1, "공연장": 11, "공원": 1, "신규임대유형": "청년"}}, {"type": "Feature", "geometry": {"type": "Point", "coordinates": [127.0070493, 37.4875863]}, "properties": {"id": "1843", "gu": "서초구", "dong": "서초동", "jibun": "1508-12", "addr": "서초구 서초동 1508-12", "대지면적": "204.40", "건폐율": "59.01", "용적률": "216.26", "주택형태": "공동주택", "노후년수": "28.7", "임대세대수": "6", "지형높이": "평지", "지형형상": "세로장방", "도로접면": "세로한면(가)", "OSC공법": "소형", "공시지가_2026": 8652000, "PNU": "1165010800115080012", "공공도서관": 2, "유치원": 0, "어린이집": 9, "중고등학교": 3, "초등학교": 1, "지하철역": 1, "주민센터": 1, "대학교": 0, "병원": 4, "버스정류장": 53, "대형점포": 1, "공연장": 14, "공원": 1, "신규임대유형": "청년"}}, {"type": "Feature", "geometry": {"type": "Point", "coordinates": [127.005106, 37.4863889]}, "properties": {"id": "1844", "gu": "서초구", "dong": "서초동", "jibun": "1515-13", "addr": "서초구 서초동 1515-13", "대지면적": "330.50", "건폐율": "49.30", "용적률": "145.32", "주택형태": "단독주택", "노후년수": "29.6", "임대세대수": "12", "지형높이": "평지", "지형형상": "세로장방", "도로접면": "세로한면(가)", "OSC공법": "소형", "공시지가_2026": 8948000, "PNU": "1165010800115150013", "공공도서관": 2, "유치원": 0, "어린이집": 10, "중고등학교": 4, "초등학교": 2, "지하철역": 1, "주민센터": 1, "대학교": 0, "병원": 3, "버스정류장": 46, "대형점포": 1, "공연장": 9, "공원": 1, "신규임대유형": "청년"}}, {"type": "Feature", "geometry": {"type": "Point", "coordinates": [127.0221723, 37.4894092]}, "properties": {"id": "1845", "gu": "서초구", "dong": "서초동", "jibun": "1610-10", "addr": "서초구 서초동 1610-10", "대지면적": "330.40", "건폐율": "49.94", "용적률": "99.88", "주택형태": "단독주택", "노후년수": "29.3", "임대세대수": "10", "지형높이": "평지", "지형형상": "부정형", "도로접면": "세로한면(가)", "OSC공법": "소형", "공시지가_2026": 7396000, "PNU": "1165010800116100010", "공공도서관": 2, "유치원": 3, "어린이집": 15, "중고등학교": 1, "초등학교": 3, "지하철역": 1, "주민센터": 2, "대학교": 2, "병원": 7, "버스정류장": 72, "대형점포": 5, "공연장": 3, "공원": 5, "신규임대유형": "청년"}}, {"type": "Feature", "geometry": {"type": "Point", "coordinates": [127.0210732, 37.4892624]}, "properties": {"id": "1846", "gu": "서초구", "dong": "서초동", "jibun": "1612-8", "addr": "서초구 서초동 1612-8", "대지면적": "330.00", "건폐율": "49.50", "용적률": "99.01", "주택형태": "단독주택", "노후년수": "22.0", "임대세대수": "9", "지형높이": "평지", "지형형상": "세로장방", "도로접면": "세로한면(가)", "OSC공법": "소형", "공시지가_2026": 6313000, "PNU": "1165010800116120008", "공공도서관": 2, "유치원": 3, "어린이집": 15, "중고등학교": 1, "초등학교": 3, "지하철역": 3, "주민센터": 2, "대학교": 2, "병원": 7, "버스정류장": 74, "대형점포": 5, "공연장": 3, "공원": 5, "신규임대유형": "청년"}}, {"type": "Feature", "geometry": {"type": "Point", "coordinates": [127.0189952, 37.489003]}, "properties": {"id": "1847", "gu": "서초구", "dong": "서초동", "jibun": "1628-4", "addr": "서초구 서초동 1628-4", "대지면적": "231.70", "건폐율": "49.94", "용적률": "99.88", "주택형태": "단독주택", "노후년수": "30.5", "임대세대수": "10", "지형높이": "평지", "지형형상": "정방형", "도로접면": "소로각지", "OSC공법": "중형", "공시지가_2026": 6539000, "PNU": "1165010800116280004", "공공도서관": 1, "유치원": 3, "어린이집": 13, "중고등학교": 1, "초등학교": 3, "지하철역": 3, "주민센터": 2, "대학교": 2, "병원": 8, "버스정류장": 69, "대형점포": 5, "공연장": 3, "공원": 5, "신규임대유형": "청년"}}, {"type": "Feature", "geometry": {"type": "Point", "coordinates": [127.019636, 37.4926195]}, "properties": {"id": "1848", "gu": "서초구", "dong": "서초동", "jibun": "1643-49", "addr": "서초구 서초동 1643-49", "대지면적": "378.00", "건폐율": "49.12", "용적률": "92.76", "주택형태": "단독주택", "노후년수": "21.3", "임대세대수": "7", "지형높이": "평지", "지형형상": "정방형", "도로접면": "세로한면(가)", "OSC공법": "소형", "공시지가_2026": 6251000, "PNU": "1165010800116430049", "공공도서관": 2, "유치원": 3, "어린이집": 19, "중고등학교": 2, "초등학교": 2, "지하철역": 2, "주민센터": 2, "대학교": 1, "병원": 3, "버스정류장": 66, "대형점포": 4, "공연장": 2, "공원": 4, "신규임대유형": "청년"}}, {"type": "Feature", "geometry": {"type": "Point", "coordinates": [127.0515214, 37.4623081]}, "properties": {"id": "1849", "gu": "서초구", "dong": "염곡동", "jibun": "100-34", "addr": "서초구 염곡동 100-34", "대지면적": "238.80", "건폐율": "59.75", "용적률": "173.90", "주택형태": "단독주택", "노후년수": "23.5", "임대세대수": "12", "지형높이": "평지", "지형형상": "사다리형", "도로접면": "세로각지(가)", "OSC공법": "소형", "공시지가_2026": 5133000, "PNU": "1165011000101000034", "공공도서관": 0, "유치원": 0, "어린이집": 1, "중고등학교": 0, "초등학교": 0, "지하철역": 0, "주민센터": 0, "대학교": 0, "병원": 0, "버스정류장": 16, "대형점포": 0, "공연장": 0, "공원": 0, "신규임대유형": "청년"}}, {"type": "Feature", "geometry": {"type": "Point", "coordinates": [127.0392597, 37.5041465]}, "properties": {"id": "1850", "gu": "강남구", "dong": "역삼동", "jibun": "672-22", "addr": "강남구 역삼동 672-22", "대지면적": "244.70", "건폐율": "59.93", "용적률": "162.62", "주택형태": "단독주택", "노후년수": "28.0", "임대세대수": "9", "지형높이": "평지", "지형형상": "가로장방", "도로접면": "세로한면(가)", "OSC공법": "소형", "공시지가_2026": 9400000, "PNU": "1168010100106720022", "공공도서관": 0, "유치원": 0, "어린이집": 12, "중고등학교": 0, "초등학교": 0, "지하철역": 2, "주민센터": 0, "대학교": 0, "병원": 5, "버스정류장": 38, "대형점포": 2, "공연장": 1, "공원": 2, "신규임대유형": "청년"}}, {"type": "Feature", "geometry": {"type": "Point", "coordinates": [127.0354599, 37.4971332]}, "properties": {"id": "1851", "gu": "강남구", "dong": "역삼동", "jibun": "743-8", "addr": "강남구 역삼동 743-8", "대지면적": "391.50", "건폐율": "55.95", "용적률": "126.91", "주택형태": "단독주택", "노후년수": "28.2", "임대세대수": "16", "지형높이": "평지", "지형형상": "가로장방", "도로접면": "세로한면(가)", "OSC공법": "소형", "공시지가_2026": 9754000, "PNU": "1168010100107430008", "공공도서관": 2, "유치원": 2, "어린이집": 14, "중고등학교": 0, "초등학교": 1, "지하철역": 2, "주민센터": 1, "대학교": 0, "병원": 4, "버스정류장": 57, "대형점포": 3, "공연장": 4, "공원": 3, "신규임대유형": "청년"}}, {"type": "Feature", "geometry": {"type": "Point", "coordinates": [127.0377231, 37.4960776]}, "properties": {"id": "1852", "gu": "강남구", "dong": "역삼동", "jibun": "747-8", "addr": "강남구 역삼동 747-8", "대지면적": "334.10", "건폐율": "41.31", "용적률": "144.33", "주택형태": "", "노후년수": "27.0", "임대세대수": "10", "지형높이": "평지", "지형형상": "세로장방", "도로접면": "세로한면(가)", "OSC공법": "소형", "공시지가_2026": 12170000, "PNU": "1168010100107470008", "공공도서관": 2, "유치원": 3, "어린이집": 11, "중고등학교": 1, "초등학교": 1, "지하철역": 1, "주민센터": 1, "대학교": 0, "병원": 6, "버스정류장": 51, "대형점포": 3, "공연장": 4, "공원": 3, "신규임대유형": "청년"}}, {"type": "Feature", "geometry": {"type": "Point", "coordinates": [127.0374462, 37.4930175]}, "properties": {"id": "1858", "gu": "강남구", "dong": "역삼동", "jibun": "794-13", "addr": "강남구 역삼동 794-13", "대지면적": "186.80", "건폐율": "59.43", "용적률": "150.48", "주택형태": "단독주택", "노후년수": "27.9", "임대세대수": "9", "지형높이": "평지", "지형형상": "자루형", "도로접면": "세로한면(가)", "OSC공법": "소형", "공시지가_2026": 7546000, "PNU": "1168010100107940013", "공공도서관": 3, "유치원": 4, "어린이집": 10, "중고등학교": 3, "초등학교": 2, "지하철역": 0, "주민센터": 2, "대학교": 0, "병원": 8, "버스정류장": 44, "대형점포": 3, "공연장": 3, "공원": 3, "신규임대유형": "청년"}}, {"type": "Feature", "geometry": {"type": "Point", "coordinates": [127.0391208, 37.4946912]}, "properties": {"id": "1859", "gu": "강남구", "dong": "역삼동", "jibun": "797-9", "addr": "강남구 역삼동 797-9", "대지면적": "", "건폐율": "", "용적률": "", "주택형태": "", "노후년수": "", "임대세대수": "", "지형높이": "평지", "지형형상": "정방형", "도로접면": "세로한면(가)", "OSC공법": "소형", "공시지가_2026": 9851000, "PNU": "1168010100107970009", "공공도서관": 3, "유치원": 3, "어린이집": 11, "중고등학교": 3, "초등학교": 1, "지하철역": 1, "주민센터": 3, "대학교": 0, "병원": 6, "버스정류장": 43, "대형점포": 2, "공연장": 3, "공원": 2, "신규임대유형": "청년"}}, {"type": "Feature", "geometry": {"type": "Point", "coordinates": [127.0351809, 37.4932566]}, "properties": {"id": "1860", "gu": "강남구", "dong": "역삼동", "jibun": "834-70", "addr": "강남구 역삼동 834-70", "대지면적": "0.00", "건폐율": "0.00", "용적률": "0.00", "주택형태": "공동주택", "노후년수": "37.8", "임대세대수": "3", "지형높이": "평지", "지형형상": "자루형", "도로접면": "세로한면(가)", "OSC공법": "", "공시지가_2026": 7546000, "PNU": "1168010100108340070", "공공도서관": 4, "유치원": 3, "어린이집": 11, "중고등학교": 2, "초등학교": 2, "지하철역": 0, "주민센터": 2, "대학교": 0, "병원": 8, "버스정류장": 61, "대형점포": 3, "공연장": 4, "공원": 3, "신규임대유형": "청년"}}, {"type": "Feature", "geometry": {"type": "Point", "coordinates": [127.0351301, 37.4933621]}, "properties": {"id": "1861", "gu": "강남구", "dong": "역삼동", "jibun": "834-71", "addr": "강남구 역삼동 834-71", "대지면적": "222.79", "건폐율": "49.34", "용적률": "96.74", "주택형태": "공동주택", "노후년수": "37.8", "임대세대수": "6", "지형높이": "평지", "지형형상": "자루형", "도로접면": "세로한면(가)", "OSC공법": "소형", "공시지가_2026": 7546000, "PNU": "1168010100108340071", "공공도서관": 4, "유치원": 3, "어린이집": 11, "중고등학교": 2, "초등학교": 2, "지하철역": 0, "주민센터": 2, "대학교": 0, "병원": 8, "버스정류장": 61, "대형점포": 3, "공연장": 4, "공원": 3, "신규임대유형": "신혼부부"}}, {"type": "Feature", "geometry": {"type": "Point", "coordinates": [127.0517911, 37.473633]}, "properties": {"id": "1862", "gu": "강남구", "dong": "개포동", "jibun": "1173-4", "addr": "강남구 개포동 1173-4", "대지면적": "117.00", "건폐율": "68.20", "용적률": "102.72", "주택형태": "공동주택", "노후년수": "29.3", "임대세대수": "6", "지형높이": "평지", "지형형상": "세로장방", "도로접면": "세로한면(가)", "OSC공법": "소형", "공시지가_2026": 6309000, "PNU": "1168010300111730004", "공공도서관": 0, "유치원": 3, "어린이집": 11, "중고등학교": 3, "초등학교": 1, "지하철역": 0, "주민센터": 1, "대학교": 0, "병원": 1, "버스정류장": 42, "대형점포": 0, "공연장": 2, "공원": 0, "신규임대유형": "신혼부부"}}, {"type": "Feature", "geometry": {"type": "Point", "coordinates": [127.0496995, 37.4777718]}, "properties": {"id": "1864", "gu": "강남구", "dong": "개포동", "jibun": "1206-7", "addr": "강남구 개포동 1206-7", "대지면적": "258.80", "건폐율": "58.55", "용적률": "155.59", "주택형태": "단독주택", "노후년수": "31.6", "임대세대수": "15", "지형높이": "평지", "지형형상": "정방형", "도로접면": "세로한면(가)", "OSC공법": "소형", "공시지가_2026": 5828000, "PNU": "1168010300112060007", "공공도서관": 0, "유치원": 3, "어린이집": 13, "중고등학교": 3, "초등학교": 2, "지하철역": 0, "주민센터": 3, "대학교": 0, "병원": 1, "버스정류장": 50, "대형점포": 1, "공연장": 2, "공원": 1, "신규임대유형": "청년"}}, {"type": "Feature", "geometry": {"type": "Point", "coordinates": [127.0462518, 37.4776313]}, "properties": {"id": "1865", "gu": "강남구", "dong": "개포동", "jibun": "1235-1", "addr": "강남구 개포동 1235-1", "대지면적": "173.90", "건폐율": "59.68", "용적률": "179.03", "주택형태": "단독주택", "노후년수": "30.2", "임대세대수": "12", "지형높이": "평지", "지형형상": "가로장방", "도로접면": "세로한면(가)", "OSC공법": "소형", "공시지가_2026": 5776000, "PNU": "1168010300112350001", "공공도서관": 0, "유치원": 3, "어린이집": 15, "중고등학교": 4, "초등학교": 3, "지하철역": 0, "주민센터": 2, "대학교": 0, "병원": 2, "버스정류장": 54, "대형점포": 1, "공연장": 4, "공원": 1, "신규임대유형": "신혼부부"}}, {"type": "Feature", "geometry": {"type": "Point", "coordinates": [127.046548, 37.4780523]}, "properties": {"id": "1866", "gu": "강남구", "dong": "개포동", "jibun": "1237-14", "addr": "강남구 개포동 1237-14", "대지면적": "279.50", "건폐율": "59.55", "용적률": "170.65", "주택형태": "단독주택", "노후년수": "28.9", "임대세대수": "17", "지형높이": "평지", "지형형상": "세로장방", "도로접면": "소로한면", "OSC공법": "중형", "공시지가_2026": 9184000, "PNU": "1168010300112370014", "공공도서관": 0, "유치원": 2, "어린이집": 15, "중고등학교": 4, "초등학교": 2, "지하철역": 0, "주민센터": 2, "대학교": 0, "병원": 2, "버스정류장": 56, "대형점포": 1, "공연장": 3, "공원": 1, "신규임대유형": "신혼부부"}}, {"type": "Feature", "geometry": {"type": "Point", "coordinates": [127.0465392, 37.5219679]}, "properties": {"id": "1870", "gu": "강남구", "dong": "청담동", "jibun": "11-6", "addr": "강남구 청담동 11-6", "대지면적": "200.40", "건폐율": "59.95", "용적률": "174.57", "주택형태": "단독주택", "노후년수": "28.8", "임대세대수": "9", "지형높이": "평지", "지형형상": "정방형", "도로접면": "세로한면(가)", "OSC공법": "소형", "공시지가_2026": 10880000, "PNU": "1168010400100110006", "공공도서관": 2, "유치원": 4, "어린이집": 11, "중고등학교": 3, "초등학교": 2, "지하철역": 2, "주민센터": 1, "대학교": 0, "병원": 7, "버스정류장": 29, "대형점포": 3, "공연장": 4, "공원": 3, "신규임대유형": "청년"}}, {"type": "Feature", "geometry": {"type": "Point", "coordinates": [127.0463721, 37.521974]}, "properties": {"id": "1871", "gu": "강남구", "dong": "청담동", "jibun": "11-7", "addr": "강남구 청담동 11-7", "대지면적": "422.90", "건폐율": "56.93", "용적률": "154.69", "주택형태": "단독주택", "노후년수": "28.0", "임대세대수": "13", "지형높이": "평지", "지형형상": "정방형", "도로접면": "세로각지(가)", "OSC공법": "소형", "공시지가_2026": 11830000, "PNU": "1168010400100110007", "공공도서관": 2, "유치원": 4, "어린이집": 11, "중고등학교": 3, "초등학교": 2, "지하철역": 2, "주민센터": 1, "대학교": 0, "병원": 7, "버스정류장": 30, "대형점포": 4, "공연장": 4, "공원": 4, "신규임대유형": "신혼부부"}}, {"type": "Feature", "geometry": {"type": "Point", "coordinates": [127.0424652, 37.5221011]}, "properties": {"id": "1872", "gu": "강남구", "dong": "청담동", "jibun": "20-6", "addr": "강남구 청담동 20-6", "대지면적": "272.10", "건폐율": "53.62", "용적률": "138.24", "주택형태": "단독주택", "노후년수": "22.2", "임대세대수": "6", "지형높이": "평지", "지형형상": "자루형", "도로접면": "세로한면(가)", "OSC공법": "중형", "공시지가_2026": 11150000, "PNU": "1168010400100200006", "공공도서관": 3, "유치원": 3, "어린이집": 12, "중고등학교": 3, "초등학교": 2, "지하철역": 1, "주민센터": 2, "대학교": 0, "병원": 9, "버스정류장": 31, "대형점포": 6, "공연장": 5, "공원": 6, "신규임대유형": "청년"}}, {"type": "Feature", "geometry": {"type": "Point", "coordinates": [127.0437545, 37.5196298]}, "properties": {"id": "1873", "gu": "강남구", "dong": "청담동", "jibun": "26-27", "addr": "강남구 청담동 26-27", "대지면적": "221.60", "건폐율": "56.56", "용적률": "159.62", "주택형태": "단독주택", "노후년수": "28.2", "임대세대수": "7", "지형높이": "평지", "지형형상": "세로장방", "도로접면": "세로한면(가)", "OSC공법": "소형", "공시지가_2026": 10800000, "PNU": "1168010400100260027", "공공도서관": 4, "유치원": 1, "어린이집": 12, "중고등학교": 2, "초등학교": 2, "지하철역": 1, "주민센터": 2, "대학교": 0, "병원": 9, "버스정류장": 32, "대형점포": 5, "공연장": 4, "공원": 5, "신규임대유형": "청년"}}, {"type": "Feature", "geometry": {"type": "Point", "coordinates": [127.0530635, 37.5232393]}, "properties": {"id": "1874", "gu": "강남구", "dong": "청담동", "jibun": "55-11", "addr": "강남구 청담동 55-11", "대지면적": "300.60", "건폐율": "55.54", "용적률": "151.10", "주택형태": "단독주택", "노후년수": "27.1", "임대세대수": "10", "지형높이": "평지", "지형형상": "사다리형", "도로접면": "세로한면(가)", "OSC공법": "소형", "공시지가_2026": 11420000, "PNU": "1168010400100550011", "공공도서관": 2, "유치원": 3, "어린이집": 7, "중고등학교": 1, "초등학교": 1, "지하철역": 1, "주민센터": 1, "대학교": 0, "병원": 6, "버스정류장": 25, "대형점포": 4, "공연장": 1, "공원": 4, "신규임대유형": "청년"}}, {"type": "Feature", "geometry": {"type": "Point", "coordinates": [127.0504766, 37.5259043]}, "properties": {"id": "1875", "gu": "강남구", "dong": "청담동", "jibun": "123-32", "addr": "강남구 청담동 123-32", "대지면적": "213.60", "건폐율": "59.33", "용적률": "148.77", "주택형태": "단독주택", "노후년수": "29.0", "임대세대수": "9", "지형높이": "평지", "지형형상": "가로장방", "도로접면": "세로한면(가)", "OSC공법": "소형", "공시지가_2026": 14080000, "PNU": "1168010400101230032", "공공도서관": 1, "유치원": 2, "어린이집": 4, "중고등학교": 3, "초등학교": 1, "지하철역": 1, "주민센터": 1, "대학교": 0, "병원": 5, "버스정류장": 21, "대형점포": 4, "공연장": 1, "공원": 4, "신규임대유형": "신혼부부"}}, {"type": "Feature", "geometry": {"type": "Point", "coordinates": [127.0430045, 37.5147116]}, "properties": {"id": "1876", "gu": "강남구", "dong": "삼성동", "jibun": "9-13", "addr": "강남구 삼성동 9-13", "대지면적": "232.40", "건폐율": "59.92", "용적률": "173.44", "주택형태": "단독주택", "노후년수": "29.3", "임대세대수": "9", "지형높이": "평지", "지형형상": "세로장방", "도로접면": "세로한면(가)", "OSC공법": "소형", "공시지가_2026": 11960000, "PNU": "1168010500100090013", "공공도서관": 3, "유치원": 3, "어린이집": 14, "중고등학교": 2, "초등학교": 3, "지하철역": 2, "주민센터": 2, "대학교": 0, "병원": 7, "버스정류장": 35, "대형점포": 4, "공연장": 3, "공원": 4, "신규임대유형": "청년"}}, {"type": "Feature", "geometry": {"type": "Point", "coordinates": [127.0494413, 37.5151818]}, "properties": {"id": "1877", "gu": "강남구", "dong": "삼성동", "jibun": "25-15", "addr": "강남구 삼성동 25-15", "대지면적": "244.30", "건폐율": "59.94", "용적률": "187.88", "주택형태": "공동주택", "노후년수": "22.6", "임대세대수": "9", "지형높이": "평지", "지형형상": "세로장방", "도로접면": "세로각지(가)", "OSC공법": "소형", "공시지가_2026": 12520000, "PNU": "1168010500100250015", "공공도서관": 2, "유치원": 2, "어린이집": 15, "중고등학교": 2, "초등학교": 2, "지하철역": 4, "주민센터": 1, "대학교": 0, "병원": 3, "버스정류장": 28, "대형점포": 3, "공연장": 2, "공원": 3, "신규임대유형": "청년"}}, {"type": "Feature", "geometry": {"type": "Point", "coordinates": [127.0485521, 37.5148406]}, "properties": {"id": "1878", "gu": "강남구", "dong": "삼성동", "jibun": "26-12", "addr": "강남구 삼성동 26-12", "대지면적": "343.00", "건폐율": "58.19", "용적률": "160.34", "주택형태": "단독주택", "노후년수": "22.8", "임대세대수": "9", "지형높이": "평지", "지형형상": "정방형", "도로접면": "세로한면(가)", "OSC공법": "소형", "공시지가_2026": 11800000, "PNU": "1168010500100260012", "공공도서관": 2, "유치원": 2, "어린이집": 15, "중고등학교": 2, "초등학교": 2, "지하철역": 4, "주민센터": 1, "대학교": 0, "병원": 4, "버스정류장": 31, "대형점포": 3, "공연장": 2, "공원": 3, "신규임대유형": "신혼부부"}}, {"type": "Feature", "geometry": {"type": "Point", "coordinates": [127.0458767, 37.5136461]}, "properties": {"id": "1879", "gu": "강남구", "dong": "삼성동", "jibun": "29-8", "addr": "강남구 삼성동 29-8", "대지면적": "253.60", "건폐율": "59.97", "용적률": "168.96", "주택형태": "", "노후년수": "23.7", "임대세대수": "12", "지형높이": "평지", "지형형상": "자루형", "도로접면": "세로한면(가)", "OSC공법": "소형", "공시지가_2026": 9477000, "PNU": "1168010500100290008", "공공도서관": 2, "유치원": 3, "어린이집": 14, "중고등학교": 1, "초등학교": 3, "지하철역": 3, "주민센터": 1, "대학교": 0, "병원": 4, "버스정류장": 28, "대형점포": 4, "공연장": 2, "공원": 4, "신규임대유형": "청년"}}, {"type": "Feature", "geometry": {"type": "Point", "coordinates": [127.0430953, 37.5133868]}, "properties": {"id": "1880", "gu": "강남구", "dong": "삼성동", "jibun": "34-5", "addr": "강남구 삼성동 34-5", "대지면적": "268.60", "건폐율": "59.90", "용적률": "202.32", "주택형태": "공동주택", "노후년수": "22.8", "임대세대수": "12", "지형높이": "평지", "지형형상": "세로장방", "도로접면": "세로한면(가)", "OSC공법": "소형", "공시지가_2026": 11020000, "PNU": "1168010500100340005", "공공도서관": 3, "유치원": 3, "어린이집": 15, "중고등학교": 1, "초등학교": 3, "지하철역": 2, "주민센터": 2, "대학교": 0, "병원": 4, "버스정류장": 35, "대형점포": 4, "공연장": 2, "공원": 4, "신규임대유형": "청년"}}, {"type": "Feature", "geometry": {"type": "Point", "coordinates": [127.0442131, 37.5122837]}, "properties": {"id": "1881", "gu": "강남구", "dong": "삼성동", "jibun": "36-2", "addr": "강남구 삼성동 36-2", "대지면적": "199.90", "건폐율": "59.70", "용적률": "200.16", "주택형태": "공동주택", "노후년수": "24.0", "임대세대수": "6", "지형높이": "평지", "지형형상": "정방형", "도로접면": "세로한면(가)", "OSC공법": "소형", "공시지가_2026": 12120000, "PNU": "1168010500100360002", "공공도서관": 2, "유치원": 2, "어린이집": 14, "중고등학교": 1, "초등학교": 2, "지하철역": 3, "주민센터": 1, "대학교": 0, "병원": 1, "버스정류장": 35, "대형점포": 3, "공연장": 2, "공원": 3, "신규임대유형": "청년"}}, {"type": "Feature", "geometry": {"type": "Point", "coordinates": [127.0448971, 37.5122633]}, "properties": {"id": "1882", "gu": "강남구", "dong": "삼성동", "jibun": "39-3", "addr": "강남구 삼성동 39-3", "대지면적": "190.00", "건폐율": "58.31", "용적률": "152.95", "주택형태": "단독주택", "노후년수": "29.6", "임대세대수": "9", "지형높이": "평지", "지형형상": "정방형", "도로접면": "세로한면(가)", "OSC공법": "소형", "공시지가_2026": 10760000, "PNU": "1168010500100390003", "공공도서관": 2, "유치원": 1, "어린이집": 14, "중고등학교": 1, "초등학교": 2, "지하철역": 3, "주민센터": 1, "대학교": 0, "병원": 1, "버스정류장": 33, "대형점포": 4, "공연장": 2, "공원": 4, "신규임대유형": "청년"}}, {"type": "Feature", "geometry": {"type": "Point", "coordinates": [127.0475592, 37.5119297]}, "properties": {"id": "1883", "gu": "강남구", "dong": "삼성동", "jibun": "44-6", "addr": "강남구 삼성동 44-6", "대지면적": "226.00", "건폐율": "59.79", "용적률": "174.30", "주택형태": "단독주택", "노후년수": "28.8", "임대세대수": "9", "지형높이": "평지", "지형형상": "자루형", "도로접면": "소로한면", "OSC공법": "소형", "공시지가_2026": 11950000, "PNU": "1168010500100440006", "공공도서관": 2, "유치원": 1, "어린이집": 15, "중고등학교": 1, "초등학교": 2, "지하철역": 2, "주민센터": 1, "대학교": 0, "병원": 2, "버스정류장": 30, "대형점포": 3, "공연장": 4, "공원": 3, "신규임대유형": "청년"}}, {"type": "Feature", "geometry": {"type": "Point", "coordinates": [127.048356, 37.5134725]}, "properties": {"id": "1884", "gu": "강남구", "dong": "삼성동", "jibun": "46-24", "addr": "강남구 삼성동 46-24", "대지면적": "192.40", "건폐율": "59.82", "용적률": "174.73", "주택형태": "단독주택", "노후년수": "31.1", "임대세대수": "9", "지형높이": "평지", "지형형상": "가로장방", "도로접면": "세로한면(가)", "OSC공법": "소형", "공시지가_2026": 11380000, "PNU": "1168010500100460024", "공공도서관": 2, "유치원": 2, "어린이집": 16, "중고등학교": 1, "초등학교": 2, "지하철역": 3, "주민센터": 1, "대학교": 0, "병원": 3, "버스정류장": 27, "대형점포": 3, "공연장": 2, "공원": 3, "신규임대유형": "신혼부부"}}, {"type": "Feature", "geometry": {"type": "Point", "coordinates": [127.0494224, 37.5138204]}, "properties": {"id": "1885", "gu": "강남구", "dong": "삼성동", "jibun": "47-15", "addr": "강남구 삼성동 47-15", "대지면적": "411.80", "건폐율": "39.96", "용적률": "79.91", "주택형태": "단독주택", "노후년수": "32.5", "임대세대수": "9", "지형높이": "평지", "지형형상": "정방형", "도로접면": "세로한면(가)", "OSC공법": "소형", "공시지가_2026": 12160000, "PNU": "1168010500100470015", "공공도서관": 2, "유치원": 2, "어린이집": 15, "중고등학교": 2, "초등학교": 1, "지하철역": 3, "주민센터": 1, "대학교": 0, "병원": 2, "버스정류장": 30, "대형점포": 3, "공연장": 2, "공원": 3, "신규임대유형": "청년"}}, {"type": "Feature", "geometry": {"type": "Point", "coordinates": [127.0548549, 37.5179746]}, "properties": {"id": "1886", "gu": "강남구", "dong": "삼성동", "jibun": "61-6", "addr": "강남구 삼성동 61-6", "대지면적": "254.20", "건폐율": "59.98", "용적률": "197.45", "주택형태": "공동주택", "노후년수": "22.6", "임대세대수": "9", "지형높이": "평지", "지형형상": "세로장방", "도로접면": "세로한면(가)", "OSC공법": "중형", "공시지가_2026": 11960000, "PNU": "1168010500100610006", "공공도서관": 1, "유치원": 2, "어린이집": 13, "중고등학교": 2, "초등학교": 1, "지하철역": 3, "주민센터": 1, "대학교": 0, "병원": 9, "버스정류장": 27, "대형점포": 4, "공연장": 0, "공원": 4, "신규임대유형": "신혼부부"}}, {"type": "Feature", "geometry": {"type": "Point", "coordinates": [127.0538171, 37.5107761]}, "properties": {"id": "1888", "gu": "강남구", "dong": "삼성동", "jibun": "120-11", "addr": "강남구 삼성동 120-11", "대지면적": "265.90", "건폐율": "57.07", "용적률": "151.05", "주택형태": "단독주택", "노후년수": "27.8", "임대세대수": "12", "지형높이": "평지", "지형형상": "자루형", "도로접면": "세로한면(가)", "OSC공법": "소형", "공시지가_2026": 11100000, "PNU": "1168010500101200011", "공공도서관": 1, "유치원": 1, "어린이집": 12, "중고등학교": 2, "초등학교": 1, "지하철역": 2, "주민센터": 1, "대학교": 0, "병원": 4, "버스정류장": 40, "대형점포": 7, "공연장": 4, "공원": 7, "신규임대유형": "청년"}}, {"type": "Feature", "geometry": {"type": "Point", "coordinates": [127.0583235, 37.5013695]}, "properties": {"id": "1889", "gu": "강남구", "dong": "대치동", "jibun": "915-8", "addr": "강남구 대치동 915-8", "대지면적": "345.40", "건폐율": "59.73", "용적률": "145.40", "주택형태": "단독주택", "노후년수": "28.3", "임대세대수": "14", "지형높이": "평지", "지형형상": "사다리형", "도로접면": "세로한면(가)", "OSC공법": "소형", "공시지가_2026": 8754000, "PNU": "1168010600109150008", "공공도서관": 3, "유치원": 3, "어린이집": 21, "중고등학교": 6, "초등학교": 2, "지하철역": 0, "주민센터": 2, "대학교": 0, "병원": 4, "버스정류장": 44, "대형점포": 2, "공연장": 2, "공원": 2, "신규임대유형": "청년"}}, {"type": "Feature", "geometry": {"type": "Point", "coordinates": [127.0558551, 37.5006566]}, "properties": {"id": "1890", "gu": "강남구", "dong": "대치동", "jibun": "916-55", "addr": "강남구 대치동 916-55", "대지면적": "233.60", "건폐율": "58.15", "용적률": "152.75", "주택형태": "", "노후년수": "29.4", "임대세대수": "15", "지형높이": "평지", "지형형상": "세로장방", "도로접면": "세로각지(가)", "OSC공법": "소형", "공시지가_2026": 9229000, "PNU": "1168010600109160055", "공공도서관": 2, "유치원": 3, "어린이집": 20, "중고등학교": 8, "초등학교": 3, "지하철역": 1, "주민센터": 2, "대학교": 0, "병원": 5, "버스정류장": 43, "대형점포": 4, "공연장": 3, "공원": 4, "신규임대유형": "신혼부부"}}, {"type": "Feature", "geometry": {"type": "Point", "coordinates": [127.0557616, 37.5003545]}, "properties": {"id": "1891", "gu": "강남구", "dong": "대치동", "jibun": "916-64", "addr": "강남구 대치동 916-64", "대지면적": "243.70", "건폐율": "58.74", "용적률": "188.67", "주택형태": "공동주택", "노후년수": "21.1", "임대세대수": "7", "지형높이": "평지", "지형형상": "정방형", "도로접면": "세로한면(가)", "OSC공법": "소형", "공시지가_2026": 8528000, "PNU": "1168010600109160064", "공공도서관": 2, "유치원": 3, "어린이집": 20, "중고등학교": 8, "초등학교": 3, "지하철역": 1, "주민센터": 3, "대학교": 0, "병원": 4, "버스정류장": 42, "대형점포": 4, "공연장": 1, "공원": 4, "신규임대유형": "신혼부부"}}, {"type": "Feature", "geometry": {"type": "Point", "coordinates": [127.058451, 37.4972722]}, "properties": {"id": "1892", "gu": "강남구", "dong": "대치동", "jibun": "1015-2", "addr": "강남구 대치동 1015-2", "대지면적": "355.20", "건폐율": "59.81", "용적률": "137.79", "주택형태": "단독주택", "노후년수": "26.6", "임대세대수": "11", "지형높이": "평지", "지형형상": "자루형", "도로접면": "세로한면(가)", "OSC공법": "소형", "공시지가_2026": 7421000, "PNU": "1168010600110150002", "공공도서관": 3, "유치원": 3, "어린이집": 18, "중고등학교": 4, "초등학교": 4, "지하철역": 2, "주민센터": 3, "대학교": 0, "병원": 4, "버스정류장": 42, "대형점포": 5, "공연장": 1, "공원": 5, "신규임대유형": "청년"}}, {"type": "Feature", "geometry": {"type": "Point", "coordinates": [127.0202732, 37.5209135]}, "properties": {"id": "1893", "gu": "강남구", "dong": "신사동", "jibun": "522-15", "addr": "강남구 신사동 522-15", "대지면적": "242.53", "건폐율": "56.91", "용적률": "149.99", "주택형태": "단독주택", "노후년수": "31.5", "임대세대수": "16", "지형높이": "평지", "지형형상": "가로장방", "도로접면": "세로한면(가)", "OSC공법": "소형", "공시지가_2026": 13680000, "PNU": "1168010700105220015", "공공도서관": 0, "유치원": 1, "어린이집": 7, "중고등학교": 3, "초등학교": 1, "지하철역": 1, "주민센터": 1, "대학교": 0, "병원": 2, "버스정류장": 32, "대형점포": 4, "공연장": 4, "공원": 4, "신규임대유형": "청년"}}, {"type": "Feature", "geometry": {"type": "Point", "coordinates": [127.0250008, 37.5209578]}, "properties": {"id": "1894", "gu": "강남구", "dong": "신사동", "jibun": "555-33", "addr": "강남구 신사동 555-33", "대지면적": "201.40", "건폐율": "57.42", "용적률": "158.00", "주택형태": "단독주택", "노후년수": "29.1", "임대세대수": "9", "지형높이": "평지", "지형형상": "가로장방", "도로접면": "세로각지(가)", "OSC공법": "소형", "공시지가_2026": 10880000, "PNU": "1168010700105550033", "공공도서관": 0, "유치원": 1, "어린이집": 5, "중고등학교": 3, "초등학교": 1, "지하철역": 2, "주민센터": 1, "대학교": 0, "병원": 7, "버스정류장": 28, "대형점포": 4, "공연장": 4, "공원": 4, "신규임대유형": "청년"}}, {"type": "Feature", "geometry": {"type": "Point", "coordinates": [127.0210085, 37.5151971]}, "properties": {"id": "1895", "gu": "강남구", "dong": "논현동", "jibun": "16-19", "addr": "강남구 논현동 16-19", "대지면적": "238.30", "건폐율": "38.89", "용적률": "77.78", "주택형태": "단독주택", "노후년수": "32.2", "임대세대수": "5", "지형높이": "평지", "지형형상": "정방형", "도로접면": "세로한면(가)", "OSC공법": "소형", "공시지가_2026": 10800000, "PNU": "1168010800100160019", "공공도서관": 2, "유치원": 0, "어린이집": 10, "중고등학교": 1, "초등학교": 0, "지하철역": 2, "주민센터": 2, "대학교": 0, "병원": 6, "버스정류장": 31, "대형점포": 6, "공연장": 3, "공원": 6, "신규임대유형": "청년"}}, {"type": "Feature", "geometry": {"type": "Point", "coordinates": [127.0322578, 37.5186252]}, "properties": {"id": "1896", "gu": "강남구", "dong": "논현동", "jibun": "72-5", "addr": "강남구 논현동 72-5", "대지면적": "199.90", "건폐율": "49.86", "용적률": "131.67", "주택형태": "단독주택", "노후년수": "34.1", "임대세대수": "7", "지형높이": "평지", "지형형상": "세로장방", "도로접면": "세로한면(가)", "OSC공법": "소형", "공시지가_2026": 10270000, "PNU": "1168010800100720005", "공공도서관": 2, "유치원": 0, "어린이집": 7, "중고등학교": 1, "초등학교": 0, "지하철역": 1, "주민센터": 1, "대학교": 0, "병원": 15, "버스정류장": 35, "대형점포": 3, "공연장": 8, "공원": 3, "신규임대유형": "청년"}}, {"type": "Feature", "geometry": {"type": "Point", "coordinates": [127.0310828, 37.5182858]}, "properties": {"id": "1897", "gu": "강남구", "dong": "논현동", "jibun": "73-10", "addr": "강남구 논현동 73-10", "대지면적": "229.70", "건폐율": "46.99", "용적률": "128.69", "주택형태": "", "노후년수": "30.2", "임대세대수": "9", "지형높이": "평지", "지형형상": "정방형", "도로접면": "세로한면(가)", "OSC공법": "소형", "공시지가_2026": 9094000, "PNU": "1168010800100730010", "공공도서관": 2, "유치원": 0, "어린이집": 7, "중고등학교": 1, "초등학교": 0, "지하철역": 1, "주민센터": 2, "대학교": 0, "병원": 12, "버스정류장": 30, "대형점포": 4, "공연장": 6, "공원": 4, "신규임대유형": "청년"}}, {"type": "Feature", "geometry": {"type": "Point", "coordinates": [127.0379681, 37.5217865]}, "properties": {"id": "1898", "gu": "강남구", "dong": "논현동", "jibun": "95-3", "addr": "강남구 논현동 95-3", "대지면적": "", "건폐율": "", "용적률": "", "주택형태": "", "노후년수": "", "임대세대수": "", "지형높이": "평지", "지형형상": "자루형", "도로접면": "세로한면(가)", "OSC공법": "소형", "공시지가_2026": 8495000, "PNU": "1168010800100950003", "공공도서관": 1, "유치원": 0, "어린이집": 10, "중고등학교": 2, "초등학교": 1, "지하철역": 1, "주민센터": 1, "대학교": 0, "병원": 15, "버스정류장": 32, "대형점포": 7, "공연장": 7, "공원": 7, "신규임대유형": "청년"}}, {"type": "Feature", "geometry": {"type": "Point", "coordinates": [127.0381753, 37.520877]}, "properties": {"id": "1899", "gu": "강남구", "dong": "논현동", "jibun": "99-17", "addr": "강남구 논현동 99-17", "대지면적": "177.80", "건폐율": "53.86", "용적률": "125.28", "주택형태": "단독주택", "노후년수": "27.4", "임대세대수": "3", "지형높이": "평지", "지형형상": "자루형", "도로접면": "세로한면(가)", "OSC공법": "소형", "공시지가_2026": 9416000, "PNU": "1168010800100990017", "공공도서관": 2, "유치원": 1, "어린이집": 12, "중고등학교": 2, "초등학교": 1, "지하철역": 1, "주민센터": 1, "대학교": 0, "병원": 15, "버스정류장": 32, "대형점포": 4, "공연장": 7, "공원": 4, "신규임대유형": "청년"}}, {"type": "Feature", "geometry": {"type": "Point", "coordinates": [127.0380357, 37.5202494]}, "properties": {"id": "1900", "gu": "강남구", "dong": "논현동", "jibun": "100-17", "addr": "강남구 논현동 100-17", "대지면적": "", "건폐율": "", "용적률": "", "주택형태": "", "노후년수": "", "임대세대수": "", "지형높이": "평지", "지형형상": "자루형", "도로접면": "세로한면(가)", "OSC공법": "소형", "공시지가_2026": 8495000, "PNU": "1168010800101000017", "공공도서관": 2, "유치원": 1, "어린이집": 11, "중고등학교": 2, "초등학교": 1, "지하철역": 1, "주민센터": 1, "대학교": 0, "병원": 14, "버스정류장": 31, "대형점포": 4, "공연장": 7, "공원": 4, "신규임대유형": "청년"}}, {"type": "Feature", "geometry": {"type": "Point", "coordinates": [127.0388038, 37.5201716]}, "properties": {"id": "1901", "gu": "강남구", "dong": "논현동", "jibun": "100-25", "addr": "강남구 논현동 100-25", "대지면적": "257.00", "건폐율": "59.72", "용적률": "165.87", "주택형태": "단독주택", "노후년수": "26.6", "임대세대수": "9", "지형높이": "평지", "지형형상": "정방형", "도로접면": "세로한면(가)", "OSC공법": "소형", "공시지가_2026": 11800000, "PNU": "1168010800101000025", "공공도서관": 2, "유치원": 1, "어린이집": 12, "중고등학교": 2, "초등학교": 1, "지하철역": 1, "주민센터": 1, "대학교": 0, "병원": 12, "버스정류장": 31, "대형점포": 4, "공연장": 7, "공원": 4, "신규임대유형": "청년"}}, {"type": "Feature", "geometry": {"type": "Point", "coordinates": [127.0387421, 37.520315]}, "properties": {"id": "1902", "gu": "강남구", "dong": "논현동", "jibun": "100-29", "addr": "강남구 논현동 100-29", "대지면적": "", "건폐율": "", "용적률": "", "주택형태": "", "노후년수": "", "임대세대수": "", "지형높이": "평지", "지형형상": "자루형", "도로접면": "세로한면(가)", "OSC공법": "소형", "공시지가_2026": 8495000, "PNU": "1168010800101000029", "공공도서관": 2, "유치원": 1, "어린이집": 12, "중고등학교": 2, "초등학교": 1, "지하철역": 1, "주민센터": 1, "대학교": 0, "병원": 12, "버스정류장": 31, "대형점포": 4, "공연장": 7, "공원": 4, "신규임대유형": "청년"}}, {"type": "Feature", "geometry": {"type": "Point", "coordinates": [127.0391704, 37.5197534]}, "properties": {"id": "1903", "gu": "강남구", "dong": "논현동", "jibun": "103-13", "addr": "강남구 논현동 103-13", "대지면적": "170.70", "건폐율": "54.26", "용적률": "142.58", "주택형태": "단독주택", "노후년수": "28.3", "임대세대수": "5", "지형높이": "평지", "지형형상": "세로장방", "도로접면": "세로한면(가)", "OSC공법": "소형", "공시지가_2026": 10990000, "PNU": "1168010800101030013", "공공도서관": 2, "유치원": 1, "어린이집": 13, "중고등학교": 2, "초등학교": 1, "지하철역": 1, "주민센터": 1, "대학교": 0, "병원": 11, "버스정류장": 33, "대형점포": 4, "공연장": 5, "공원": 4, "신규임대유형": "청년"}}, {"type": "Feature", "geometry": {"type": "Point", "coordinates": [127.039281, 37.5197969]}, "properties": {"id": "1904", "gu": "강남구", "dong": "논현동", "jibun": "103-14", "addr": "강남구 논현동 103-14", "대지면적": "", "건폐율": "", "용적률": "", "주택형태": "", "노후년수": "", "임대세대수": "", "지형높이": "평지", "지형형상": "가로장방", "도로접면": "세로각지(가)", "OSC공법": "소형", "공시지가_2026": 11910000, "PNU": "1168010800101030014", "공공도서관": 2, "유치원": 1, "어린이집": 13, "중고등학교": 2, "초등학교": 1, "지하철역": 1, "주민센터": 1, "대학교": 0, "병원": 11, "버스정류장": 33, "대형점포": 4, "공연장": 5, "공원": 4, "신규임대유형": "청년"}}, {"type": "Feature", "geometry": {"type": "Point", "coordinates": [127.0367564, 37.5180698]}, "properties": {"id": "1905", "gu": "강남구", "dong": "논현동", "jibun": "107-15", "addr": "강남구 논현동 107-15", "대지면적": "199.70", "건폐율": "56.37", "용적률": "153.49", "주택형태": "단독주택", "노후년수": "29.1", "임대세대수": "5", "지형높이": "평지", "지형형상": "사다리형", "도로접면": "세로각지(가)", "OSC공법": "소형", "공시지가_2026": 10870000, "PNU": "1168010800101070015", "공공도서관": 1, "유치원": 2, "어린이집": 9, "중고등학교": 2, "초등학교": 2, "지하철역": 2, "주민센터": 1, "대학교": 0, "병원": 13, "버스정류장": 38, "대형점포": 5, "공연장": 5, "공원": 5, "신규임대유형": "청년"}}, {"type": "Feature", "geometry": {"type": "Point", "coordinates": [127.0298362, 37.5124156]}, "properties": {"id": "1906", "gu": "강남구", "dong": "논현동", "jibun": "131-2", "addr": "강남구 논현동 131-2", "대지면적": "", "건폐율": "", "용적률": "", "주택형태": "", "노후년수": "", "임대세대수": "", "지형높이": "평지", "지형형상": "가로장방", "도로접면": "세로한면(가)", "OSC공법": "소형", "공시지가_2026": 10400000, "PNU": "1168010800101310002", "공공도서관": 1, "유치원": 2, "어린이집": 3, "중고등학교": 0, "초등학교": 1, "지하철역": 3, "주민센터": 1, "대학교": 0, "병원": 14, "버스정류장": 35, "대형점포": 7, "공연장": 3, "공원": 7, "신규임대유형": "청년"}}, {"type": "Feature", "geometry": {"type": "Point", "coordinates": [127.0278618, 37.5114325]}, "properties": {"id": "1907", "gu": "강남구", "dong": "논현동", "jibun": "134-12", "addr": "강남구 논현동 134-12", "대지면적": "300.10", "건폐율": "51.82", "용적률": "83.12", "주택형태": "단독주택", "노후년수": "31.3", "임대세대수": "15", "지형높이": "평지", "지형형상": "자루형", "도로접면": "세로한면(가)", "OSC공법": "소형", "공시지가_2026": 7551000, "PNU": "1168010800101340012", "공공도서관": 1, "유치원": 2, "어린이집": 2, "중고등학교": 0, "초등학교": 1, "지하철역": 3, "주민센터": 1, "대학교": 0, "병원": 15, "버스정류장": 42, "대형점포": 6, "공연장": 3, "공원": 6, "신규임대유형": "청년"}}, {"type": "Feature", "geometry": {"type": "Point", "coordinates": [127.0275572, 37.5111038]}, "properties": {"id": "1908", "gu": "강남구", "dong": "논현동", "jibun": "148-4", "addr": "강남구 논현동 148-4", "대지면적": "", "건폐율": "", "용적률": "", "주택형태": "", "노후년수": "", "임대세대수": "", "지형높이": "평지", "지형형상": "자루형", "도로접면": "세로한면(가)", "OSC공법": "소형", "공시지가_2026": 7445000, "PNU": "1168010800101480004", "공공도서관": 1, "유치원": 2, "어린이집": 2, "중고등학교": 0, "초등학교": 1, "지하철역": 3, "주민센터": 1, "대학교": 0, "병원": 15, "버스정류장": 39, "대형점포": 6, "공연장": 2, "공원": 6, "신규임대유형": "신혼부부"}}, {"type": "Feature", "geometry": {"type": "Point", "coordinates": [127.0304926, 37.5112524]}, "properties": {"id": "1909", "gu": "강남구", "dong": "논현동", "jibun": "151-5", "addr": "강남구 논현동 151-5", "대지면적": "265.70", "건폐율": "58.42", "용적률": "158.64", "주택형태": "단독주택", "노후년수": "23.3", "임대세대수": "10", "지형높이": "평지", "지형형상": "정방형", "도로접면": "세로한면(가)", "OSC공법": "소형", "공시지가_2026": 10170000, "PNU": "1168010800101510005", "공공도서관": 1, "유치원": 3, "어린이집": 3, "중고등학교": 0, "초등학교": 1, "지하철역": 3, "주민센터": 1, "대학교": 0, "병원": 12, "버스정류장": 35, "대형점포": 7, "공연장": 3, "공원": 7, "신규임대유형": "청년"}}, {"type": "Feature", "geometry": {"type": "Point", "coordinates": [127.0313976, 37.5099048]}, "properties": {"id": "1910", "gu": "강남구", "dong": "논현동", "jibun": "174-12", "addr": "강남구 논현동 174-12", "대지면적": "", "건폐율": "", "용적률": "", "주택형태": "", "노후년수": "", "임대세대수": "", "지형높이": "평지", "지형형상": "가로장방", "도로접면": "세로한면(가)", "OSC공법": "소형", "공시지가_2026": 9237000, "PNU": "1168010800101740012", "공공도서관": 1, "유치원": 3, "어린이집": 9, "중고등학교": 0, "초등학교": 2, "지하철역": 2, "주민센터": 1, "대학교": 0, "병원": 11, "버스정류장": 36, "대형점포": 7, "공연장": 3, "공원": 7, "신규임대유형": "청년"}}, {"type": "Feature", "geometry": {"type": "Point", "coordinates": [127.0274763, 37.5076836]}, "properties": {"id": "1912", "gu": "강남구", "dong": "논현동", "jibun": "180-3", "addr": "강남구 논현동 180-3", "대지면적": "222.25", "건폐율": "59.98", "용적률": "170.94", "주택형태": "단독주택", "노후년수": "31.4", "임대세대수": "8", "지형높이": "평지", "지형형상": "세로장방", "도로접면": "세로한면(가)", "OSC공법": "소형", "공시지가_2026": 9423000, "PNU": "1168010800101800003", "공공도서관": 1, "유치원": 1, "어린이집": 12, "중고등학교": 0, "초등학교": 1, "지하철역": 2, "주민센터": 2, "대학교": 0, "병원": 11, "버스정류장": 46, "대형점포": 8, "공연장": 2, "공원": 8, "신규임대유형": "신혼부부"}}, {"type": "Feature", "geometry": {"type": "Point", "coordinates": [127.0301296, 37.5077135]}, "properties": {"id": "1913", "gu": "강남구", "dong": "논현동", "jibun": "189-18", "addr": "강남구 논현동 189-18", "대지면적": "", "건폐율": "", "용적률": "", "주택형태": "", "노후년수": "", "임대세대수": "", "지형높이": "평지", "지형형상": "자루형", "도로접면": "세로한면(가)", "OSC공법": "소형", "공시지가_2026": 8217000, "PNU": "1168010800101890018", "공공도서관": 1, "유치원": 2, "어린이집": 11, "중고등학교": 0, "초등학교": 1, "지하철역": 2, "주민센터": 1, "대학교": 0, "병원": 11, "버스정류장": 42, "대형점포": 8, "공연장": 2, "공원": 8, "신규임대유형": "신혼부부"}}, {"type": "Feature", "geometry": {"type": "Point", "coordinates": [127.0362411, 37.5098792]}, "properties": {"id": "1914", "gu": "강남구", "dong": "논현동", "jibun": "231-3", "addr": "강남구 논현동 231-3", "대지면적": "215.20", "건폐율": "49.81", "용적률": "110.90", "주택형태": "단독주택", "노후년수": "30.1", "임대세대수": "13", "지형높이": "평지", "지형형상": "세로장방", "도로접면": "세로한면(가)", "OSC공법": "중형", "공시지가_2026": 14210000, "PNU": "1168010800102310003", "공공도서관": 0, "유치원": 2, "어린이집": 8, "중고등학교": 0, "초등학교": 1, "지하철역": 3, "주민센터": 1, "대학교": 0, "병원": 10, "버스정류장": 39, "대형점포": 3, "공연장": 4, "공원": 3, "신규임대유형": "신혼부부"}}, {"type": "Feature", "geometry": {"type": "Point", "coordinates": [127.0375599, 37.5119806]}, "properties": {"id": "1915", "gu": "강남구", "dong": "논현동", "jibun": "262-10", "addr": "강남구 논현동 262-10", "대지면적": "", "건폐율": "", "용적률": "", "주택형태": "", "노후년수": "", "임대세대수": "", "지형높이": "평지", "지형형상": "세로장방", "도로접면": "세로각지(가)", "OSC공법": "소형", "공시지가_2026": 9135000, "PNU": "1168010800102620010", "공공도서관": 1, "유치원": 2, "어린이집": 8, "중고등학교": 0, "초등학교": 1, "지하철역": 4, "주민센터": 3, "대학교": 0, "병원": 9, "버스정류장": 44, "대형점포": 5, "공연장": 4, "공원": 5, "신규임대유형": "신혼부부"}}, {"type": "Feature", "geometry": {"type": "Point", "coordinates": [127.0379578, 37.5117503]}, "properties": {"id": "1916", "gu": "강남구", "dong": "논현동", "jibun": "263-2", "addr": "강남구 논현동 263-2", "대지면적": "275.90", "건폐율": "59.01", "용적률": "157.78", "주택형태": "단독주택", "노후년수": "30.6", "임대세대수": "8", "지형높이": "평지", "지형형상": "사다리형", "도로접면": "세로각지(가)", "OSC공법": "소형", "공시지가_2026": 9976000, "PNU": "1168010800102630002", "공공도서관": 1, "유치원": 2, "어린이집": 7, "중고등학교": 0, "초등학교": 1, "지하철역": 4, "주민센터": 2, "대학교": 0, "병원": 9, "버스정류장": 44, "대형점포": 5, "공연장": 2, "공원": 5, "신규임대유형": "청년"}}, {"type": "Feature", "geometry": {"type": "Point", "coordinates": [127.0381121, 37.5117903]}, "properties": {"id": "1917", "gu": "강남구", "dong": "논현동", "jibun": "263-3", "addr": "강남구 논현동 263-3", "대지면적": "", "건폐율": "", "용적률": "", "주택형태": "", "노후년수": "", "임대세대수": "", "지형높이": "평지", "지형형상": "세로장방", "도로접면": "세로각지(가)", "OSC공법": "소형", "공시지가_2026": 9135000, "PNU": "1168010800102630003", "공공도서관": 2, "유치원": 2, "어린이집": 6, "중고등학교": 0, "초등학교": 2, "지하철역": 4, "주민센터": 2, "대학교": 0, "병원": 8, "버스정류장": 44, "대형점포": 5, "공연장": 2, "공원": 5, "신규임대유형": "청년"}}, {"type": "Feature", "geometry": {"type": "Point", "coordinates": [127.0399177, 37.5112994]}, "properties": {"id": "1918", "gu": "강남구", "dong": "논현동", "jibun": "272-4", "addr": "강남구 논현동 272-4", "대지면적": "216.30", "건폐율": "52.63", "용적률": "157.89", "주택형태": "단독주택", "노후년수": "29.7", "임대세대수": "6", "지형높이": "평지", "지형형상": "세로장방", "도로접면": "세로한면(가)", "OSC공법": "소형", "공시지가_2026": 10120000, "PNU": "1168010800102720004", "공공도서관": 2, "유치원": 2, "어린이집": 6, "중고등학교": 1, "초등학교": 2, "지하철역": 3, "주민센터": 2, "대학교": 0, "병원": 8, "버스정류장": 39, "대형점포": 3, "공연장": 3, "공원": 3, "신규임대유형": "신혼부부"}}, {"type": "Feature", "geometry": {"type": "Point", "coordinates": [127.0445177, 37.4869235]}, "properties": {"id": "1919", "gu": "강남구", "dong": "도곡동", "jibun": "193-77", "addr": "강남구 도곡동 193-77", "대지면적": "", "건폐율": "", "용적률": "", "주택형태": "", "노후년수": "", "임대세대수": "", "지형높이": "평지", "지형형상": "사다리형", "도로접면": "세로각지(가)", "OSC공법": "", "공시지가_2026": 9636000, "PNU": "1168011800101930077", "공공도서관": 1, "유치원": 3, "어린이집": 11, "중고등학교": 2, "초등학교": 1, "지하철역": 1, "주민센터": 2, "대학교": 0, "병원": 4, "버스정류장": 43, "대형점포": 3, "공연장": 1, "공원": 3, "신규임대유형": "신혼부부"}}, {"type": "Feature", "geometry": {"type": "Point", "coordinates": [126.8412849, 37.5033313]}, "properties": {"id": "1396", "gu": "구로구", "dong": "개봉동", "jibun": "44-3", "addr": "구로구 개봉동 44-3", "대지면적": "", "건폐율": "", "용적률": "", "주택형태": "", "노후년수": "", "임대세대수": "", "지형높이": "완경사", "지형형상": "부정형", "도로접면": "세로한면(가)", "OSC공법": "소형", "공시지가_2026": 2398000, "PNU": "1153010700100440003", "공공도서관": 1, "유치원": 5, "어린이집": 20, "중고등학교": 3, "초등학교": 3, "지하철역": 0, "주민센터": 2, "대학교": 0, "병원": 1, "버스정류장": 57, "대형점포": 1, "공연장": 0, "공원": 1, "신규임대유형": "청년"}}, {"type": "Feature", "geometry": {"type": "Point", "coordinates": [126.8517136, 37.4897121]}, "properties": {"id": "1418", "gu": "구로구", "dong": "개봉동", "jibun": "270-75", "addr": "구로구 개봉동 270-75", "대지면적": "247.35", "건폐율": "54.87", "용적률": "149.20", "주택형태": "단독주택", "노후년수": "22.2", "임대세대수": "8", "지형높이": "완경사", "지형형상": "부정형", "도로접면": "세로한면(가)", "OSC공법": "소형", "공시지가_2026": 2863000, "PNU": "1153010700102700075", "공공도서관": 1, "유치원": 4, "어린이집": 28, "중고등학교": 1, "초등학교": 3, "지하철역": 0, "주민센터": 2, "대학교": 1, "병원": 0, "버스정류장": 43, "대형점포": 2, "공연장": 1, "공원": 2, "신규임대유형": "청년"}}, {"type": "Feature", "geometry": {"type": "Point", "coordinates": [126.8578842, 37.4883027]}, "properties": {"id": "1419", "gu": "구로구", "dong": "개봉동", "jibun": "278-16", "addr": "구로구 개봉동 278-16", "대지면적": "", "건폐율": "", "용적률": "", "주택형태": "", "노후년수": "", "임대세대수": "", "지형높이": "평지", "지형형상": "자루형", "도로접면": "소로한면", "OSC공법": "", "공시지가_2026": 3409000, "PNU": "1153010700102780016", "공공도서관": 1, "유치원": 4, "어린이집": 25, "중고등학교": 1, "초등학교": 2, "지하철역": 0, "주민센터": 2, "대학교": 0, "병원": 0, "버스정류장": 44, "대형점포": 2, "공연장": 0, "공원": 2, "신규임대유형": "신혼부부"}}, {"type": "Feature", "geometry": {"type": "Point", "coordinates": [126.8525474, 37.4933241]}, "properties": {"id": "1422", "gu": "구로구", "dong": "개봉동", "jibun": "305-31", "addr": "구로구 개봉동 305-31", "대지면적": "", "건폐율": "", "용적률": "", "주택형태": "", "노후년수": "", "임대세대수": "", "지형높이": "평지", "지형형상": "가로장방", "도로접면": "세로한면(가)", "OSC공법": "소형", "공시지가_2026": 3414000, "PNU": "1153010700103050031", "공공도서관": 2, "유치원": 4, "어린이집": 31, "중고등학교": 2, "초등학교": 2, "지하철역": 0, "주민센터": 2, "대학교": 1, "병원": 3, "버스정류장": 59, "대형점포": 2, "공연장": 1, "공원": 2, "신규임대유형": "청년"}}, {"type": "Feature", "geometry": {"type": "Point", "coordinates": [126.8518938, 37.4820772]}, "properties": {"id": "1429", "gu": "구로구", "dong": "개봉동", "jibun": "313-7", "addr": "구로구 개봉동 313-7", "대지면적": "", "건폐율": "", "용적률": "", "주택형태": "", "노후년수": "", "임대세대수": "", "지형높이": "평지", "지형형상": "사다리형", "도로접면": "세로각지(가)", "OSC공법": "소형", "공시지가_2026": 2534000, "PNU": "1153010700103130007", "공공도서관": 0, "유치원": 0, "어린이집": 10, "중고등학교": 1, "초등학교": 2, "지하철역": 1, "주민센터": 1, "대학교": 0, "병원": 0, "버스정류장": 19, "대형점포": 1, "공연장": 0, "공원": 1, "신규임대유형": "청년"}}, {"type": "Feature", "geometry": {"type": "Point", "coordinates": [126.8516573, 37.4925661]}, "properties": {"id": "1432", "gu": "구로구", "dong": "개봉동", "jibun": "319-27", "addr": "구로구 개봉동 319-27", "대지면적": "193.00", "건폐율": "0.00", "용적률": "185.49", "주택형태": "단독주택", "노후년수": "32.4", "임대세대수": "5", "지형높이": "완경사", "지형형상": "자루형", "도로접면": "세로한면(가)", "OSC공법": "소형", "공시지가_2026": 2659000, "PNU": "1153010700103190027", "공공도서관": 1, "유치원": 5, "어린이집": 32, "중고등학교": 2, "초등학교": 2, "지하철역": 0, "주민센터": 3, "대학교": 1, "병원": 3, "버스정류장": 56, "대형점포": 3, "공연장": 1, "공원": 3, "신규임대유형": "청년"}}, {"type": "Feature", "geometry": {"type": "Point", "coordinates": [126.8532949, 37.4929099]}, "properties": {"id": "1433", "gu": "구로구", "dong": "개봉동", "jibun": "323-30", "addr": "구로구 개봉동 323-30", "대지면적": "", "건폐율": "", "용적률": "", "주택형태": "", "노후년수": "", "임대세대수": "", "지형높이": "평지", "지형형상": "자루형", "도로접면": "소로한면", "OSC공법": "소형", "공시지가_2026": 3290000, "PNU": "1153010700103230030", "공공도서관": 2, "유치원": 4, "어린이집": 32, "중고등학교": 2, "초등학교": 2, "지하철역": 0, "주민센터": 2, "대학교": 1, "병원": 2, "버스정류장": 58, "대형점포": 3, "공연장": 1, "공원": 3, "신규임대유형": "청년"}}, {"type": "Feature", "geometry": {"type": "Point", "coordinates": [126.8516219, 37.4899625]}, "properties": {"id": "1437", "gu": "구로구", "dong": "개봉동", "jibun": "337-18", "addr": "구로구 개봉동 337-18", "대지면적": "168.30", "건폐율": "54.27", "용적률": "0.00", "주택형태": "단독주택", "노후년수": "27.9", "임대세대수": "5", "지형높이": "완경사", "지형형상": "세로장방", "도로접면": "세로각지(가)", "OSC공법": "소형", "공시지가_2026": 3237000, "PNU": "1153010700103370018", "공공도서관": 1, "유치원": 4, "어린이집": 28, "중고등학교": 1, "초등학교": 3, "지하철역": 0, "주민센터": 2, "대학교": 1, "병원": 0, "버스정류장": 44, "대형점포": 2, "공연장": 1, "공원": 2, "신규임대유형": "청년"}}, {"type": "Feature", "geometry": {"type": "Point", "coordinates": [126.8531792, 37.4894787]}, "properties": {"id": "1439", "gu": "구로구", "dong": "개봉동", "jibun": "342-3", "addr": "구로구 개봉동 342-3", "대지면적": "", "건폐율": "", "용적률": "", "주택형태": "", "노후년수": "", "임대세대수": "", "지형높이": "평지", "지형형상": "세로장방", "도로접면": "세로한면(가)", "OSC공법": "소형", "공시지가_2026": 3254000, "PNU": "1153010700103420003", "공공도서관": 1, "유치원": 4, "어린이집": 30, "중고등학교": 1, "초등학교": 3, "지하철역": 0, "주민센터": 2, "대학교": 0, "병원": 0, "버스정류장": 48, "대형점포": 2, "공연장": 0, "공원": 2, "신규임대유형": "신혼부부"}}, {"type": "Feature", "geometry": {"type": "Point", "coordinates": [126.8537666, 37.4850418]}, "properties": {"id": "1442", "gu": "구로구", "dong": "개봉동", "jibun": "365-6", "addr": "구로구 개봉동 365-6", "대지면적": "0.00", "건폐율": "58.48", "용적률": "0.00", "주택형태": "공동주택", "노후년수": "22.9", "임대세대수": "5", "지형높이": "평지", "지형형상": "자루형", "도로접면": "소로한면", "OSC공법": "소형", "공시지가_2026": 3113000, "PNU": "1153010700103650006", "공공도서관": 1, "유치원": 3, "어린이집": 13, "중고등학교": 1, "초등학교": 3, "지하철역": 1, "주민센터": 2, "대학교": 0, "병원": 0, "버스정류장": 35, "대형점포": 2, "공연장": 0, "공원": 2, "신규임대유형": "신혼부부"}}, {"type": "Feature", "geometry": {"type": "Point", "coordinates": [126.8621686, 37.4942557]}, "properties": {"id": "1443", "gu": "구로구", "dong": "개봉동", "jibun": "417-25", "addr": "구로구 개봉동 417-25", "대지면적": "", "건폐율": "", "용적률": "", "주택형태": "", "노후년수": "", "임대세대수": "", "지형높이": "평지", "지형형상": "사다리형", "도로접면": "세로한면(가)", "OSC공법": "", "공시지가_2026": 2757000, "PNU": "1153010700104170025", "공공도서관": 2, "유치원": 6, "어린이집": 30, "중고등학교": 2, "초등학교": 3, "지하철역": 0, "주민센터": 2, "대학교": 0, "병원": 4, "버스정류장": 47, "대형점포": 9, "공연장": 0, "공원": 9, "신규임대유형": "신혼부부"}}, {"type": "Feature", "geometry": {"type": "Point", "coordinates": [126.8545721, 37.5008095]}, "properties": {"id": "1444", "gu": "구로구", "dong": "개봉동", "jibun": "459-1", "addr": "구로구 개봉동 459-1", "대지면적": "169.00", "건폐율": "59.78", "용적률": "0.00", "주택형태": "단독주택", "노후년수": "30.5", "임대세대수": "6", "지형높이": "완경사", "지형형상": "가로장방", "도로접면": "세로각지(가)", "OSC공법": "소형", "공시지가_2026": 3363000, "PNU": "1153010700104590001", "공공도서관": 2, "유치원": 2, "어린이집": 30, "중고등학교": 2, "초등학교": 3, "지하철역": 0, "주민센터": 3, "대학교": 1, "병원": 4, "버스정류장": 81, "대형점포": 8, "공연장": 0, "공원": 8, "신규임대유형": "청년"}}, {"type": "Feature", "geometry": {"type": "Point", "coordinates": [126.8438774, 37.4977195]}, "properties": {"id": "1447", "gu": "구로구", "dong": "오류동", "jibun": "27-39", "addr": "구로구 오류동 27-39", "대지면적": "", "건폐율": "", "용적률": "", "주택형태": "", "노후년수": "", "임대세대수": "", "지형높이": "완경사", "지형형상": "사다리형", "도로접면": "세로한면(가)", "OSC공법": "소형", "공시지가_2026": 2810000, "PNU": "1153010800100270039", "공공도서관": 0, "유치원": 5, "어린이집": 22, "중고등학교": 1, "초등학교": 2, "지하철역": 0, "주민센터": 2, "대학교": 1, "병원": 4, "버스정류장": 57, "대형점포": 1, "공연장": 1, "공원": 1, "신규임대유형": "신혼부부"}}, {"type": "Feature", "geometry": {"type": "Point", "coordinates": [126.8443804, 37.4988618]}, "properties": {"id": "1448", "gu": "구로구", "dong": "오류동", "jibun": "31-259", "addr": "구로구 오류동 31-259", "대지면적": "0.00", "건폐율": "57.64", "용적률": "179.36", "주택형태": "단독주택", "노후년수": "25.6", "임대세대수": "5", "지형높이": "완경사", "지형형상": "부정형", "도로접면": "세로한면(가)", "OSC공법": "소형", "공시지가_2026": 2750000, "PNU": "1153010800100310259", "공공도서관": 0, "유치원": 4, "어린이집": 24, "중고등학교": 1, "초등학교": 2, "지하철역": 0, "주민센터": 2, "대학교": 1, "병원": 3, "버스정류장": 57, "대형점포": 1, "공연장": 1, "공원": 1, "신규임대유형": "신혼부부"}}, {"type": "Feature", "geometry": {"type": "Point", "coordinates": [126.8364537, 37.4967668]}, "properties": {"id": "1451", "gu": "구로구", "dong": "오류동", "jibun": "313-35", "addr": "구로구 오류동 313-35", "대지면적": "", "건폐율": "", "용적률": "", "주택형태": "", "노후년수": "", "임대세대수": "", "지형높이": "평지", "지형형상": "사다리형", "도로접면": "세로한면(가)", "OSC공법": "소형", "공시지가_2026": 2684000, "PNU": "1153010800103130035", "공공도서관": 0, "유치원": 5, "어린이집": 20, "중고등학교": 2, "초등학교": 1, "지하철역": 0, "주민센터": 2, "대학교": 0, "병원": 3, "버스정류장": 49, "대형점포": 1, "공연장": 0, "공원": 1, "신규임대유형": "신혼부부"}}, {"type": "Feature", "geometry": {"type": "Point", "coordinates": [126.8867393, 37.4885184]}, "properties": {"id": "1370", "gu": "구로구", "dong": "구로동", "jibun": "743-43", "addr": "구로구 구로동 743-43", "대지면적": "129.10", "건폐율": "59.81", "용적률": "102.28", "주택형태": "단독주택", "노후년수": "31.2", "임대세대수": "5", "지형높이": "평지", "지형형상": "세로장방", "도로접면": "세로한면(가)", "OSC공법": "소형", "공시지가_2026": 2981000, "PNU": "1153010200107430043", "공공도서관": 1, "유치원": 6, "어린이집": 30, "중고등학교": 1, "초등학교": 3, "지하철역": 1, "주민센터": 4, "대학교": 0, "병원": 2, "버스정류장": 51, "대형점포": 0, "공연장": 1, "공원": 0, "신규임대유형": "신혼부부"}}, {"type": "Feature", "geometry": {"type": "Point", "coordinates": [126.9015721, 37.4721341]}, "properties": {"id": "1463", "gu": "금천구", "dong": "독산동", "jibun": "165-29", "addr": "금천구 독산동 165-29", "대지면적": "132.20", "건폐율": "59.18", "용적률": "108.56", "주택형태": "단독주택", "노후년수": "31.6", "임대세대수": "4", "지형높이": "완경사", "지형형상": "세로장방", "도로접면": "세로한면(가)", "OSC공법": "소형", "공시지가_2026": 3047000, "PNU": "1154510200101650029", "공공도서관": 1, "유치원": 16, "어린이집": 20, "중고등학교": 3, "초등학교": 3, "지하철역": 0, "주민센터": 4, "대학교": 0, "병원": 3, "버스정류장": 66, "대형점포": 8, "공연장": 4, "공원": 8, "신규임대유형": "청년"}}, {"type": "Feature", "geometry": {"type": "Point", "coordinates": [126.9050073, 37.4710284]}, "properties": {"id": "1467", "gu": "금천구", "dong": "독산동", "jibun": "181-97", "addr": "금천구 독산동 181-97", "대지면적": "130.60", "건폐율": "56.35", "용적률": "155.86", "주택형태": "단독주택", "노후년수": "28.3", "임대세대수": "6", "지형높이": "완경사", "지형형상": "사다리형", "도로접면": "세로각지(가)", "OSC공법": "소형", "공시지가_2026": 2614000, "PNU": "1154510200101810097", "공공도서관": 1, "유치원": 17, "어린이집": 22, "중고등학교": 3, "초등학교": 5, "지하철역": 0, "주민센터": 4, "대학교": 0, "병원": 3, "버스정류장": 51, "대형점포": 4, "공연장": 1, "공원": 4, "신규임대유형": "신혼부부"}}, {"type": "Feature", "geometry": {"type": "Point", "coordinates": [126.9050198, 37.4711015]}, "properties": {"id": "1468", "gu": "금천구", "dong": "독산동", "jibun": "181-98", "addr": "금천구 독산동 181-98", "대지면적": "116.70", "건폐율": "59.97", "용적률": "102.16", "주택형태": "단독주택", "노후년수": "32.0", "임대세대수": "5", "지형높이": "완경사", "지형형상": "정방형", "도로접면": "세로한면(가)", "OSC공법": "소형", "공시지가_2026": 2516000, "PNU": "1154510200101810098", "공공도서관": 1, "유치원": 17, "어린이집": 22, "중고등학교": 3, "초등학교": 5, "지하철역": 0, "주민센터": 4, "대학교": 0, "병원": 3, "버스정류장": 50, "대형점포": 4, "공연장": 1, "공원": 4, "신규임대유형": "청년"}}, {"type": "Feature", "geometry": {"type": "Point", "coordinates": [126.9053261, 37.471082]}, "properties": {"id": "1469", "gu": "금천구", "dong": "독산동", "jibun": "181-108", "addr": "금천구 독산동 181-108", "대지면적": "175.00", "건폐율": "59.32", "용적률": "232.82", "주택형태": "단독주택", "노후년수": "21.2", "임대세대수": "5", "지형높이": "완경사", "지형형상": "사다리형", "도로접면": "세로한면(가)", "OSC공법": "소형", "공시지가_2026": 2490000, "PNU": "1154510200101810108", "공공도서관": 1, "유치원": 17, "어린이집": 21, "중고등학교": 3, "초등학교": 5, "지하철역": 0, "주민센터": 4, "대학교": 0, "병원": 3, "버스정류장": 51, "대형점포": 4, "공연장": 1, "공원": 4, "신규임대유형": "청년"}}, {"type": "Feature", "geometry": {"type": "Point", "coordinates": [126.9037662, 37.4690166]}, "properties": {"id": "1470", "gu": "금천구", "dong": "독산동", "jibun": "186-6", "addr": "금천구 독산동 186-6", "대지면적": "113.70", "건폐율": "57.04", "용적률": "114.08", "주택형태": "단독주택", "노후년수": "33.6", "임대세대수": "5", "지형높이": "완경사", "지형형상": "사다리형", "도로접면": "세로한면(가)", "OSC공법": "소형", "공시지가_2026": 2930000, "PNU": "1154510200101860006", "공공도서관": 1, "유치원": 16, "어린이집": 24, "중고등학교": 1, "초등학교": 4, "지하철역": 0, "주민센터": 4, "대학교": 0, "병원": 3, "버스정류장": 60, "대형점포": 6, "공연장": 3, "공원": 6, "신규임대유형": "신혼부부"}}, {"type": "Feature", "geometry": {"type": "Point", "coordinates": [126.9044584, 37.4702583]}, "properties": {"id": "1471", "gu": "금천구", "dong": "독산동", "jibun": "188-23", "addr": "금천구 독산동 188-23", "대지면적": "126.20", "건폐율": "49.63", "용적률": "99.27", "주택형태": "단독주택", "노후년수": "36.5", "임대세대수": "5", "지형높이": "완경사", "지형형상": "가로장방", "도로접면": "세로한면(가)", "OSC공법": "소형", "공시지가_2026": 2661000, "PNU": "1154510200101880023", "공공도서관": 1, "유치원": 17, "어린이집": 24, "중고등학교": 1, "초등학교": 5, "지하철역": 0, "주민센터": 4, "대학교": 0, "병원": 3, "버스정류장": 56, "대형점포": 5, "공연장": 3, "공원": 5, "신규임대유형": "청년"}}, {"type": "Feature", "geometry": {"type": "Point", "coordinates": [126.9013774, 37.4708124]}, "properties": {"id": "1472", "gu": "금천구", "dong": "독산동", "jibun": "199-27", "addr": "금천구 독산동 199-27", "대지면적": "145.80", "건폐율": "59.36", "용적률": "113.17", "주택형태": "단독주택", "노후년수": "31.1", "임대세대수": "5", "지형높이": "평지", "지형형상": "정방형", "도로접면": "세로한면(가)", "OSC공법": "소형", "공시지가_2026": 2887000, "PNU": "1154510200101990027", "공공도서관": 1, "유치원": 16, "어린이집": 24, "중고등학교": 2, "초등학교": 4, "지하철역": 0, "주민센터": 4, "대학교": 0, "병원": 4, "버스정류장": 64, "대형점포": 6, "공연장": 4, "공원": 6, "신규임대유형": "청년"}}, {"type": "Feature", "geometry": {"type": "Point", "coordinates": [126.9069931, 37.4649565]}, "properties": {"id": "1473", "gu": "금천구", "dong": "독산동", "jibun": "378-48", "addr": "금천구 독산동 378-48", "대지면적": "141.50", "건폐율": "46.83", "용적률": "93.67", "주택형태": "단독주택", "노후년수": "30.7", "임대세대수": "3", "지형높이": "완경사", "지형형상": "가로장방", "도로접면": "세로각지(가)", "OSC공법": "", "공시지가_2026": 2925000, "PNU": "1154510200103780048", "공공도서관": 1, "유치원": 16, "어린이집": 26, "중고등학교": 1, "초등학교": 4, "지하철역": 0, "주민센터": 3, "대학교": 0, "병원": 0, "버스정류장": 38, "대형점포": 0, "공연장": 1, "공원": 0, "신규임대유형": "신혼부부"}}, {"type": "Feature", "geometry": {"type": "Point", "coordinates": [126.904642, 37.4637232]}, "properties": {"id": "1479", "gu": "금천구", "dong": "독산동", "jibun": "378-433", "addr": "금천구 독산동 378-433", "대지면적": "92.30", "건폐율": "59.91", "용적률": "106.51", "주택형태": "단독주택", "노후년수": "32.2", "임대세대수": "4", "지형높이": "완경사", "지형형상": "사다리형", "도로접면": "세로각지(가)", "OSC공법": "소형", "공시지가_2026": 3201000, "PNU": "1154510200103780433", "공공도서관": 1, "유치원": 2, "어린이집": 29, "중고등학교": 1, "초등학교": 3, "지하철역": 0, "주민센터": 3, "대학교": 0, "병원": 1, "버스정류장": 39, "대형점포": 1, "공연장": 1, "공원": 1, "신규임대유형": "청년"}}, {"type": "Feature", "geometry": {"type": "Point", "coordinates": [126.9084745, 37.4764153]}, "properties": {"id": "1481", "gu": "금천구", "dong": "독산동", "jibun": "893-18", "addr": "금천구 독산동 893-18", "대지면적": "201.30", "건폐율": "59.53", "용적률": "113.94", "주택형태": "단독주택", "노후년수": "31.2", "임대세대수": "7", "지형높이": "평지", "지형형상": "세로장방", "도로접면": "세로한면(가)", "OSC공법": "소형", "공시지가_2026": 3240000, "PNU": "1154510200108930018", "공공도서관": 1, "유치원": 17, "어린이집": 19, "중고등학교": 4, "초등학교": 3, "지하철역": 0, "주민센터": 2, "대학교": 0, "병원": 4, "버스정류장": 59, "대형점포": 2, "공연장": 1, "공원": 2, "신규임대유형": "청년"}}, {"type": "Feature", "geometry": {"type": "Point", "coordinates": [126.9077028, 37.4781076]}, "properties": {"id": "1482", "gu": "금천구", "dong": "독산동", "jibun": "896-5", "addr": "금천구 독산동 896-5", "대지면적": "208.30", "건폐율": "59.94", "용적률": "102.22", "주택형태": "단독주택", "노후년수": "31.4", "임대세대수": "8", "지형높이": "평지", "지형형상": "정방형", "도로접면": "세로한면(가)", "OSC공법": "소형", "공시지가_2026": 3300000, "PNU": "1154510200108960005", "공공도서관": 1, "유치원": 17, "어린이집": 21, "중고등학교": 4, "초등학교": 4, "지하철역": 0, "주민센터": 2, "대학교": 0, "병원": 5, "버스정류장": 66, "대형점포": 2, "공연장": 0, "공원": 2, "신규임대유형": "신혼부부"}}, {"type": "Feature", "geometry": {"type": "Point", "coordinates": [126.9041437, 37.4682342]}, "properties": {"id": "1495", "gu": "금천구", "dong": "독산동", "jibun": "1021-21", "addr": "금천구 독산동 1021-21", "대지면적": "281.00", "건폐율": "56.76", "용적률": "140.96", "주택형태": "단독주택", "노후년수": "27.3", "임대세대수": "8", "지형높이": "평지", "지형형상": "사다리형", "도로접면": "세로한면(가)", "OSC공법": "소형", "공시지가_2026": 2905000, "PNU": "1154510200110210021", "공공도서관": 1, "유치원": 16, "어린이집": 25, "중고등학교": 1, "초등학교": 3, "지하철역": 0, "주민센터": 4, "대학교": 0, "병원": 3, "버스정류장": 57, "대형점포": 6, "공연장": 2, "공원": 6, "신규임대유형": "청년"}}, {"type": "Feature", "geometry": {"type": "Point", "coordinates": [126.9037088, 37.466904]}, "properties": {"id": "1496", "gu": "금천구", "dong": "독산동", "jibun": "1022-59", "addr": "금천구 독산동 1022-59", "대지면적": "0.00", "건폐율": "57.71", "용적률": "0.00", "주택형태": "공동주택", "노후년수": "22.6", "임대세대수": "12", "지형높이": "완경사", "지형형상": "세로장방", "도로접면": "세로한면(가)", "OSC공법": "소형", "공시지가_2026": 2612000, "PNU": "1154510200110220059", "공공도서관": 1, "유치원": 16, "어린이집": 24, "중고등학교": 1, "초등학교": 3, "지하철역": 0, "주민센터": 3, "대학교": 0, "병원": 2, "버스정류장": 51, "대형점포": 5, "공연장": 1, "공원": 5, "신규임대유형": "신혼부부"}}, {"type": "Feature", "geometry": {"type": "Point", "coordinates": [126.8903291, 37.4539033]}, "properties": {"id": "1506", "gu": "금천구", "dong": "독산동", "jibun": "1102-4", "addr": "금천구 독산동 1102-4", "대지면적": "525.00", "건폐율": "59.97", "용적률": "2701.00", "주택형태": "단독주택", "노후년수": "31.2", "임대세대수": "8", "지형높이": "평지", "지형형상": "정방형", "도로접면": "소로한면", "OSC공법": "중형", "공시지가_2026": 2817000, "PNU": "1154510200111020004", "공공도서관": 1, "유치원": 2, "어린이집": 13, "중고등학교": 1, "초등학교": 2, "지하철역": 0, "주민센터": 0, "대학교": 0, "병원": 2, "버스정류장": 26, "대형점포": 1, "공연장": 1, "공원": 1, "신규임대유형": "청년"}}, {"type": "Feature", "geometry": {"type": "Point", "coordinates": [126.9069053, 37.4614999]}, "properties": {"id": "1514", "gu": "금천구", "dong": "시흥동", "jibun": "793-15", "addr": "금천구 시흥동 793-15", "대지면적": "", "건폐율": "", "용적률": "", "주택형태": "", "노후년수": "", "임대세대수": "", "지형높이": "평지", "지형형상": "자루형", "도로접면": "세로한면(가)", "OSC공법": "소형", "공시지가_2026": 2777000, "PNU": "1154510300107930015", "공공도서관": 1, "유치원": 2, "어린이집": 26, "중고등학교": 1, "초등학교": 4, "지하철역": 0, "주민센터": 2, "대학교": 0, "병원": 0, "버스정류장": 37, "대형점포": 0, "공연장": 0, "공원": 0, "신규임대유형": "청년"}}, {"type": "Feature", "geometry": {"type": "Point", "coordinates": [126.9079183, 37.4585337]}, "properties": {"id": "1515", "gu": "금천구", "dong": "시흥동", "jibun": "807-15", "addr": "금천구 시흥동 807-15", "대지면적": "278.00", "건폐율": "47.10", "용적률": "177.78", "주택형태": "공동주택", "노후년수": "31.3", "임대세대수": "4", "지형높이": "평지", "지형형상": "부정형", "도로접면": "세로각지(가)", "OSC공법": "소형", "공시지가_2026": 2768400, "PNU": "1154510300108070015", "공공도서관": 0, "유치원": 0, "어린이집": 21, "중고등학교": 1, "초등학교": 3, "지하철역": 0, "주민센터": 2, "대학교": 0, "병원": 2, "버스정류장": 45, "대형점포": 2, "공연장": 0, "공원": 2, "신규임대유형": "청년"}}, {"type": "Feature", "geometry": {"type": "Point", "coordinates": [126.9081927, 37.4580658]}, "properties": {"id": "1516", "gu": "금천구", "dong": "시흥동", "jibun": "808-23", "addr": "금천구 시흥동 808-23", "대지면적": "", "건폐율": "", "용적률": "", "주택형태": "", "노후년수": "", "임대세대수": "", "지형높이": "평지", "지형형상": "자루형", "도로접면": "세로각지(가)", "OSC공법": "소형", "공시지가_2026": 2399300, "PNU": "1154510300108080023", "공공도서관": 0, "유치원": 0, "어린이집": 21, "중고등학교": 1, "초등학교": 3, "지하철역": 0, "주민센터": 2, "대학교": 0, "병원": 2, "버스정류장": 51, "대형점포": 2, "공연장": 0, "공원": 2, "신규임대유형": "청년"}}, {"type": "Feature", "geometry": {"type": "Point", "coordinates": [126.9076161, 37.4523988]}, "properties": {"id": "1520", "gu": "금천구", "dong": "시흥동", "jibun": "835-26", "addr": "금천구 시흥동 835-26", "대지면적": "", "건폐율": "", "용적률": "", "주택형태": "", "노후년수": "", "임대세대수": "", "지형높이": "평지", "지형형상": "세로장방", "도로접면": "세로한면(가)", "OSC공법": "소형", "공시지가_2026": 3299000, "PNU": "1154510300108350026", "공공도서관": 1, "유치원": 6, "어린이집": 27, "중고등학교": 5, "초등학교": 6, "지하철역": 0, "주민센터": 3, "대학교": 0, "병원": 3, "버스정류장": 81, "대형점포": 5, "공연장": 3, "공원": 5, "신규임대유형": "청년"}}, {"type": "Feature", "geometry": {"type": "Point", "coordinates": [126.9031216, 37.4577998]}, "properties": {"id": "1522", "gu": "금천구", "dong": "시흥동", "jibun": "853-36", "addr": "금천구 시흥동 853-36", "대지면적": "", "건폐율": "", "용적률": "", "주택형태": "", "노후년수": "", "임대세대수": "", "지형높이": "평지", "지형형상": "자루형", "도로접면": "세로한면(가)", "OSC공법": "소형", "공시지가_2026": 2533000, "PNU": "1154510300108530036", "공공도서관": 1, "유치원": 1, "어린이집": 29, "중고등학교": 1, "초등학교": 3, "지하철역": 0, "주민센터": 2, "대학교": 0, "병원": 6, "버스정류장": 64, "대형점포": 4, "공연장": 1, "공원": 4, "신규임대유형": "청년"}}, {"type": "Feature", "geometry": {"type": "Point", "coordinates": [126.9044173, 37.4593569]}, "properties": {"id": "1523", "gu": "금천구", "dong": "시흥동", "jibun": "856-6", "addr": "금천구 시흥동 856-6", "대지면적": "", "건폐율": "", "용적률": "", "주택형태": "", "노후년수": "", "임대세대수": "", "지형높이": "평지", "지형형상": "세로장방", "도로접면": "세로한면(가)", "OSC공법": "소형", "공시지가_2026": 3611000, "PNU": "1154510300108560006", "공공도서관": 0, "유치원": 1, "어린이집": 28, "중고등학교": 1, "초등학교": 3, "지하철역": 0, "주민센터": 2, "대학교": 0, "병원": 3, "버스정류장": 52, "대형점포": 1, "공연장": 0, "공원": 1, "신규임대유형": "신혼부부"}}, {"type": "Feature", "geometry": {"type": "Point", "coordinates": [126.9027877, 37.4523532]}, "properties": {"id": "1524", "gu": "금천구", "dong": "시흥동", "jibun": "891-17", "addr": "금천구 시흥동 891-17", "대지면적": "", "건폐율": "", "용적률": "", "주택형태": "", "노후년수": "", "임대세대수": "", "지형높이": "평지", "지형형상": "세로장방", "도로접면": "세로한면(가)", "OSC공법": "소형", "공시지가_2026": 3692000, "PNU": "1154510300108910017", "공공도서관": 0, "유치원": 4, "어린이집": 27, "중고등학교": 4, "초등학교": 3, "지하철역": 0, "주민센터": 2, "대학교": 0, "병원": 5, "버스정류장": 72, "대형점포": 5, "공연장": 3, "공원": 5, "신규임대유형": "청년"}}, {"type": "Feature", "geometry": {"type": "Point", "coordinates": [126.9086828, 37.4494165]}, "properties": {"id": "1529", "gu": "금천구", "dong": "시흥동", "jibun": "917-33", "addr": "금천구 시흥동 917-33", "대지면적": "", "건폐율": "", "용적률": "", "주택형태": "", "노후년수": "", "임대세대수": "", "지형높이": "평지", "지형형상": "자루형", "도로접면": "소로한면", "OSC공법": "소형", "공시지가_2026": 2736000, "PNU": "1154510300109170033", "공공도서관": 1, "유치원": 5, "어린이집": 19, "중고등학교": 6, "초등학교": 6, "지하철역": 0, "주민센터": 2, "대학교": 0, "병원": 1, "버스정류장": 71, "대형점포": 4, "공연장": 3, "공원": 4, "신규임대유형": "청년"}}, {"type": "Feature", "geometry": {"type": "Point", "coordinates": [126.9089692, 37.4473425]}, "properties": {"id": "1532", "gu": "금천구", "dong": "시흥동", "jibun": "930-1", "addr": "금천구 시흥동 930-1", "대지면적": "", "건폐율": "", "용적률": "", "주택형태": "", "노후년수": "", "임대세대수": "", "지형높이": "평지", "지형형상": "세로장방", "도로접면": "세로한면(가)", "OSC공법": "소형", "공시지가_2026": 2810000, "PNU": "1154510300109300001", "공공도서관": 1, "유치원": 5, "어린이집": 19, "중고등학교": 6, "초등학교": 4, "지하철역": 0, "주민센터": 1, "대학교": 0, "병원": 0, "버스정류장": 62, "대형점포": 3, "공연장": 3, "공원": 3, "신규임대유형": "청년"}}, {"type": "Feature", "geometry": {"type": "Point", "coordinates": [126.9063015, 37.4427262]}, "properties": {"id": "1534", "gu": "금천구", "dong": "시흥동", "jibun": "945-43", "addr": "금천구 시흥동 945-43", "대지면적": "", "건폐율": "", "용적률": "", "주택형태": "", "노후년수": "", "임대세대수": "", "지형높이": "완경사", "지형형상": "사다리형", "도로접면": "세로한면(가)", "OSC공법": "소형", "공시지가_2026": 2783000, "PNU": "1154510300109450043", "공공도서관": 0, "유치원": 3, "어린이집": 8, "중고등학교": 3, "초등학교": 2, "지하철역": 0, "주민센터": 1, "대학교": 0, "병원": 0, "버스정류장": 26, "대형점포": 3, "공연장": 2, "공원": 3, "신규임대유형": "청년"}}, {"type": "Feature", "geometry": {"type": "Point", "coordinates": [126.9027716, 37.4460115]}, "properties": {"id": "1535", "gu": "금천구", "dong": "시흥동", "jibun": "985-19", "addr": "금천구 시흥동 985-19", "대지면적": "", "건폐율": "", "용적률": "", "주택형태": "", "노후년수": "", "임대세대수": "", "지형높이": "평지", "지형형상": "사다리형", "도로접면": "세로한면(가)", "OSC공법": "소형", "공시지가_2026": 3096000, "PNU": "1154510300109850019", "공공도서관": 0, "유치원": 4, "어린이집": 13, "중고등학교": 5, "초등학교": 3, "지하철역": 0, "주민센터": 1, "대학교": 0, "병원": 1, "버스정류장": 54, "대형점포": 6, "공연장": 3, "공원": 6, "신규임대유형": "청년"}}, {"type": "Feature", "geometry": {"type": "Point", "coordinates": [126.9099451, 37.5133741]}, "properties": {"id": "1536", "gu": "영등포구", "dong": "영등포동", "jibun": "602-22", "addr": "영등포구 영등포동 602-22", "대지면적": "", "건폐율": "", "용적률": "", "주택형태": "", "노후년수": "", "임대세대수": "", "지형높이": "평지", "지형형상": "자루형", "도로접면": "중로한면", "OSC공법": "소형", "공시지가_2026": 4993000, "PNU": "1156010100106020022", "공공도서관": 0, "유치원": 4, "어린이집": 19, "중고등학교": 3, "초등학교": 3, "지하철역": 1, "주민센터": 4, "대학교": 0, "병원": 5, "버스정류장": 57, "대형점포": 7, "공연장": 8, "공원": 7, "신규임대유형": "청년"}}, {"type": "Feature", "geometry": {"type": "Point", "coordinates": [126.9066417, 37.5134809]}, "properties": {"id": "1537", "gu": "영등포구", "dong": "영등포동", "jibun": "618-75", "addr": "영등포구 영등포동 618-75", "대지면적": "", "건폐율": "", "용적률": "", "주택형태": "", "노후년수": "", "임대세대수": "", "지형높이": "평지", "지형형상": "사다리형", "도로접면": "세로한면(가)", "OSC공법": "소형", "공시지가_2026": 4606000, "PNU": "1156010100106180075", "공공도서관": 0, "유치원": 5, "어린이집": 17, "중고등학교": 2, "초등학교": 4, "지하철역": 0, "주민센터": 4, "대학교": 0, "병원": 5, "버스정류장": 58, "대형점포": 6, "공연장": 10, "공원": 6, "신규임대유형": "청년"}}, {"type": "Feature", "geometry": {"type": "Point", "coordinates": [126.898147, 37.5097413]}, "properties": {"id": "1544", "gu": "영등포구", "dong": "도림동", "jibun": "186-7", "addr": "영등포구 도림동 186-7", "대지면적": "", "건폐율": "", "용적률": "", "주택형태": "", "노후년수": "", "임대세대수": "", "지형높이": "평지", "지형형상": "사다리형", "도로접면": "세로한면(가)", "OSC공법": "소형", "공시지가_2026": 3564000, "PNU": "1156011800101860007", "공공도서관": 5, "유치원": 8, "어린이집": 26, "중고등학교": 0, "초등학교": 2, "지하철역": 1, "주민센터": 1, "대학교": 0, "병원": 5, "버스정류장": 66, "대형점포": 4, "공연장": 2, "공원": 4, "신규임대유형": "청년"}}, {"type": "Feature", "geometry": {"type": "Point", "coordinates": [126.9133909, 37.5102629]}, "properties": {"id": "1553", "gu": "영등포구", "dong": "신길동", "jibun": "158-40", "addr": "영등포구 신길동 158-40", "대지면적": "", "건폐율": "", "용적률": "", "주택형태": "", "노후년수": "", "임대세대수": "", "지형높이": "평지", "지형형상": "세로장방", "도로접면": "세로각지(가)", "OSC공법": "소형", "공시지가_2026": 5024000, "PNU": "1156013200101580040", "공공도서관": 0, "유치원": 5, "어린이집": 25, "중고등학교": 3, "초등학교": 3, "지하철역": 0, "주민센터": 4, "대학교": 0, "병원": 3, "버스정류장": 68, "대형점포": 4, "공연장": 0, "공원": 4, "신규임대유형": "청년"}}, {"type": "Feature", "geometry": {"type": "Point", "coordinates": [126.9079307, 37.5092354]}, "properties": {"id": "1554", "gu": "영등포구", "dong": "신길동", "jibun": "287-16", "addr": "영등포구 신길동 287-16", "대지면적": "", "건폐율": "", "용적률": "", "주택형태": "", "노후년수": "", "임대세대수": "", "지형높이": "평지", "지형형상": "사다리형", "도로접면": "세로한면(가)", "OSC공법": "소형", "공시지가_2026": 3934000, "PNU": "1156013200102870016", "공공도서관": 0, "유치원": 8, "어린이집": 23, "중고등학교": 2, "초등학교": 4, "지하철역": 0, "주민센터": 3, "대학교": 0, "병원": 1, "버스정류장": 64, "대형점포": 4, "공연장": 0, "공원": 4, "신규임대유형": "청년"}}, {"type": "Feature", "geometry": {"type": "Point", "coordinates": [126.895877, 37.4954]}, "properties": {"id": "1559", "gu": "영등포구", "dong": "대림동", "jibun": "730-4", "addr": "영등포구 대림동 730-4", "대지면적": "", "건폐율": "", "용적률": "", "주택형태": "", "노후년수": "", "임대세대수": "", "지형높이": "평지", "지형형상": "사다리형", "도로접면": "소로각지", "OSC공법": "", "공시지가_2026": 4022000, "PNU": "1156013300107300004", "공공도서관": 1, "유치원": 3, "어린이집": 22, "중고등학교": 5, "초등학교": 6, "지하철역": 2, "주민센터": 2, "대학교": 0, "병원": 2, "버스정류장": 72, "대형점포": 2, "공연장": 2, "공원": 2, "신규임대유형": "청년"}}, {"type": "Feature", "geometry": {"type": "Point", "coordinates": [126.9033871, 37.493894]}, "properties": {"id": "1564", "gu": "영등포구", "dong": "대림동", "jibun": "882-23", "addr": "영등포구 대림동 882-23", "대지면적": "", "건폐율": "", "용적률": "", "주택형태": "", "노후년수": "", "임대세대수": "", "지형높이": "완경사", "지형형상": "사다리형", "도로접면": "세로한면(불)", "OSC공법": "소형", "공시지가_2026": 3665000, "PNU": "1156013300108820023", "공공도서관": 0, "유치원": 7, "어린이집": 21, "중고등학교": 3, "초등학교": 4, "지하철역": 2, "주민센터": 2, "대학교": 0, "병원": 5, "버스정류장": 69, "대형점포": 3, "공연장": 4, "공원": 3, "신규임대유형": "청년"}}, {"type": "Feature", "geometry": {"type": "Point", "coordinates": [126.9053912, 37.4922897]}, "properties": {"id": "1565", "gu": "영등포구", "dong": "대림동", "jibun": "934-52", "addr": "영등포구 대림동 934-52", "대지면적": "210.43", "건폐율": "54.02", "용적률": "145.24", "주택형태": "단독주택", "노후년수": "27.7", "임대세대수": "7", "지형높이": "평지", "지형형상": "사다리형", "도로접면": "세로각지(가)", "OSC공법": "소형", "공시지가_2026": 4338000, "PNU": "1156013300109340052", "공공도서관": 1, "유치원": 8, "어린이집": 25, "중고등학교": 3, "초등학교": 3, "지하철역": 1, "주민센터": 3, "대학교": 0, "병원": 5, "버스정류장": 55, "대형점포": 3, "공연장": 6, "공원": 3, "신규임대유형": "청년"}}, {"type": "Feature", "geometry": {"type": "Point", "coordinates": [126.9464208, 37.5100459]}, "properties": {"id": "1566", "gu": "동작구", "dong": "노량진동", "jibun": "215-1", "addr": "동작구 노량진동 215-1", "대지면적": "278.00", "건폐율": "58.03", "용적률": "210.40", "주택형태": "단독주택", "노후년수": "26.9", "임대세대수": "13", "지형높이": "완경사", "지형형상": "사다리형", "도로접면": "세로한면(가)", "OSC공법": "소형", "공시지가_2026": 6928000, "PNU": "1159010100102150001", "공공도서관": 3, "유치원": 9, "어린이집": 24, "중고등학교": 0, "초등학교": 4, "지하철역": 1, "주민센터": 2, "대학교": 0, "병원": 2, "버스정류장": 84, "대형점포": 4, "공연장": 13, "공원": 4, "신규임대유형": "청년"}}, {"type": "Feature", "geometry": {"type": "Point", "coordinates": [126.9448736, 37.5096755]}, "properties": {"id": "1567", "gu": "동작구", "dong": "노량진동", "jibun": "221-23", "addr": "동작구 노량진동 221-23", "대지면적": "", "건폐율": "", "용적률": "", "주택형태": "", "노후년수": "", "임대세대수": "", "지형높이": "급경사", "지형형상": "사다리형", "도로접면": "세로한면(가)", "OSC공법": "", "공시지가_2026": 4537000, "PNU": "1159010100102210023", "공공도서관": 3, "유치원": 6, "어린이집": 26, "중고등학교": 0, "초등학교": 3, "지하철역": 2, "주민센터": 3, "대학교": 0, "병원": 2, "버스정류장": 84, "대형점포": 4, "공연장": 14, "공원": 4, "신규임대유형": "청년"}}, {"type": "Feature", "geometry": {"type": "Point", "coordinates": [126.9536861, 37.4936873]}, "properties": {"id": "1568", "gu": "동작구", "dong": "상도동", "jibun": "134-252", "addr": "동작구 상도동 134-252", "대지면적": "0.00", "건폐율": "57.78", "용적률": "0.00", "주택형태": "단독주택", "노후년수": "26.7", "임대세대수": "6", "지형높이": "급경사", "지형형상": "세로장방", "도로접면": "세로한면(불)", "OSC공법": "소형", "공시지가_2026": 3451000, "PNU": "1159010200101340252", "공공도서관": 2, "유치원": 8, "어린이집": 26, "중고등학교": 4, "초등학교": 2, "지하철역": 1, "주민센터": 3, "대학교": 1, "병원": 0, "버스정류장": 47, "대형점포": 3, "공연장": 0, "공원": 3, "신규임대유형": "청년"}}, {"type": "Feature", "geometry": {"type": "Point", "coordinates": [126.937366, 37.4987362]}, "properties": {"id": "1570", "gu": "동작구", "dong": "상도동", "jibun": "244-226", "addr": "동작구 상도동 244-226", "대지면적": "210.16", "건폐율": "59.33", "용적률": "155.00", "주택형태": "단독주택", "노후년수": "32.3", "임대세대수": "5", "지형높이": "급경사", "지형형상": "사다리형", "도로접면": "세로한면(가)", "OSC공법": "소형", "공시지가_2026": 3840000, "PNU": "1159010200102440226", "공공도서관": 0, "유치원": 5, "어린이집": 30, "중고등학교": 2, "초등학교": 2, "지하철역": 1, "주민센터": 2, "대학교": 0, "병원": 1, "버스정류장": 86, "대형점포": 5, "공연장": 12, "공원": 5, "신규임대유형": "청년"}}, {"type": "Feature", "geometry": {"type": "Point", "coordinates": [126.9373935, 37.4983568]}, "properties": {"id": "1571", "gu": "동작구", "dong": "상도동", "jibun": "244-235", "addr": "동작구 상도동 244-235", "대지면적": "193.29", "건폐율": "0.00", "용적률": "105.42", "주택형태": "단독주택", "노후년수": "33.5", "임대세대수": "5", "지형높이": "급경사", "지형형상": "정방형", "도로접면": "세로한면(가)", "OSC공법": "소형", "공시지가_2026": 3917000, "PNU": "1159010200102440235", "공공도서관": 0, "유치원": 5, "어린이집": 27, "중고등학교": 5, "초등학교": 2, "지하철역": 1, "주민센터": 2, "대학교": 0, "병원": 1, "버스정류장": 85, "대형점포": 5, "공연장": 12, "공원": 5, "신규임대유형": "청년"}}, {"type": "Feature", "geometry": {"type": "Point", "coordinates": [126.9373982, 37.4982515]}, "properties": {"id": "1572", "gu": "동작구", "dong": "상도동", "jibun": "244-236", "addr": "동작구 상도동 244-236", "대지면적": "", "건폐율": "", "용적률": "", "주택형태": "", "노후년수": "", "임대세대수": "", "지형높이": "급경사", "지형형상": "정방형", "도로접면": "세로한면(가)", "OSC공법": "소형", "공시지가_2026": 3917000, "PNU": "1159010200102440236", "공공도서관": 0, "유치원": 5, "어린이집": 26, "중고등학교": 5, "초등학교": 2, "지하철역": 1, "주민센터": 2, "대학교": 0, "병원": 1, "버스정류장": 85, "대형점포": 5, "공연장": 12, "공원": 5, "신규임대유형": "청년"}}, {"type": "Feature", "geometry": {"type": "Point", "coordinates": [126.9370208, 37.4981544]}, "properties": {"id": "1573", "gu": "동작구", "dong": "상도동", "jibun": "244-258", "addr": "동작구 상도동 244-258", "대지면적": "0.00", "건폐율": "59.74", "용적률": "0.00", "주택형태": "단독주택", "노후년수": "32.4", "임대세대수": "5", "지형높이": "급경사", "지형형상": "사다리형", "도로접면": "소로각지", "OSC공법": "소형", "공시지가_2026": 4114000, "PNU": "1159010200102440258", "공공도서관": 0, "유치원": 5, "어린이집": 25, "중고등학교": 4, "초등학교": 2, "지하철역": 2, "주민센터": 2, "대학교": 0, "병원": 1, "버스정류장": 84, "대형점포": 4, "공연장": 11, "공원": 4, "신규임대유형": "청년"}}, {"type": "Feature", "geometry": {"type": "Point", "coordinates": [126.9295408, 37.4955865]}, "properties": {"id": "1585", "gu": "동작구", "dong": "상도동", "jibun": "299-191", "addr": "동작구 상도동 299-191", "대지면적": "0.00", "건폐율": "40.76", "용적률": "0.00", "주택형태": "공동주택", "노후년수": "32.5", "임대세대수": "10", "지형높이": "완경사", "지형형상": "사다리형", "도로접면": "세로각지(가)", "OSC공법": "", "공시지가_2026": 4765000, "PNU": "1159010200102990191", "공공도서관": 0, "유치원": 3, "어린이집": 31, "중고등학교": 3, "초등학교": 2, "지하철역": 1, "주민센터": 1, "대학교": 0, "병원": 3, "버스정류장": 84, "대형점포": 4, "공연장": 7, "공원": 4, "신규임대유형": "청년"}}, {"type": "Feature", "geometry": {"type": "Point", "coordinates": [126.9636847, 37.4909233]}, "properties": {"id": "1592", "gu": "동작구", "dong": "사당동", "jibun": "183-34", "addr": "동작구 사당동 183-34", "대지면적": "115.00", "건폐율": "59.89", "용적률": "114.89", "주택형태": "공동주택", "노후년수": "22.0", "임대세대수": "8", "지형높이": "완경사", "지형형상": "사다리형", "도로접면": "중로한면", "OSC공법": "중형", "공시지가_2026": 5052000, "PNU": "1159010700101830034", "공공도서관": 2, "유치원": 8, "어린이집": 28, "중고등학교": 3, "초등학교": 2, "지하철역": 0, "주민센터": 3, "대학교": 1, "병원": 0, "버스정류장": 51, "대형점포": 3, "공연장": 6, "공원": 3, "신규임대유형": "청년"}}, {"type": "Feature", "geometry": {"type": "Point", "coordinates": [126.9649653, 37.4878521]}, "properties": {"id": "1593", "gu": "동작구", "dong": "사당동", "jibun": "202-21", "addr": "동작구 사당동 202-21", "대지면적": "415.01", "건폐율": "59.92", "용적률": "117.79", "주택형태": "단독주택", "노후년수": "29.3", "임대세대수": "7", "지형높이": "평지", "지형형상": "사다리형", "도로접면": "세로각지(가)", "OSC공법": "소형", "공시지가_2026": 4530000, "PNU": "1159010700102020021", "공공도서관": 3, "유치원": 10, "어린이집": 37, "중고등학교": 6, "초등학교": 3, "지하철역": 1, "주민센터": 4, "대학교": 1, "병원": 1, "버스정류장": 51, "대형점포": 4, "공연장": 9, "공원": 4, "신규임대유형": "청년"}}, {"type": "Feature", "geometry": {"type": "Point", "coordinates": [126.9666502, 37.4872521]}, "properties": {"id": "1594", "gu": "동작구", "dong": "사당동", "jibun": "206-104", "addr": "동작구 사당동 206-104", "대지면적": "228.00", "건폐율": "59.85", "용적률": "210.02", "주택형태": "단독주택", "노후년수": "22.7", "임대세대수": "11", "지형높이": "평지", "지형형상": "가로장방", "도로접면": "세로한면(가)", "OSC공법": "소형", "공시지가_2026": 4495000, "PNU": "1159010700102060104", "공공도서관": 2, "유치원": 7, "어린이집": 33, "중고등학교": 5, "초등학교": 3, "지하철역": 1, "주민센터": 2, "대학교": 1, "병원": 0, "버스정류장": 59, "대형점포": 3, "공연장": 9, "공원": 3, "신규임대유형": "청년"}}, {"type": "Feature", "geometry": {"type": "Point", "coordinates": [126.9680072, 37.4830442]}, "properties": {"id": "1595", "gu": "동작구", "dong": "사당동", "jibun": "235-13", "addr": "동작구 사당동 235-13", "대지면적": "147.10", "건폐율": "49.55", "용적률": "169.43", "주택형태": "단독주택", "노후년수": "28.0", "임대세대수": "11", "지형높이": "완경사", "지형형상": "사다리형", "도로접면": "세로한면(가)", "OSC공법": "소형", "공시지가_2026": 4430000, "PNU": "1159010700102350013", "공공도서관": 2, "유치원": 6, "어린이집": 28, "중고등학교": 5, "초등학교": 3, "지하철역": 2, "주민센터": 3, "대학교": 1, "병원": 0, "버스정류장": 52, "대형점포": 1, "공연장": 8, "공원": 1, "신규임대유형": "청년"}}, {"type": "Feature", "geometry": {"type": "Point", "coordinates": [126.9278505, 37.5014996]}, "properties": {"id": "1600", "gu": "동작구", "dong": "대방동", "jibun": "391-21", "addr": "동작구 대방동 391-21", "대지면적": "171.00", "건폐율": "59.48", "용적률": "163.51", "주택형태": "단독주택", "노후년수": "32.4", "임대세대수": "10", "지형높이": "완경사", "지형형상": "세로장방", "도로접면": "소로한면", "OSC공법": "중형", "공시지가_2026": 5970000, "PNU": "1159010800103910021", "공공도서관": 0, "유치원": 4, "어린이집": 21, "중고등학교": 8, "초등학교": 2, "지하철역": 2, "주민센터": 3, "대학교": 0, "병원": 4, "버스정류장": 82, "대형점포": 4, "공연장": 8, "공원": 4, "신규임대유형": "신혼부부"}}, {"type": "Feature", "geometry": {"type": "Point", "coordinates": [126.9270731, 37.501556]}, "properties": {"id": "1601", "gu": "동작구", "dong": "대방동", "jibun": "391-34", "addr": "동작구 대방동 391-34", "대지면적": "344.00", "건폐율": "59.28", "용적률": "138.45", "주택형태": "단독주택", "노후년수": "21.6", "임대세대수": "6", "지형높이": "평지", "지형형상": "부정형", "도로접면": "세로한면(가)", "OSC공법": "소형", "공시지가_2026": 4170000, "PNU": "1159010800103910034", "공공도서관": 0, "유치원": 4, "어린이집": 22, "중고등학교": 8, "초등학교": 2, "지하철역": 2, "주민센터": 3, "대학교": 0, "병원": 4, "버스정류장": 78, "대형점포": 4, "공연장": 6, "공원": 4, "신규임대유형": "청년"}}, {"type": "Feature", "geometry": {"type": "Point", "coordinates": [126.9265561, 37.4961642]}, "properties": {"id": "1604", "gu": "동작구", "dong": "신대방동", "jibun": "344-73", "addr": "동작구 신대방동 344-73", "대지면적": "226.00", "건폐율": "58.89", "용적률": "163.05", "주택형태": "단독주택", "노후년수": "27.5", "임대세대수": "7", "지형높이": "완경사", "지형형상": "사다리형", "도로접면": "세로한면(불)", "OSC공법": "소형", "공시지가_2026": 3559000, "PNU": "1159010900103440073", "공공도서관": 0, "유치원": 3, "어린이집": 28, "중고등학교": 4, "초등학교": 2, "지하철역": 2, "주민센터": 1, "대학교": 0, "병원": 4, "버스정류장": 79, "대형점포": 4, "공연장": 7, "공원": 4, "신규임대유형": "청년"}}, {"type": "Feature", "geometry": {"type": "Point", "coordinates": [126.9115469, 37.4874924]}, "properties": {"id": "1607", "gu": "동작구", "dong": "신대방동", "jibun": "692-43", "addr": "동작구 신대방동 692-43", "대지면적": "142.25", "건폐율": "0.00", "용적률": "175.68", "주택형태": "단독주택", "노후년수": "33.2", "임대세대수": "5", "지형높이": "평지", "지형형상": "자루형", "도로접면": "중로한면", "OSC공법": "소형", "공시지가_2026": 4218000, "PNU": "1159010900106920043", "공공도서관": 2, "유치원": 5, "어린이집": 21, "중고등학교": 2, "초등학교": 4, "지하철역": 1, "주민센터": 3, "대학교": 0, "병원": 6, "버스정류장": 53, "대형점포": 1, "공연장": 6, "공원": 1, "신규임대유형": "청년"}}, {"type": "Feature", "geometry": {"type": "Point", "coordinates": [126.9569455, 37.4816785]}, "properties": {"id": "1611", "gu": "관악구", "dong": "봉천동", "jibun": "66-18", "addr": "관악구 봉천동 66-18", "대지면적": "150.80", "건폐율": "58.04", "용적률": "168.16", "주택형태": "단독주택", "노후년수": "30.0", "임대세대수": "5", "지형높이": "완경사", "지형형상": "세로장방", "도로접면": "세로한면(가)", "OSC공법": "소형", "공시지가_2026": 4280000, "PNU": "1162010100100660018", "공공도서관": 2, "유치원": 7, "어린이집": 23, "중고등학교": 3, "초등학교": 6, "지하철역": 2, "주민센터": 4, "대학교": 0, "병원": 5, "버스정류장": 48, "대형점포": 5, "공연장": 0, "공원": 5, "신규임대유형": "청년"}}, {"type": "Feature", "geometry": {"type": "Point", "coordinates": [126.9575563, 37.4811188]}, "properties": {"id": "1612", "gu": "관악구", "dong": "봉천동", "jibun": "66-102", "addr": "관악구 봉천동 66-102", "대지면적": "0.00", "건폐율": "59.03", "용적률": "0.00", "주택형태": "단독주택", "노후년수": "31.1", "임대세대수": "5", "지형높이": "완경사", "지형형상": "세로장방", "도로접면": "세로한면(가)", "OSC공법": "소형", "공시지가_2026": 4280000, "PNU": "1162010100100660102", "공공도서관": 2, "유치원": 7, "어린이집": 22, "중고등학교": 3, "초등학교": 5, "지하철역": 2, "주민센터": 4, "대학교": 0, "병원": 5, "버스정류장": 49, "대형점포": 5, "공연장": 0, "공원": 5, "신규임대유형": "신혼부부"}}, {"type": "Feature", "geometry": {"type": "Point", "coordinates": [126.9586875, 37.4812154]}, "properties": {"id": "1613", "gu": "관악구", "dong": "봉천동", "jibun": "98-4", "addr": "관악구 봉천동 98-4", "대지면적": "122.00", "건폐율": "54.23", "용적률": "108.39", "주택형태": "단독주택", "노후년수": "20.8", "임대세대수": "16", "지형높이": "완경사", "지형형상": "사다리형", "도로접면": "세로한면(불)", "OSC공법": "소형", "공시지가_2026": 3687000, "PNU": "1162010100100980004", "공공도서관": 2, "유치원": 6, "어린이집": 24, "중고등학교": 3, "초등학교": 4, "지하철역": 2, "주민센터": 3, "대학교": 0, "병원": 5, "버스정류장": 51, "대형점포": 4, "공연장": 0, "공원": 4, "신규임대유형": "신혼부부"}}, {"type": "Feature", "geometry": {"type": "Point", "coordinates": [126.9609225, 37.481779]}, "properties": {"id": "1614", "gu": "관악구", "dong": "봉천동", "jibun": "100-208", "addr": "관악구 봉천동 100-208", "대지면적": "76.01", "건폐율": "0.00", "용적률": "119.30", "주택형태": "단독주택", "노후년수": "34.9", "임대세대수": "6", "지형높이": "완경사", "지형형상": "가로장방", "도로접면": "세로각지(가)", "OSC공법": "소형", "공시지가_2026": 4239000, "PNU": "1162010100101000208", "공공도서관": 3, "유치원": 7, "어린이집": 26, "중고등학교": 4, "초등학교": 5, "지하철역": 2, "주민센터": 4, "대학교": 0, "병원": 3, "버스정류장": 58, "대형점포": 5, "공연장": 2, "공원": 5, "신규임대유형": "청년"}}, {"type": "Feature", "geometry": {"type": "Point", "coordinates": [126.9689794, 37.4690031]}, "properties": {"id": "1615", "gu": "관악구", "dong": "봉천동", "jibun": "180-582", "addr": "관악구 봉천동 180-582", "대지면적": "159.00", "건폐율": "59.11", "용적률": "154.19", "주택형태": "단독주택", "노후년수": "27.3", "임대세대수": "7", "지형높이": "완경사", "지형형상": "세로장방", "도로접면": "중로한면", "OSC공법": "중형", "공시지가_2026": 3872000, "PNU": "1162010100101800582", "공공도서관": 0, "유치원": 3, "어린이집": 9, "중고등학교": 2, "초등학교": 1, "지하철역": 0, "주민센터": 1, "대학교": 0, "병원": 0, "버스정류장": 23, "대형점포": 1, "공연장": 0, "공원": 1, "신규임대유형": "청년"}}, {"type": "Feature", "geometry": {"type": "Point", "coordinates": [126.9479372, 37.4877199]}, "properties": {"id": "1616", "gu": "관악구", "dong": "봉천동", "jibun": "480-110", "addr": "관악구 봉천동 480-110", "대지면적": "0.00", "건폐율": "59.88", "용적률": "0.00", "주택형태": "단독주택", "노후년수": "31.1", "임대세대수": "7", "지형높이": "완경사", "지형형상": "세로장방", "도로접면": "세로한면(가)", "OSC공법": "소형", "공시지가_2026": 3801000, "PNU": "1162010100104800110", "공공도서관": 2, "유치원": 9, "어린이집": 31, "중고등학교": 4, "초등학교": 4, "지하철역": 0, "주민센터": 2, "대학교": 0, "병원": 3, "버스정류장": 84, "대형점포": 5, "공연장": 0, "공원": 5, "신규임대유형": "청년"}}, {"type": "Feature", "geometry": {"type": "Point", "coordinates": [126.9414896, 37.490119]}, "properties": {"id": "1618", "gu": "관악구", "dong": "봉천동", "jibun": "635-98", "addr": "관악구 봉천동 635-98", "대지면적": "205.00", "건폐율": "54.45", "용적률": "158.37", "주택형태": "단독주택", "노후년수": "28.0", "임대세대수": "6", "지형높이": "완경사", "지형형상": "세로장방", "도로접면": "세로한면(가)", "OSC공법": "소형", "공시지가_2026": 3249000, "PNU": "1162010100106350098", "공공도서관": 1, "유치원": 7, "어린이집": 30, "중고등학교": 5, "초등학교": 2, "지하철역": 0, "주민센터": 0, "대학교": 0, "병원": 1, "버스정류장": 103, "대형점포": 7, "공연장": 3, "공원": 7, "신규임대유형": "청년"}}, {"type": "Feature", "geometry": {"type": "Point", "coordinates": [126.9411954, 37.4906408]}, "properties": {"id": "1624", "gu": "관악구", "dong": "봉천동", "jibun": "635-407", "addr": "관악구 봉천동 635-407", "대지면적": "145.00", "건폐율": "59.93", "용적률": "168.24", "주택형태": "단독주택", "노후년수": "29.3", "임대세대수": "6", "지형높이": "완경사", "지형형상": "정방형", "도로접면": "세로한면(불)", "OSC공법": "소형", "공시지가_2026": 3085000, "PNU": "1162010100106350407", "공공도서관": 1, "유치원": 7, "어린이집": 31, "중고등학교": 6, "초등학교": 2, "지하철역": 0, "주민센터": 1, "대학교": 0, "병원": 1, "버스정류장": 98, "대형점포": 7, "공연장": 3, "공원": 7, "신규임대유형": "청년"}}, {"type": "Feature", "geometry": {"type": "Point", "coordinates": [126.9349332, 37.4882362]}, "properties": {"id": "1626", "gu": "관악구", "dong": "봉천동", "jibun": "649-146", "addr": "관악구 봉천동 649-146", "대지면적": "145.00", "건폐율": "59.70", "용적률": "132.53", "주택형태": "단독주택", "노후년수": "22.2", "임대세대수": "6", "지형높이": "완경사", "지형형상": "사다리형", "도로접면": "세로한면(불)", "OSC공법": "소형", "공시지가_2026": 3889000, "PNU": "1162010100106490146", "공공도서관": 1, "유치원": 3, "어린이집": 14, "중고등학교": 3, "초등학교": 2, "지하철역": 1, "주민센터": 2, "대학교": 0, "병원": 5, "버스정류장": 78, "대형점포": 7, "공연장": 2, "공원": 7, "신규임대유형": "청년"}}, {"type": "Feature", "geometry": {"type": "Point", "coordinates": [126.9324413, 37.4885922]}, "properties": {"id": "1627", "gu": "관악구", "dong": "봉천동", "jibun": "661-51", "addr": "관악구 봉천동 661-51", "대지면적": "142.46", "건폐율": "59.43", "용적률": "151.89", "주택형태": "공동주택", "노후년수": "22.0", "임대세대수": "7", "지형높이": "완경사", "지형형상": "가로장방", "도로접면": "세로한면(가)", "OSC공법": "", "공시지가_2026": 4023000, "PNU": "1162010100106610051", "공공도서관": 0, "유치원": 1, "어린이집": 18, "중고등학교": 2, "초등학교": 1, "지하철역": 1, "주민센터": 2, "대학교": 0, "병원": 5, "버스정류장": 82, "대형점포": 7, "공연장": 2, "공원": 7, "신규임대유형": "청년"}}, {"type": "Feature", "geometry": {"type": "Point", "coordinates": [126.9338399, 37.4891964]}, "properties": {"id": "1628", "gu": "관악구", "dong": "봉천동", "jibun": "662-95", "addr": "관악구 봉천동 662-95", "대지면적": "179.64", "건폐율": "0.00", "용적률": "157.31", "주택형태": "단독주택", "노후년수": "34.1", "임대세대수": "7", "지형높이": "완경사", "지형형상": "사다리형", "도로접면": "세로한면(가)", "OSC공법": "소형", "공시지가_2026": 3784000, "PNU": "1162010100106620095", "공공도서관": 0, "유치원": 1, "어린이집": 19, "중고등학교": 2, "초등학교": 1, "지하철역": 1, "주민센터": 2, "대학교": 0, "병원": 4, "버스정류장": 82, "대형점포": 8, "공연장": 2, "공원": 8, "신규임대유형": "신혼부부"}}, {"type": "Feature", "geometry": {"type": "Point", "coordinates": [126.9304382, 37.4905176]}, "properties": {"id": "1630", "gu": "관악구", "dong": "봉천동", "jibun": "693-1", "addr": "관악구 봉천동 693-1", "대지면적": "0.00", "건폐율": "59.55", "용적률": "0.00", "주택형태": "단독주택", "노후년수": "27.5", "임대세대수": "6", "지형높이": "평지", "지형형상": "부정형", "도로접면": "세로한면(가)", "OSC공법": "소형", "공시지가_2026": 3397000, "PNU": "1162010100106930001", "공공도서관": 0, "유치원": 1, "어린이집": 24, "중고등학교": 2, "초등학교": 1, "지하철역": 1, "주민센터": 2, "대학교": 0, "병원": 3, "버스정류장": 75, "대형점포": 4, "공연장": 3, "공원": 4, "신규임대유형": "청년"}}, {"type": "Feature", "geometry": {"type": "Point", "coordinates": [126.9307803, 37.4929335]}, "properties": {"id": "1631", "gu": "관악구", "dong": "봉천동", "jibun": "715-40", "addr": "관악구 봉천동 715-40", "대지면적": "0.00", "건폐율": "59.89", "용적률": "0.00", "주택형태": "단독주택", "노후년수": "32.4", "임대세대수": "7", "지형높이": "완경사", "지형형상": "세로장방", "도로접면": "세로한면(가)", "OSC공법": "소형", "공시지가_2026": 3923000, "PNU": "1162010100107150040", "공공도서관": 0, "유치원": 2, "어린이집": 28, "중고등학교": 2, "초등학교": 1, "지하철역": 1, "주민센터": 3, "대학교": 0, "병원": 3, "버스정류장": 78, "대형점포": 5, "공연장": 6, "공원": 5, "신규임대유형": "신혼부부"}}, {"type": "Feature", "geometry": {"type": "Point", "coordinates": [126.9303431, 37.4932497]}, "properties": {"id": "1632", "gu": "관악구", "dong": "봉천동", "jibun": "715-132", "addr": "관악구 봉천동 715-132", "대지면적": "212.00", "건폐율": "59.81", "용적률": "158.39", "주택형태": "단독주택", "노후년수": "24.1", "임대세대수": "4", "지형높이": "완경사", "지형형상": "사다리형", "도로접면": "세로한면(가)", "OSC공법": "소형", "공시지가_2026": 3566000, "PNU": "1162010100107150132", "공공도서관": 0, "유치원": 2, "어린이집": 30, "중고등학교": 3, "초등학교": 1, "지하철역": 1, "주민센터": 3, "대학교": 0, "병원": 3, "버스정류장": 84, "대형점포": 5, "공연장": 6, "공원": 5, "신규임대유형": "신혼부부"}}, {"type": "Feature", "geometry": {"type": "Point", "coordinates": [126.9450232, 37.4851213]}, "properties": {"id": "1634", "gu": "관악구", "dong": "봉천동", "jibun": "900-46", "addr": "관악구 봉천동 900-46", "대지면적": "157.70", "건폐율": "59.42", "용적률": "124.80", "주택형태": "단독주택", "노후년수": "20.2", "임대세대수": "3", "지형높이": "완경사", "지형형상": "세로장방", "도로접면": "세로한면(가)", "OSC공법": "소형", "공시지가_2026": 4347000, "PNU": "1162010100109000046", "공공도서관": 1, "유치원": 8, "어린이집": 30, "중고등학교": 2, "초등학교": 4, "지하철역": 1, "주민센터": 2, "대학교": 0, "병원": 4, "버스정류장": 73, "대형점포": 8, "공연장": 1, "공원": 8, "신규임대유형": "신혼부부"}}, {"type": "Feature", "geometry": {"type": "Point", "coordinates": [126.9444936, 37.4849729]}, "properties": {"id": "1635", "gu": "관악구", "dong": "봉천동", "jibun": "900-78", "addr": "관악구 봉천동 900-78", "대지면적": "135.50", "건폐율": "59.87", "용적률": "169.17", "주택형태": "단독주택", "노후년수": "28.1", "임대세대수": "18", "지형높이": "완경사", "지형형상": "정방형", "도로접면": "세로한면(가)", "OSC공법": "소형", "공시지가_2026": 4347000, "PNU": "1162010100109000078", "공공도서관": 1, "유치원": 8, "어린이집": 30, "중고등학교": 2, "초등학교": 4, "지하철역": 1, "주민센터": 2, "대학교": 0, "병원": 4, "버스정류장": 73, "대형점포": 7, "공연장": 1, "공원": 7, "신규임대유형": "청년"}}, {"type": "Feature", "geometry": {"type": "Point", "coordinates": [126.9443438, 37.4864639]}, "properties": {"id": "1636", "gu": "관악구", "dong": "봉천동", "jibun": "902-42", "addr": "관악구 봉천동 902-42", "대지면적": "112.10", "건폐율": "57.58", "용적률": "158.22", "주택형태": "단독주택", "노후년수": "23.0", "임대세대수": "6", "지형높이": "평지", "지형형상": "사다리형", "도로접면": "세로한면(가)", "OSC공법": "소형", "공시지가_2026": 4492000, "PNU": "1162010100109020042", "공공도서관": 1, "유치원": 8, "어린이집": 28, "중고등학교": 3, "초등학교": 4, "지하철역": 1, "주민센터": 1, "대학교": 0, "병원": 2, "버스정류장": 81, "대형점포": 6, "공연장": 1, "공원": 6, "신규임대유형": "신혼부부"}}, {"type": "Feature", "geometry": {"type": "Point", "coordinates": [126.944449, 37.4810487]}, "properties": {"id": "1637", "gu": "관악구", "dong": "봉천동", "jibun": "921-5", "addr": "관악구 봉천동 921-5", "대지면적": "254.20", "건폐율": "47.81", "용적률": "179.10", "주택형태": "공동주택", "노후년수": "31.3", "임대세대수": "12", "지형높이": "평지", "지형형상": "세로장방", "도로접면": "세로한면(가)", "OSC공법": "소형", "공시지가_2026": 6686000, "PNU": "1162010100109210005", "공공도서관": 1, "유치원": 9, "어린이집": 21, "중고등학교": 4, "초등학교": 4, "지하철역": 2, "주민센터": 2, "대학교": 0, "병원": 4, "버스정류장": 55, "대형점포": 8, "공연장": 1, "공원": 8, "신규임대유형": "청년"}}, {"type": "Feature", "geometry": {"type": "Point", "coordinates": [126.9412505, 37.4845483]}, "properties": {"id": "1638", "gu": "관악구", "dong": "봉천동", "jibun": "934-10", "addr": "관악구 봉천동 934-10", "대지면적": "", "건폐율": "", "용적률": "", "주택형태": "", "노후년수": "", "임대세대수": "", "지형높이": "평지", "지형형상": "정방형", "도로접면": "세로한면(가)", "OSC공법": "소형", "공시지가_2026": 4383000, "PNU": "1162010100109340010", "공공도서관": 1, "유치원": 7, "어린이집": 26, "중고등학교": 3, "초등학교": 4, "지하철역": 1, "주민센터": 2, "대학교": 0, "병원": 3, "버스정류장": 73, "대형점포": 6, "공연장": 1, "공원": 6, "신규임대유형": "신혼부부"}}, {"type": "Feature", "geometry": {"type": "Point", "coordinates": [126.9533772, 37.4783226]}, "properties": {"id": "1639", "gu": "관악구", "dong": "봉천동", "jibun": "1598-36", "addr": "관악구 봉천동 1598-36", "대지면적": "", "건폐율": "", "용적률": "", "주택형태": "", "노후년수": "", "임대세대수": "", "지형높이": "평지", "지형형상": "정방형", "도로접면": "세로한면(가)", "OSC공법": "소형", "공시지가_2026": 5923000, "PNU": "1162010100115980036", "공공도서관": 0, "유치원": 4, "어린이집": 13, "중고등학교": 5, "초등학교": 4, "지하철역": 1, "주민센터": 3, "대학교": 0, "병원": 4, "버스정류장": 41, "대형점포": 4, "공연장": 0, "공원": 4, "신규임대유형": "청년"}}, {"type": "Feature", "geometry": {"type": "Point", "coordinates": [126.9556896, 37.4764048]}, "properties": {"id": "1640", "gu": "관악구", "dong": "봉천동", "jibun": "1617-2", "addr": "관악구 봉천동 1617-2", "대지면적": "145.50", "건폐율": "59.89", "용적률": "178.39", "주택형태": "단독주택", "노후년수": "21.9", "임대세대수": "6", "지형높이": "완경사", "지형형상": "정방형", "도로접면": "세로한면(가)", "OSC공법": "소형", "공시지가_2026": 5131000, "PNU": "1162010100116170002", "공공도서관": 0, "유치원": 5, "어린이집": 12, "중고등학교": 4, "초등학교": 4, "지하철역": 2, "주민센터": 2, "대학교": 0, "병원": 4, "버스정류장": 42, "대형점포": 3, "공연장": 0, "공원": 3, "신규임대유형": "신혼부부"}}, {"type": "Feature", "geometry": {"type": "Point", "coordinates": [126.9683962, 37.4762337]}, "properties": {"id": "1641", "gu": "관악구", "dong": "봉천동", "jibun": "1691-17", "addr": "관악구 봉천동 1691-17", "대지면적": "0.00", "건폐율": "0.00", "용적률": "0.00", "주택형태": "공동주택", "노후년수": "45.1", "임대세대수": "1", "지형높이": "완경사", "지형형상": "사다리형", "도로접면": "세로한면(가)", "OSC공법": "", "공시지가_2026": 4469000, "PNU": "1162010100116910017", "공공도서관": 0, "유치원": 5, "어린이집": 18, "중고등학교": 5, "초등학교": 3, "지하철역": 1, "주민센터": 2, "대학교": 0, "병원": 0, "버스정류장": 37, "대형점포": 2, "공연장": 0, "공원": 2, "신규임대유형": "청년"}}, {"type": "Feature", "geometry": {"type": "Point", "coordinates": [126.9344833, 37.4829011]}, "properties": {"id": "1642", "gu": "관악구", "dong": "신림동", "jibun": "10-130", "addr": "관악구 신림동 10-130", "대지면적": "", "건폐율": "", "용적률": "", "주택형태": "", "노후년수": "", "임대세대수": "", "지형높이": "완경사", "지형형상": "세로장방", "도로접면": "세로한면(가)", "OSC공법": "소형", "공시지가_2026": 3832000, "PNU": "1162010200100100130", "공공도서관": 1, "유치원": 2, "어린이집": 19, "중고등학교": 2, "초등학교": 1, "지하철역": 2, "주민센터": 3, "대학교": 0, "병원": 7, "버스정류장": 69, "대형점포": 7, "공연장": 1, "공원": 7, "신규임대유형": "청년"}}, {"type": "Feature", "geometry": {"type": "Point", "coordinates": [126.931234, 37.4804183]}, "properties": {"id": "1643", "gu": "관악구", "dong": "신림동", "jibun": "90-58", "addr": "관악구 신림동 90-58", "대지면적": "248.00", "건폐율": "59.83", "용적률": "155.54", "주택형태": "공동주택", "노후년수": "20.9", "임대세대수": "6", "지형높이": "완경사", "지형형상": "사다리형", "도로접면": "세로한면(가)", "OSC공법": "소형", "공시지가_2026": 3969000, "PNU": "1162010200100900058", "공공도서관": 0, "유치원": 3, "어린이집": 16, "중고등학교": 2, "초등학교": 1, "지하철역": 1, "주민센터": 2, "대학교": 0, "병원": 6, "버스정류장": 59, "대형점포": 4, "공연장": 1, "공원": 4, "신규임대유형": "청년"}}, {"type": "Feature", "geometry": {"type": "Point", "coordinates": [126.9356265, 37.4791757]}, "properties": {"id": "1644", "gu": "관악구", "dong": "신림동", "jibun": "92-58", "addr": "관악구 신림동 92-58", "대지면적": "129.45", "건폐율": "59.94", "용적률": "223.99", "주택형태": "단독주택", "노후년수": "31.3", "임대세대수": "5", "지형높이": "급경사", "지형형상": "사다리형", "도로접면": "세로한면(가)", "OSC공법": "소형", "공시지가_2026": 2582000, "PNU": "1162010200100920058", "공공도서관": 0, "유치원": 3, "어린이집": 21, "중고등학교": 2, "초등학교": 1, "지하철역": 2, "주민센터": 3, "대학교": 0, "병원": 5, "버스정류장": 62, "대형점포": 6, "공연장": 1, "공원": 6, "신규임대유형": "청년"}}, {"type": "Feature", "geometry": {"type": "Point", "coordinates": [126.9355152, 37.4789735]}, "properties": {"id": "1645", "gu": "관악구", "dong": "신림동", "jibun": "92-72", "addr": "관악구 신림동 92-72", "대지면적": "129.50", "건폐율": "59.66", "용적률": "102.25", "주택형태": "단독주택", "노후년수": "31.8", "임대세대수": "5", "지형높이": "급경사", "지형형상": "정방형", "도로접면": "세로한면(불)", "OSC공법": "", "공시지가_2026": 2407000, "PNU": "1162010200100920072", "공공도서관": 0, "유치원": 5, "어린이집": 20, "중고등학교": 2, "초등학교": 3, "지하철역": 2, "주민센터": 3, "대학교": 0, "병원": 5, "버스정류장": 60, "대형점포": 3, "공연장": 1, "공원": 3, "신규임대유형": "청년"}}, {"type": "Feature", "geometry": {"type": "Point", "coordinates": [126.9354242, 37.4789874]}, "properties": {"id": "1646", "gu": "관악구", "dong": "신림동", "jibun": "92-73", "addr": "관악구 신림동 92-73", "대지면적": "126.00", "건폐율": "59.42", "용적률": "113.30", "주택형태": "단독주택", "노후년수": "29.2", "임대세대수": "9", "지형높이": "급경사", "지형형상": "정방형", "도로접면": "세로한면(불)", "OSC공법": "소형", "공시지가_2026": 2407000, "PNU": "1162010200100920073", "공공도서관": 0, "유치원": 5, "어린이집": 20, "중고등학교": 2, "초등학교": 3, "지하철역": 2, "주민센터": 3, "대학교": 0, "병원": 5, "버스정류장": 60, "대형점포": 4, "공연장": 1, "공원": 4, "신규임대유형": "신혼부부"}}, {"type": "Feature", "geometry": {"type": "Point", "coordinates": [126.9364571, 37.4780254]}, "properties": {"id": "1647", "gu": "관악구", "dong": "신림동", "jibun": "92-225", "addr": "관악구 신림동 92-225", "대지면적": "208.00", "건폐율": "58.82", "용적률": "162.28", "주택형태": "공동주택", "노후년수": "21.7", "임대세대수": "6", "지형높이": "급경사", "지형형상": "가로장방", "도로접면": "세로한면(가)", "OSC공법": "소형", "공시지가_2026": 3438000, "PNU": "1162010200100920225", "공공도서관": 0, "유치원": 4, "어린이집": 20, "중고등학교": 2, "초등학교": 2, "지하철역": 1, "주민센터": 3, "대학교": 0, "병원": 3, "버스정류장": 56, "대형점포": 2, "공연장": 1, "공원": 2, "신규임대유형": "신혼부부"}}, {"type": "Feature", "geometry": {"type": "Point", "coordinates": [126.9350829, 37.4793711]}, "properties": {"id": "1648", "gu": "관악구", "dong": "신림동", "jibun": "92-332", "addr": "관악구 신림동 92-332", "대지면적": "157.00", "건폐율": "59.62", "용적률": "194.61", "주택형태": "단독주택", "노후년수": "27.5", "임대세대수": "8", "지형높이": "급경사", "지형형상": "세로장방", "도로접면": "세로한면(가)", "OSC공법": "소형", "공시지가_2026": 3007000, "PNU": "1162010200100920332", "공공도서관": 0, "유치원": 4, "어린이집": 20, "중고등학교": 2, "초등학교": 2, "지하철역": 2, "주민센터": 3, "대학교": 0, "병원": 6, "버스정류장": 64, "대형점포": 6, "공연장": 1, "공원": 6, "신규임대유형": "신혼부부"}}, {"type": "Feature", "geometry": {"type": "Point", "coordinates": [126.9376537, 37.4780652]}, "properties": {"id": "1649", "gu": "관악구", "dong": "신림동", "jibun": "94-171", "addr": "관악구 신림동 94-171", "대지면적": "117.70", "건폐율": "59.83", "용적률": "178.85", "주택형태": "단독주택", "노후년수": "31.6", "임대세대수": "9", "지형높이": "급경사", "지형형상": "세로장방", "도로접면": "세로한면(가)", "OSC공법": "소형", "공시지가_2026": 2956000, "PNU": "1162010200100940171", "공공도서관": 0, "유치원": 4, "어린이집": 22, "중고등학교": 4, "초등학교": 2, "지하철역": 1, "주민센터": 3, "대학교": 0, "병원": 1, "버스정류장": 54, "대형점포": 2, "공연장": 1, "공원": 2, "신규임대유형": "청년"}}, {"type": "Feature", "geometry": {"type": "Point", "coordinates": [126.9374083, 37.4775388]}, "properties": {"id": "1650", "gu": "관악구", "dong": "신림동", "jibun": "94-186", "addr": "관악구 신림동 94-186", "대지면적": "180.95", "건폐율": "59.97", "용적률": "179.50", "주택형태": "단독주택", "노후년수": "31.5", "임대세대수": "8", "지형높이": "완경사", "지형형상": "사다리형", "도로접면": "세로한면(가)", "OSC공법": "소형", "공시지가_2026": 3888000, "PNU": "1162010200100940186", "공공도서관": 0, "유치원": 4, "어린이집": 20, "중고등학교": 4, "초등학교": 2, "지하철역": 1, "주민센터": 4, "대학교": 0, "병원": 1, "버스정류장": 54, "대형점포": 2, "공연장": 1, "공원": 2, "신규임대유형": "신혼부부"}}, {"type": "Feature", "geometry": {"type": "Point", "coordinates": [126.9380338, 37.476408]}, "properties": {"id": "1651", "gu": "관악구", "dong": "신림동", "jibun": "95-24", "addr": "관악구 신림동 95-24", "대지면적": "181.75", "건폐율": "54.96", "용적률": "110.66", "주택형태": "단독주택", "노후년수": "28.1", "임대세대수": "15", "지형높이": "평지", "지형형상": "사다리형", "도로접면": "세로한면(불)", "OSC공법": "소형", "공시지가_2026": 3857000, "PNU": "1162010200100950024", "공공도서관": 0, "유치원": 4, "어린이집": 20, "중고등학교": 4, "초등학교": 2, "지하철역": 1, "주민센터": 4, "대학교": 0, "병원": 1, "버스정류장": 49, "대형점포": 3, "공연장": 0, "공원": 3, "신규임대유형": "청년"}}, {"type": "Feature", "geometry": {"type": "Point", "coordinates": [126.939216, 37.476773]}, "properties": {"id": "1652", "gu": "관악구", "dong": "신림동", "jibun": "95-80", "addr": "관악구 신림동 95-80", "대지면적": "289.00", "건폐율": "59.95", "용적률": "160.47", "주택형태": "단독주택", "노후년수": "31.4", "임대세대수": "9", "지형높이": "완경사", "지형형상": "사다리형", "도로접면": "세로각지(가)", "OSC공법": "소형", "공시지가_2026": 3300000, "PNU": "1162010200100950080", "공공도서관": 0, "유치원": 4, "어린이집": 19, "중고등학교": 4, "초등학교": 2, "지하철역": 1, "주민센터": 4, "대학교": 0, "병원": 1, "버스정류장": 55, "대형점포": 3, "공연장": 1, "공원": 3, "신규임대유형": "신혼부부"}}, {"type": "Feature", "geometry": {"type": "Point", "coordinates": [126.9425012, 37.4747883]}, "properties": {"id": "1653", "gu": "관악구", "dong": "신림동", "jibun": "98-55", "addr": "관악구 신림동 98-55", "대지면적": "188.00", "건폐율": "59.90", "용적률": "135.99", "주택형태": "단독주택", "노후년수": "31.7", "임대세대수": "5", "지형높이": "급경사", "지형형상": "정방형", "도로접면": "세로한면(가)", "OSC공법": "소형", "공시지가_2026": 2752000, "PNU": "1162010200100980055", "공공도서관": 0, "유치원": 4, "어린이집": 15, "중고등학교": 8, "초등학교": 4, "지하철역": 0, "주민센터": 3, "대학교": 0, "병원": 0, "버스정류장": 36, "대형점포": 3, "공연장": 0, "공원": 3, "신규임대유형": "신혼부부"}}, {"type": "Feature", "geometry": {"type": "Point", "coordinates": [126.9431915, 37.4747541]}, "properties": {"id": "1654", "gu": "관악구", "dong": "신림동", "jibun": "98-85", "addr": "관악구 신림동 98-85", "대지면적": "140.88", "건폐율": "57.64", "용적률": "103.50", "주택형태": "단독주택", "노후년수": "28.5", "임대세대수": "11", "지형높이": "급경사", "지형형상": "정방형", "도로접면": "세로한면(가)", "OSC공법": "소형", "공시지가_2026": 2752000, "PNU": "1162010200100980085", "공공도서관": 0, "유치원": 5, "어린이집": 12, "중고등학교": 8, "초등학교": 4, "지하철역": 0, "주민센터": 3, "대학교": 0, "병원": 0, "버스정류장": 32, "대형점포": 3, "공연장": 0, "공원": 3, "신규임대유형": "청년"}}, {"type": "Feature", "geometry": {"type": "Point", "coordinates": [126.9411564, 37.4743296]}, "properties": {"id": "1655", "gu": "관악구", "dong": "신림동", "jibun": "98-119", "addr": "관악구 신림동 98-119", "대지면적": "220.00", "건폐율": "59.90", "용적률": "161.32", "주택형태": "단독주택", "노후년수": "30.9", "임대세대수": "6", "지형높이": "급경사", "지형형상": "세로장방", "도로접면": "세로한면(가)", "OSC공법": "소형", "공시지가_2026": 2752000, "PNU": "1162010200100980119", "공공도서관": 0, "유치원": 5, "어린이집": 16, "중고등학교": 5, "초등학교": 3, "지하철역": 0, "주민센터": 3, "대학교": 0, "병원": 0, "버스정류장": 42, "대형점포": 3, "공연장": 1, "공원": 3, "신규임대유형": "신혼부부"}}, {"type": "Feature", "geometry": {"type": "Point", "coordinates": [126.9427331, 37.4745404]}, "properties": {"id": "1656", "gu": "관악구", "dong": "신림동", "jibun": "98-196", "addr": "관악구 신림동 98-196", "대지면적": "140.00", "건폐율": "57.32", "용적률": "156.08", "주택형태": "단독주택", "노후년수": "28.1", "임대세대수": "9", "지형높이": "급경사", "지형형상": "정방형", "도로접면": "세로각지(가)", "OSC공법": "소형", "공시지가_2026": 2897000, "PNU": "1162010200100980196", "공공도서관": 1, "유치원": 5, "어린이집": 14, "중고등학교": 8, "초등학교": 4, "지하철역": 0, "주민센터": 3, "대학교": 0, "병원": 0, "버스정류장": 34, "대형점포": 3, "공연장": 0, "공원": 3, "신규임대유형": "신혼부부"}}, {"type": "Feature", "geometry": {"type": "Point", "coordinates": [126.9421649, 37.4741048]}, "properties": {"id": "1657", "gu": "관악구", "dong": "신림동", "jibun": "98-207", "addr": "관악구 신림동 98-207", "대지면적": "192.00", "건폐율": "59.91", "용적률": "161.13", "주택형태": "단독주택", "노후년수": "32.2", "임대세대수": "6", "지형높이": "급경사", "지형형상": "정방형", "도로접면": "세로한면(가)", "OSC공법": "소형", "공시지가_2026": 2866000, "PNU": "1162010200100980207", "공공도서관": 1, "유치원": 4, "어린이집": 15, "중고등학교": 8, "초등학교": 3, "지하철역": 0, "주민센터": 3, "대학교": 0, "병원": 0, "버스정류장": 37, "대형점포": 2, "공연장": 1, "공원": 2, "신규임대유형": "신혼부부"}}, {"type": "Feature", "geometry": {"type": "Point", "coordinates": [126.9415468, 37.4754122]}, "properties": {"id": "1658", "gu": "관악구", "dong": "신림동", "jibun": "98-234", "addr": "관악구 신림동 98-234", "대지면적": "169.00", "건폐율": "59.58", "용적률": "113.20", "주택형태": "단독주택", "노후년수": "31.4", "임대세대수": "6", "지형높이": "급경사", "지형형상": "정방형", "도로접면": "세로한면(가)", "OSC공법": "소형", "공시지가_2026": 2911000, "PNU": "1162010200100980234", "공공도서관": 0, "유치원": 4, "어린이집": 17, "중고등학교": 5, "초등학교": 3, "지하철역": 1, "주민센터": 3, "대학교": 0, "병원": 0, "버스정류장": 41, "대형점포": 3, "공연장": 0, "공원": 3, "신규임대유형": "신혼부부"}}, {"type": "Feature", "geometry": {"type": "Point", "coordinates": [126.9412735, 37.4752278]}, "properties": {"id": "1659", "gu": "관악구", "dong": "신림동", "jibun": "98-241", "addr": "관악구 신림동 98-241", "대지면적": "170.20", "건폐율": "59.98", "용적률": "110.88", "주택형태": "단독주택", "노후년수": "31.1", "임대세대수": "10", "지형높이": "급경사", "지형형상": "자루형", "도로접면": "세로한면(가)", "OSC공법": "소형", "공시지가_2026": 2445000, "PNU": "1162010200100980241", "공공도서관": 0, "유치원": 4, "어린이집": 17, "중고등학교": 5, "초등학교": 3, "지하철역": 0, "주민센터": 3, "대학교": 0, "병원": 0, "버스정류장": 41, "대형점포": 3, "공연장": 0, "공원": 3, "신규임대유형": "신혼부부"}}, {"type": "Feature", "geometry": {"type": "Point", "coordinates": [126.941629, 37.4757874]}, "properties": {"id": "1660", "gu": "관악구", "dong": "신림동", "jibun": "98-365", "addr": "관악구 신림동 98-365", "대지면적": "169.73", "건폐율": "0.00", "용적률": "167.38", "주택형태": "단독주택", "노후년수": "32.6", "임대세대수": "6", "지형높이": "급경사", "지형형상": "가로장방", "도로접면": "세로각지(가)", "OSC공법": "소형", "공시지가_2026": 3056000, "PNU": "1162010200100980365", "공공도서관": 0, "유치원": 3, "어린이집": 17, "중고등학교": 5, "초등학교": 2, "지하철역": 1, "주민센터": 3, "대학교": 0, "병원": 0, "버스정류장": 39, "대형점포": 3, "공연장": 0, "공원": 3, "신규임대유형": "유지"}}, {"type": "Feature", "geometry": {"type": "Point", "coordinates": [126.9416601, 37.4757152]}, "properties": {"id": "1661", "gu": "관악구", "dong": "신림동", "jibun": "98-366", "addr": "관악구 신림동 98-366", "대지면적": "", "건폐율": "", "용적률": "", "주택형태": "", "노후년수": "", "임대세대수": "", "지형높이": "급경사", "지형형상": "세로장방", "도로접면": "세로한면(가)", "OSC공법": "소형", "공시지가_2026": 2911000, "PNU": "1162010200100980366", "공공도서관": 0, "유치원": 3, "어린이집": 17, "중고등학교": 5, "초등학교": 2, "지하철역": 1, "주민센터": 3, "대학교": 0, "병원": 0, "버스정류장": 39, "대형점포": 3, "공연장": 0, "공원": 3, "신규임대유형": "유지"}}, {"type": "Feature", "geometry": {"type": "Point", "coordinates": [126.9422321, 37.4742449]}, "properties": {"id": "1662", "gu": "관악구", "dong": "신림동", "jibun": "98-384", "addr": "관악구 신림동 98-384", "대지면적": "185.00", "건폐율": "59.98", "용적률": "0.00", "주택형태": "공동주택", "노후년수": "20.5", "임대세대수": "8", "지형높이": "급경사", "지형형상": "정방형", "도로접면": "세로한면(가)", "OSC공법": "소형", "공시지가_2026": 2866000, "PNU": "1162010200100980384", "공공도서관": 1, "유치원": 4, "어린이집": 15, "중고등학교": 8, "초등학교": 3, "지하철역": 0, "주민센터": 3, "대학교": 0, "병원": 0, "버스정류장": 37, "대형점포": 2, "공연장": 1, "공원": 2, "신규임대유형": "유지"}}, {"type": "Feature", "geometry": {"type": "Point", "coordinates": [126.9418989, 37.4745208]}, "properties": {"id": "1663", "gu": "관악구", "dong": "신림동", "jibun": "98-405", "addr": "관악구 신림동 98-405", "대지면적": "177.00", "건폐율": "58.90", "용적률": "133.36", "주택형태": "단독주택", "노후년수": "31.1", "임대세대수": "8", "지형높이": "급경사", "지형형상": "정방형", "도로접면": "세로각지(가)", "OSC공법": "소형", "공시지가_2026": 2897000, "PNU": "1162010200100980405", "공공도서관": 0, "유치원": 4, "어린이집": 16, "중고등학교": 5, "초등학교": 3, "지하철역": 0, "주민센터": 3, "대학교": 0, "병원": 0, "버스정류장": 37, "대형점포": 2, "공연장": 0, "공원": 2, "신규임대유형": "유지"}}, {"type": "Feature", "geometry": {"type": "Point", "coordinates": [126.9433262, 37.4747096]}, "properties": {"id": "1664", "gu": "관악구", "dong": "신림동", "jibun": "98-406", "addr": "관악구 신림동 98-406", "대지면적": "265.40", "건폐율": "59.54", "용적률": "211.86", "주택형태": "공동주택", "노후년수": "22.4", "임대세대수": "8", "지형높이": "급경사", "지형형상": "가로장방", "도로접면": "세로한면(가)", "OSC공법": "소형", "공시지가_2026": 2752000, "PNU": "1162010200100980406", "공공도서관": 0, "유치원": 5, "어린이집": 12, "중고등학교": 8, "초등학교": 4, "지하철역": 0, "주민센터": 3, "대학교": 0, "병원": 0, "버스정류장": 33, "대형점포": 3, "공연장": 0, "공원": 3, "신규임대유형": "청년"}}, {"type": "Feature", "geometry": {"type": "Point", "coordinates": [126.9413685, 37.4740022]}, "properties": {"id": "1665", "gu": "관악구", "dong": "신림동", "jibun": "102-23", "addr": "관악구 신림동 102-23", "대지면적": "212.00", "건폐율": "59.67", "용적률": "87.76", "주택형태": "단독주택", "노후년수": "27.1", "임대세대수": "8", "지형높이": "급경사", "지형형상": "세로장방", "도로접면": "세로한면(가)", "OSC공법": "소형", "공시지가_2026": 3002000, "PNU": "1162010200101020023", "공공도서관": 1, "유치원": 4, "어린이집": 16, "중고등학교": 5, "초등학교": 3, "지하철역": 0, "주민센터": 3, "대학교": 0, "병원": 0, "버스정류장": 41, "대형점포": 3, "공연장": 2, "공원": 3, "신규임대유형": "청년"}}, {"type": "Feature", "geometry": {"type": "Point", "coordinates": [126.9413584, 37.4736164]}, "properties": {"id": "1666", "gu": "관악구", "dong": "신림동", "jibun": "102-46", "addr": "관악구 신림동 102-46", "대지면적": "211.70", "건폐율": "50.24", "용적률": "213.80", "주택형태": "단독주택", "노후년수": "34.0", "임대세대수": "11", "지형높이": "급경사", "지형형상": "세로장방", "도로접면": "세로한면(가)", "OSC공법": "소형", "공시지가_2026": 3002000, "PNU": "1162010200101020046", "공공도서관": 1, "유치원": 3, "어린이집": 16, "중고등학교": 5, "초등학교": 2, "지하철역": 0, "주민센터": 3, "대학교": 0, "병원": 0, "버스정류장": 42, "대형점포": 2, "공연장": 2, "공원": 2, "신규임대유형": "청년"}}, {"type": "Feature", "geometry": {"type": "Point", "coordinates": [126.9362463, 37.4731628]}, "properties": {"id": "1668", "gu": "관악구", "dong": "신림동", "jibun": "108-9", "addr": "관악구 신림동 108-9", "대지면적": "331.00", "건폐율": "59.91", "용적률": "175.90", "주택형태": "단독주택", "노후년수": "31.7", "임대세대수": "8", "지형높이": "평지", "지형형상": "사다리형", "도로접면": "세로각지(가)", "OSC공법": "소형", "공시지가_2026": 66300, "PNU": "1162010200201080009", "공공도서관": 0, "유치원": 4, "어린이집": 13, "중고등학교": 2, "초등학교": 2, "지하철역": 0, "주민센터": 2, "대학교": 0, "병원": 0, "버스정류장": 53, "대형점포": 3, "공연장": 1, "공원": 3, "신규임대유형": "청년"}}, {"type": "Feature", "geometry": {"type": "Point", "coordinates": [126.9380772, 37.4728452]}, "properties": {"id": "1670", "gu": "관악구", "dong": "신림동", "jibun": "127-36", "addr": "관악구 신림동 127-36", "대지면적": "185.00", "건폐율": "59.21", "용적률": "141.91", "주택형태": "단독주택", "노후년수": "30.5", "임대세대수": "6", "지형높이": "완경사", "지형형상": "부정형", "도로접면": "세로한면(가)", "OSC공법": "소형", "공시지가_2026": 3489000, "PNU": "1162010200101270036", "공공도서관": 0, "유치원": 4, "어린이집": 13, "중고등학교": 5, "초등학교": 2, "지하철역": 0, "주민센터": 3, "대학교": 0, "병원": 0, "버스정류장": 48, "대형점포": 3, "공연장": 1, "공원": 3, "신규임대유형": "청년"}}, {"type": "Feature", "geometry": {"type": "Point", "coordinates": [126.9389634, 37.4651504]}, "properties": {"id": "1671", "gu": "관악구", "dong": "신림동", "jibun": "251-130", "addr": "관악구 신림동 251-130", "대지면적": "154.80", "건폐율": "59.98", "용적률": "103.68", "주택형태": "단독주택", "노후년수": "30.6", "임대세대수": "6", "지형높이": "완경사", "지형형상": "세로장방", "도로접면": "세로한면(불)", "OSC공법": "소형", "공시지가_2026": 2836000, "PNU": "1162010200102510130", "공공도서관": 1, "유치원": 3, "어린이집": 4, "중고등학교": 4, "초등학교": 3, "지하철역": 0, "주민센터": 2, "대학교": 0, "병원": 0, "버스정류장": 32, "대형점포": 1, "공연장": 2, "공원": 1, "신규임대유형": "청년"}}, {"type": "Feature", "geometry": {"type": "Point", "coordinates": [126.9390497, 37.4652036]}, "properties": {"id": "1672", "gu": "관악구", "dong": "신림동", "jibun": "251-131", "addr": "관악구 신림동 251-131", "대지면적": "132.40", "건폐율": "49.75", "용적률": "108.06", "주택형태": "단독주택", "노후년수": "35.1", "임대세대수": "5", "지형높이": "완경사", "지형형상": "세로장방", "도로접면": "세로한면(불)", "OSC공법": "소형", "공시지가_2026": 2836000, "PNU": "1162010200102510131", "공공도서관": 1, "유치원": 3, "어린이집": 4, "중고등학교": 4, "초등학교": 3, "지하철역": 0, "주민센터": 2, "대학교": 0, "병원": 0, "버스정류장": 31, "대형점포": 1, "공연장": 2, "공원": 1, "신규임대유형": "청년"}}, {"type": "Feature", "geometry": {"type": "Point", "coordinates": [126.9384325, 37.4670867]}, "properties": {"id": "1673", "gu": "관악구", "dong": "신림동", "jibun": "251-169", "addr": "관악구 신림동 251-169", "대지면적": "132.00", "건폐율": "0.00", "용적률": "113.81", "주택형태": "단독주택", "노후년수": "33.3", "임대세대수": "5", "지형높이": "완경사", "지형형상": "세로장방", "도로접면": "세로한면(불)", "OSC공법": "소형", "공시지가_2026": 3217000, "PNU": "1162010200102510169", "공공도서관": 1, "유치원": 3, "어린이집": 6, "중고등학교": 5, "초등학교": 3, "지하철역": 0, "주민센터": 2, "대학교": 0, "병원": 0, "버스정류장": 40, "대형점포": 2, "공연장": 2, "공원": 2, "신규임대유형": "청년"}}, {"type": "Feature", "geometry": {"type": "Point", "coordinates": [126.9398491, 37.4643173]}, "properties": {"id": "1674", "gu": "관악구", "dong": "신림동", "jibun": "251-503", "addr": "관악구 신림동 251-503", "대지면적": "", "건폐율": "", "용적률": "", "주택형태": "", "노후년수": "", "임대세대수": "", "지형높이": "급경사", "지형형상": "부정형", "도로접면": "소로각지", "OSC공법": "소형", "공시지가_2026": 3188000, "PNU": "1162010200102510503", "공공도서관": 1, "유치원": 2, "어린이집": 4, "중고등학교": 4, "초등학교": 2, "지하철역": 0, "주민센터": 2, "대학교": 1, "병원": 0, "버스정류장": 26, "대형점포": 1, "공연장": 2, "공원": 1, "신규임대유형": "신혼부부"}}, {"type": "Feature", "geometry": {"type": "Point", "coordinates": [126.9352941, 37.4661276]}, "properties": {"id": "1675", "gu": "관악구", "dong": "신림동", "jibun": "254-1", "addr": "관악구 신림동 254-1", "대지면적": "", "건폐율": "", "용적률": "", "주택형태": "", "노후년수": "", "임대세대수": "", "지형높이": "급경사", "지형형상": "사다리형", "도로접면": "세로한면(가)", "OSC공법": "소형", "공시지가_2026": 3161000, "PNU": "1162010200102540001", "공공도서관": 0, "유치원": 4, "어린이집": 7, "중고등학교": 3, "초등학교": 4, "지하철역": 0, "주민센터": 2, "대학교": 0, "병원": 0, "버스정류장": 38, "대형점포": 2, "공연장": 1, "공원": 2, "신규임대유형": "신혼부부"}}, {"type": "Feature", "geometry": {"type": "Point", "coordinates": [126.9363246, 37.4658282]}, "properties": {"id": "1676", "gu": "관악구", "dong": "신림동", "jibun": "254-213", "addr": "관악구 신림동 254-213", "대지면적": "268.00", "건폐율": "54.27", "용적률": "0.00", "주택형태": "단독주택", "노후년수": "28.4", "임대세대수": "15", "지형높이": "급경사", "지형형상": "세로장방", "도로접면": "세로한면(가)", "OSC공법": "소형", "공시지가_2026": 3293000, "PNU": "1162010200102540213", "공공도서관": 1, "유치원": 3, "어린이집": 5, "중고등학교": 4, "초등학교": 3, "지하철역": 0, "주민센터": 2, "대학교": 0, "병원": 0, "버스정류장": 34, "대형점포": 1, "공연장": 2, "공원": 1, "신규임대유형": "신혼부부"}}, {"type": "Feature", "geometry": {"type": "Point", "coordinates": [126.9331225, 37.46475]}, "properties": {"id": "1679", "gu": "관악구", "dong": "신림동", "jibun": "306-33", "addr": "관악구 신림동 306-33", "대지면적": "176.74", "건폐율": "59.90", "용적률": "146.73", "주택형태": "단독주택", "노후년수": "32.2", "임대세대수": "6", "지형높이": "급경사", "지형형상": "정방형", "도로접면": "세로한면(가)", "OSC공법": "소형", "공시지가_2026": 3765000, "PNU": "1162010200103060033", "공공도서관": 0, "유치원": 3, "어린이집": 6, "중고등학교": 5, "초등학교": 3, "지하철역": 0, "주민센터": 2, "대학교": 0, "병원": 0, "버스정류장": 39, "대형점포": 1, "공연장": 1, "공원": 1, "신규임대유형": "청년"}}, {"type": "Feature", "geometry": {"type": "Point", "coordinates": [126.9329597, 37.4769732]}, "properties": {"id": "1681", "gu": "관악구", "dong": "신림동", "jibun": "409-30", "addr": "관악구 신림동 409-30", "대지면적": "", "건폐율": "", "용적률": "", "주택형태": "", "노후년수": "", "임대세대수": "", "지형높이": "급경사", "지형형상": "가로장방", "도로접면": "세로한면(가)", "OSC공법": "소형", "공시지가_2026": 3407000, "PNU": "1162010200104090030", "공공도서관": 0, "유치원": 4, "어린이집": 16, "중고등학교": 2, "초등학교": 2, "지하철역": 0, "주민센터": 3, "대학교": 0, "병원": 3, "버스정류장": 49, "대형점포": 2, "공연장": 0, "공원": 2, "신규임대유형": "청년"}}, {"type": "Feature", "geometry": {"type": "Point", "coordinates": [126.9318354, 37.4780638]}, "properties": {"id": "1682", "gu": "관악구", "dong": "신림동", "jibun": "409-164", "addr": "관악구 신림동 409-164", "대지면적": "179.00", "건폐율": "59.93", "용적률": "155.97", "주택형태": "단독주택", "노후년수": "31.1", "임대세대수": "8", "지형높이": "완경사", "지형형상": "세로장방", "도로접면": "세로한면(가)", "OSC공법": "소형", "공시지가_2026": 4428000, "PNU": "1162010200104090164", "공공도서관": 0, "유치원": 4, "어린이집": 17, "중고등학교": 2, "초등학교": 1, "지하철역": 1, "주민센터": 2, "대학교": 0, "병원": 5, "버스정류장": 54, "대형점포": 4, "공연장": 0, "공원": 4, "신규임대유형": "청년"}}, {"type": "Feature", "geometry": {"type": "Point", "coordinates": [126.9300491, 37.4761327]}, "properties": {"id": "1683", "gu": "관악구", "dong": "신림동", "jibun": "412-104", "addr": "관악구 신림동 412-104", "대지면적": "157.94", "건폐율": "59.68", "용적률": "103.02", "주택형태": "단독주택", "노후년수": "32.1", "임대세대수": "5", "지형높이": "급경사", "지형형상": "가로장방", "도로접면": "세로각지(가)", "OSC공법": "소형", "공시지가_2026": 3144000, "PNU": "1162010200104120104", "공공도서관": 0, "유치원": 3, "어린이집": 14, "중고등학교": 3, "초등학교": 2, "지하철역": 0, "주민센터": 2, "대학교": 0, "병원": 3, "버스정류장": 52, "대형점포": 2, "공연장": 0, "공원": 2, "신규임대유형": "청년"}}, {"type": "Feature", "geometry": {"type": "Point", "coordinates": [126.9289032, 37.4756142]}, "properties": {"id": "1684", "gu": "관악구", "dong": "신림동", "jibun": "412-133", "addr": "관악구 신림동 412-133", "대지면적": "165.00", "건폐율": "59.96", "용적률": "144.82", "주택형태": "단독주택", "노후년수": "30.4", "임대세대수": "6", "지형높이": "급경사", "지형형상": "세로장방", "도로접면": "세로한면(가)", "OSC공법": "소형", "공시지가_2026": 2719000, "PNU": "1162010200104120133", "공공도서관": 0, "유치원": 3, "어린이집": 17, "중고등학교": 3, "초등학교": 1, "지하철역": 0, "주민센터": 2, "대학교": 0, "병원": 3, "버스정류장": 51, "대형점포": 2, "공연장": 0, "공원": 2, "신규임대유형": "신혼부부"}}, {"type": "Feature", "geometry": {"type": "Point", "coordinates": [126.9287765, 37.4756309]}, "properties": {"id": "1685", "gu": "관악구", "dong": "신림동", "jibun": "412-216", "addr": "관악구 신림동 412-216", "대지면적": "", "건폐율": "", "용적률": "", "주택형태": "", "노후년수": "", "임대세대수": "", "지형높이": "급경사", "지형형상": "사다리형", "도로접면": "세로한면(가)", "OSC공법": "소형", "공시지가_2026": 2610000, "PNU": "1162010200104120216", "공공도서관": 0, "유치원": 3, "어린이집": 17, "중고등학교": 3, "초등학교": 1, "지하철역": 0, "주민센터": 2, "대학교": 0, "병원": 3, "버스정류장": 51, "대형점포": 2, "공연장": 0, "공원": 2, "신규임대유형": "신혼부부"}}, {"type": "Feature", "geometry": {"type": "Point", "coordinates": [126.9286383, 37.4756528]}, "properties": {"id": "1686", "gu": "관악구", "dong": "신림동", "jibun": "412-217", "addr": "관악구 신림동 412-217", "대지면적": "0.00", "건폐율": "57.64", "용적률": "0.00", "주택형태": "단독주택", "노후년수": "28.8", "임대세대수": "6", "지형높이": "급경사", "지형형상": "사다리형", "도로접면": "세로한면(가)", "OSC공법": "소형", "공시지가_2026": 2610000, "PNU": "1162010200104120217", "공공도서관": 0, "유치원": 3, "어린이집": 17, "중고등학교": 3, "초등학교": 1, "지하철역": 0, "주민센터": 2, "대학교": 0, "병원": 3, "버스정류장": 51, "대형점포": 2, "공연장": 0, "공원": 2, "신규임대유형": "청년"}}, {"type": "Feature", "geometry": {"type": "Point", "coordinates": [126.9299254, 37.4761391]}, "properties": {"id": "1687", "gu": "관악구", "dong": "신림동", "jibun": "412-320", "addr": "관악구 신림동 412-320", "대지면적": "156.43", "건폐율": "0.00", "용적률": "126.23", "주택형태": "단독주택", "노후년수": "33.5", "임대세대수": "5", "지형높이": "급경사", "지형형상": "세로장방", "도로접면": "세로한면(가)", "OSC공법": "소형", "공시지가_2026": 2719000, "PNU": "1162010200104120320", "공공도서관": 0, "유치원": 3, "어린이집": 14, "중고등학교": 3, "초등학교": 2, "지하철역": 0, "주민센터": 2, "대학교": 0, "병원": 3, "버스정류장": 52, "대형점포": 2, "공연장": 0, "공원": 2, "신규임대유형": "청년"}}, {"type": "Feature", "geometry": {"type": "Point", "coordinates": [126.9307047, 37.4775303]}, "properties": {"id": "1688", "gu": "관악구", "dong": "신림동", "jibun": "412-398", "addr": "관악구 신림동 412-398", "대지면적": "", "건폐율": "", "용적률": "", "주택형태": "", "노후년수": "", "임대세대수": "", "지형높이": "완경사", "지형형상": "세로장방", "도로접면": "세로한면(가)", "OSC공법": "소형", "공시지가_2026": 3499000, "PNU": "1162010200104120398", "공공도서관": 0, "유치원": 3, "어린이집": 15, "중고등학교": 2, "초등학교": 1, "지하철역": 1, "주민센터": 2, "대학교": 0, "병원": 4, "버스정류장": 53, "대형점포": 3, "공연장": 0, "공원": 3, "신규임대유형": "신혼부부"}}, {"type": "Feature", "geometry": {"type": "Point", "coordinates": [126.930443, 37.4762203]}, "properties": {"id": "1689", "gu": "관악구", "dong": "신림동", "jibun": "412-475", "addr": "관악구 신림동 412-475", "대지면적": "0.00", "건폐율": "59.25", "용적률": "0.00", "주택형태": "단독주택", "노후년수": "31.0", "임대세대수": "7", "지형높이": "급경사", "지형형상": "세로장방", "도로접면": "세로한면(가)", "OSC공법": "소형", "공시지가_2026": 2732000, "PNU": "1162010200104120475", "공공도서관": 0, "유치원": 3, "어린이집": 14, "중고등학교": 3, "초등학교": 2, "지하철역": 0, "주민센터": 2, "대학교": 0, "병원": 3, "버스정류장": 50, "대형점포": 2, "공연장": 0, "공원": 2, "신규임대유형": "신혼부부"}}, {"type": "Feature", "geometry": {"type": "Point", "coordinates": [126.9230357, 37.4818216]}, "properties": {"id": "1690", "gu": "관악구", "dong": "신림동", "jibun": "441-36", "addr": "관악구 신림동 441-36", "대지면적": "159.00", "건폐율": "60.12", "용적률": "146.96", "주택형태": "단독주택", "노후년수": "22.7", "임대세대수": "5", "지형높이": "완경사", "지형형상": "세로장방", "도로접면": "세로한면(가)", "OSC공법": "소형", "공시지가_2026": 4396000, "PNU": "1162010200104410036", "공공도서관": 0, "유치원": 4, "어린이집": 11, "중고등학교": 4, "초등학교": 3, "지하철역": 1, "주민센터": 3, "대학교": 0, "병원": 6, "버스정류장": 64, "대형점포": 2, "공연장": 0, "공원": 2, "신규임대유형": "신혼부부"}}, {"type": "Feature", "geometry": {"type": "Point", "coordinates": [126.9229317, 37.4823395]}, "properties": {"id": "1691", "gu": "관악구", "dong": "신림동", "jibun": "441-41", "addr": "관악구 신림동 441-41", "대지면적": "105.85", "건폐율": "59.39", "용적률": "173.53", "주택형태": "단독주택", "노후년수": "22.0", "임대세대수": "3", "지형높이": "완경사", "지형형상": "사다리형", "도로접면": "세로한면(가)", "OSC공법": "소형", "공시지가_2026": 4227000, "PNU": "1162010200104410041", "공공도서관": 0, "유치원": 4, "어린이집": 11, "중고등학교": 4, "초등학교": 3, "지하철역": 1, "주민센터": 2, "대학교": 0, "병원": 6, "버스정류장": 59, "대형점포": 2, "공연장": 0, "공원": 2, "신규임대유형": "신혼부부"}}, {"type": "Feature", "geometry": {"type": "Point", "coordinates": [126.9213584, 37.4877338]}, "properties": {"id": "1692", "gu": "관악구", "dong": "신림동", "jibun": "459-16", "addr": "관악구 신림동 459-16", "대지면적": "139.00", "건폐율": "56.06", "용적률": "180.04", "주택형태": "단독주택", "노후년수": "22.4", "임대세대수": "4", "지형높이": "평지", "지형형상": "가로장방", "도로접면": "세로한면(가)", "OSC공법": "소형", "공시지가_2026": 4454000, "PNU": "1162010200104590016", "공공도서관": 0, "유치원": 4, "어린이집": 14, "중고등학교": 3, "초등학교": 2, "지하철역": 1, "주민센터": 2, "대학교": 0, "병원": 3, "버스정류장": 53, "대형점포": 2, "공연장": 0, "공원": 2, "신규임대유형": "신혼부부"}}, {"type": "Feature", "geometry": {"type": "Point", "coordinates": [126.9202661, 37.4877415]}, "properties": {"id": "1693", "gu": "관악구", "dong": "신림동", "jibun": "459-38", "addr": "관악구 신림동 459-38", "대지면적": "142.00", "건폐율": "58.17", "용적률": "168.75", "주택형태": "단독주택", "노후년수": "21.8", "임대세대수": "13", "지형높이": "평지", "지형형상": "세로장방", "도로접면": "세로한면(가)", "OSC공법": "소형", "공시지가_2026": 4375000, "PNU": "1162010200104590038", "공공도서관": 0, "유치원": 4, "어린이집": 13, "중고등학교": 4, "초등학교": 2, "지하철역": 1, "주민센터": 2, "대학교": 0, "병원": 3, "버스정류장": 59, "대형점포": 1, "공연장": 1, "공원": 1, "신규임대유형": "청년"}}, {"type": "Feature", "geometry": {"type": "Point", "coordinates": [126.9230033, 37.4855634]}, "properties": {"id": "1694", "gu": "관악구", "dong": "신림동", "jibun": "463-62", "addr": "관악구 신림동 463-62", "대지면적": "134.00", "건폐율": "0.00", "용적률": "144.74", "주택형태": "단독주택", "노후년수": "32.7", "임대세대수": "5", "지형높이": "평지", "지형형상": "사다리형", "도로접면": "세로한면(가)", "OSC공법": "소형", "공시지가_2026": 4361000, "PNU": "1162010200104630062", "공공도서관": 0, "유치원": 3, "어린이집": 13, "중고등학교": 3, "초등학교": 1, "지하철역": 1, "주민센터": 2, "대학교": 0, "병원": 6, "버스정류장": 54, "대형점포": 4, "공연장": 0, "공원": 4, "신규임대유형": "청년"}}, {"type": "Feature", "geometry": {"type": "Point", "coordinates": [126.9226726, 37.4837107]}, "properties": {"id": "1695", "gu": "관악구", "dong": "신림동", "jibun": "465-3", "addr": "관악구 신림동 465-3", "대지면적": "", "건폐율": "", "용적률": "", "주택형태": "", "노후년수": "", "임대세대수": "", "지형높이": "완경사", "지형형상": "사다리형", "도로접면": "세로한면(가)", "OSC공법": "소형", "공시지가_2026": 4892000, "PNU": "1162010200104650003", "공공도서관": 0, "유치원": 3, "어린이집": 12, "중고등학교": 4, "초등학교": 1, "지하철역": 1, "주민센터": 2, "대학교": 0, "병원": 6, "버스정류장": 62, "대형점포": 4, "공연장": 0, "공원": 4, "신규임대유형": "청년"}}, {"type": "Feature", "geometry": {"type": "Point", "coordinates": [126.9220916, 37.4859733]}, "properties": {"id": "1696", "gu": "관악구", "dong": "신림동", "jibun": "468-13", "addr": "관악구 신림동 468-13", "대지면적": "0.00", "건폐율": "59.43", "용적률": "0.00", "주택형태": "단독주택", "노후년수": "24.1", "임대세대수": "6", "지형높이": "평지", "지형형상": "자루형", "도로접면": "세로한면(가)", "OSC공법": "소형", "공시지가_2026": 3816000, "PNU": "1162010200104680013", "공공도서관": 0, "유치원": 4, "어린이집": 11, "중고등학교": 3, "초등학교": 2, "지하철역": 1, "주민센터": 2, "대학교": 0, "병원": 5, "버스정류장": 60, "대형점포": 4, "공연장": 0, "공원": 4, "신규임대유형": "청년"}}, {"type": "Feature", "geometry": {"type": "Point", "coordinates": [126.9212108, 37.485839]}, "properties": {"id": "1697", "gu": "관악구", "dong": "신림동", "jibun": "468-20", "addr": "관악구 신림동 468-20", "대지면적": "0.00", "건폐율": "57.25", "용적률": "0.00", "주택형태": "단독주택", "노후년수": "28.0", "임대세대수": "5", "지형높이": "평지", "지형형상": "세로장방", "도로접면": "세로한면(가)", "OSC공법": "소형", "공시지가_2026": 4899000, "PNU": "1162010200104680020", "공공도서관": 0, "유치원": 4, "어린이집": 12, "중고등학교": 3, "초등학교": 2, "지하철역": 2, "주민센터": 2, "대학교": 0, "병원": 4, "버스정류장": 59, "대형점포": 3, "공연장": 0, "공원": 3, "신규임대유형": "청년"}}, {"type": "Feature", "geometry": {"type": "Point", "coordinates": [126.9203042, 37.4856755]}, "properties": {"id": "1698", "gu": "관악구", "dong": "신림동", "jibun": "469-16", "addr": "관악구 신림동 469-16", "대지면적": "184.50", "건폐율": "59.89", "용적률": "94.07", "주택형태": "단독주택", "노후년수": "23.2", "임대세대수": "5", "지형높이": "평지", "지형형상": "세로장방", "도로접면": "세로한면(불)", "OSC공법": "소형", "공시지가_2026": 4383000, "PNU": "1162010200104690016", "공공도서관": 0, "유치원": 4, "어린이집": 13, "중고등학교": 4, "초등학교": 2, "지하철역": 1, "주민센터": 2, "대학교": 0, "병원": 2, "버스정류장": 58, "대형점포": 1, "공연장": 0, "공원": 1, "신규임대유형": "청년"}}, {"type": "Feature", "geometry": {"type": "Point", "coordinates": [126.9198273, 37.4876789]}, "properties": {"id": "1700", "gu": "관악구", "dong": "신림동", "jibun": "473-9", "addr": "관악구 신림동 473-9", "대지면적": "174.20", "건폐율": "59.95", "용적률": "163.93", "주택형태": "단독주택", "노후년수": "31.8", "임대세대수": "7", "지형높이": "평지", "지형형상": "세로장방", "도로접면": "세로한면(가)", "OSC공법": "소형", "공시지가_2026": 4827000, "PNU": "1162010200104730009", "공공도서관": 0, "유치원": 4, "어린이집": 13, "중고등학교": 4, "초등학교": 2, "지하철역": 1, "주민센터": 2, "대학교": 0, "병원": 3, "버스정류장": 58, "대형점포": 1, "공연장": 2, "공원": 1, "신규임대유형": "청년"}}, {"type": "Feature", "geometry": {"type": "Point", "coordinates": [126.9207935, 37.4844649]}, "properties": {"id": "1701", "gu": "관악구", "dong": "신림동", "jibun": "485-40", "addr": "관악구 신림동 485-40", "대지면적": "142.74", "건폐율": "0.00", "용적률": "108.71", "주택형태": "단독주택", "노후년수": "33.5", "임대세대수": "5", "지형높이": "평지", "지형형상": "자루형", "도로접면": "세로한면(가)", "OSC공법": "소형", "공시지가_2026": 3675000, "PNU": "1162010200104850040", "공공도서관": 0, "유치원": 4, "어린이집": 12, "중고등학교": 4, "초등학교": 2, "지하철역": 2, "주민센터": 2, "대학교": 0, "병원": 4, "버스정류장": 63, "대형점포": 1, "공연장": 0, "공원": 1, "신규임대유형": "청년"}}, {"type": "Feature", "geometry": {"type": "Point", "coordinates": [126.9199905, 37.4838709]}, "properties": {"id": "1702", "gu": "관악구", "dong": "신림동", "jibun": "488-3", "addr": "관악구 신림동 488-3", "대지면적": "151.10", "건폐율": "56.21", "용적률": "167.96", "주택형태": "단독주택", "노후년수": "26.2", "임대세대수": "7", "지형높이": "평지", "지형형상": "가로장방", "도로접면": "세로한면(가)", "OSC공법": "소형", "공시지가_2026": 4392000, "PNU": "1162010200104880003", "공공도서관": 0, "유치원": 4, "어린이집": 12, "중고등학교": 4, "초등학교": 3, "지하철역": 1, "주민센터": 2, "대학교": 0, "병원": 3, "버스정류장": 58, "대형점포": 1, "공연장": 0, "공원": 1, "신규임대유형": "청년"}}, {"type": "Feature", "geometry": {"type": "Point", "coordinates": [126.9171842, 37.48611]}, "properties": {"id": "1703", "gu": "관악구", "dong": "신림동", "jibun": "494-45", "addr": "관악구 신림동 494-45", "대지면적": "214.60", "건폐율": "53.28", "용적률": "99.81", "주택형태": "단독주택", "노후년수": "22.6", "임대세대수": "4", "지형높이": "평지", "지형형상": "자루형", "도로접면": "세로한면(가)", "OSC공법": "소형", "공시지가_2026": 3794000, "PNU": "1162010200104940045", "공공도서관": 0, "유치원": 4, "어린이집": 16, "중고등학교": 5, "초등학교": 3, "지하철역": 1, "주민센터": 2, "대학교": 0, "병원": 3, "버스정류장": 48, "대형점포": 1, "공연장": 3, "공원": 1, "신규임대유형": "청년"}}, {"type": "Feature", "geometry": {"type": "Point", "coordinates": [126.9164247, 37.4854897]}, "properties": {"id": "1704", "gu": "관악구", "dong": "신림동", "jibun": "503-25", "addr": "관악구 신림동 503-25", "대지면적": "0.00", "건폐율": "51.63", "용적률": "0.00", "주택형태": "단독주택", "노후년수": "31.2", "임대세대수": "6", "지형높이": "평지", "지형형상": "자루형", "도로접면": "중로한면", "OSC공법": "소형", "공시지가_2026": 4382000, "PNU": "1162010200105030025", "공공도서관": 0, "유치원": 4, "어린이집": 14, "중고등학교": 4, "초등학교": 3, "지하철역": 1, "주민센터": 2, "대학교": 0, "병원": 3, "버스정류장": 49, "대형점포": 1, "공연장": 3, "공원": 1, "신규임대유형": "청년"}}, {"type": "Feature", "geometry": {"type": "Point", "coordinates": [126.9178612, 37.4843739]}, "properties": {"id": "1705", "gu": "관악구", "dong": "신림동", "jibun": "505-5", "addr": "관악구 신림동 505-5", "대지면적": "205.30", "건폐율": "58.85", "용적률": "95.45", "주택형태": "단독주택", "노후년수": "21.2", "임대세대수": "10", "지형높이": "평지", "지형형상": "자루형", "도로접면": "세로한면(가)", "OSC공법": "소형", "공시지가_2026": 3915000, "PNU": "1162010200105050005", "공공도서관": 0, "유치원": 5, "어린이집": 13, "중고등학교": 4, "초등학교": 3, "지하철역": 1, "주민센터": 1, "대학교": 0, "병원": 3, "버스정류장": 50, "대형점포": 1, "공연장": 2, "공원": 1, "신규임대유형": "청년"}}, {"type": "Feature", "geometry": {"type": "Point", "coordinates": [126.9179056, 37.4840892]}, "properties": {"id": "1706", "gu": "관악구", "dong": "신림동", "jibun": "505-8", "addr": "관악구 신림동 505-8", "대지면적": "238.70", "건폐율": "48.49", "용적률": "131.26", "주택형태": "단독주택", "노후년수": "28.3", "임대세대수": "8", "지형높이": "평지", "지형형상": "세로장방", "도로접면": "세로한면(가)", "OSC공법": "소형", "공시지가_2026": 4701000, "PNU": "1162010200105050008", "공공도서관": 0, "유치원": 5, "어린이집": 13, "중고등학교": 4, "초등학교": 4, "지하철역": 1, "주민센터": 1, "대학교": 0, "병원": 3, "버스정류장": 49, "대형점포": 1, "공연장": 2, "공원": 1, "신규임대유형": "신혼부부"}}, {"type": "Feature", "geometry": {"type": "Point", "coordinates": [126.9166195, 37.4835491]}, "properties": {"id": "1707", "gu": "관악구", "dong": "신림동", "jibun": "510-35", "addr": "관악구 신림동 510-35", "대지면적": "203.60", "건폐율": "54.39", "용적률": "82.38", "주택형태": "단독주택", "노후년수": "30.5", "임대세대수": "5", "지형높이": "평지", "지형형상": "자루형", "도로접면": "소로한면", "OSC공법": "", "공시지가_2026": 4299000, "PNU": "1162010200105100035", "공공도서관": 1, "유치원": 5, "어린이집": 13, "중고등학교": 4, "초등학교": 5, "지하철역": 1, "주민센터": 2, "대학교": 0, "병원": 3, "버스정류장": 56, "대형점포": 1, "공연장": 2, "공원": 1, "신규임대유형": "신혼부부"}}, {"type": "Feature", "geometry": {"type": "Point", "coordinates": [126.9073773, 37.4828954]}, "properties": {"id": "1708", "gu": "관악구", "dong": "신림동", "jibun": "569-43", "addr": "관악구 신림동 569-43", "대지면적": "351.40", "건폐율": "48.74", "용적률": "166.17", "주택형태": "단독주택", "노후년수": "27.4", "임대세대수": "5", "지형높이": "평지", "지형형상": "가로장방", "도로접면": "세로한면(불)", "OSC공법": "소형", "공시지가_2026": 4250000, "PNU": "1162010200105690043", "공공도서관": 2, "유치원": 5, "어린이집": 19, "중고등학교": 1, "초등학교": 4, "지하철역": 2, "주민센터": 2, "대학교": 0, "병원": 8, "버스정류장": 70, "대형점포": 2, "공연장": 5, "공원": 2, "신규임대유형": "청년"}}, {"type": "Feature", "geometry": {"type": "Point", "coordinates": [126.9061204, 37.4814521]}, "properties": {"id": "1710", "gu": "관악구", "dong": "신림동", "jibun": "570-23", "addr": "관악구 신림동 570-23", "대지면적": "276.70", "건폐율": "59.94", "용적률": "109.91", "주택형태": "단독주택", "노후년수": "31.4", "임대세대수": "5", "지형높이": "평지", "지형형상": "자루형", "도로접면": "소로한면", "OSC공법": "소형", "공시지가_2026": 4255000, "PNU": "1162010200105700023", "공공도서관": 2, "유치원": 4, "어린이집": 18, "중고등학교": 3, "초등학교": 4, "지하철역": 1, "주민센터": 2, "대학교": 0, "병원": 6, "버스정류장": 63, "대형점포": 3, "공연장": 2, "공원": 3, "신규임대유형": "청년"}}, {"type": "Feature", "geometry": {"type": "Point", "coordinates": [126.9174254, 37.4775166]}, "properties": {"id": "1711", "gu": "관악구", "dong": "신림동", "jibun": "592-7", "addr": "관악구 신림동 592-7", "대지면적": "147.10", "건폐율": "0.00", "용적률": "96.59", "주택형태": "단독주택", "노후년수": "33.3", "임대세대수": "8", "지형높이": "평지", "지형형상": "세로장방", "도로접면": "세로한면(불)", "OSC공법": "소형", "공시지가_2026": 3542000, "PNU": "1162010200105920007", "공공도서관": 0, "유치원": 3, "어린이집": 17, "중고등학교": 7, "초등학교": 3, "지하철역": 0, "주민센터": 0, "대학교": 0, "병원": 4, "버스정류장": 63, "대형점포": 1, "공연장": 0, "공원": 1, "신규임대유형": "청년"}}, {"type": "Feature", "geometry": {"type": "Point", "coordinates": [126.9184755, 37.4770275]}, "properties": {"id": "1712", "gu": "관악구", "dong": "신림동", "jibun": "596-18", "addr": "관악구 신림동 596-18", "대지면적": "249.90", "건폐율": "0.00", "용적률": "80.90", "주택형태": "단독주택", "노후년수": "33.7", "임대세대수": "8", "지형높이": "평지", "지형형상": "사다리형", "도로접면": "세로한면(가)", "OSC공법": "소형", "공시지가_2026": 3955000, "PNU": "1162010200105960018", "공공도서관": 0, "유치원": 4, "어린이집": 16, "중고등학교": 7, "초등학교": 3, "지하철역": 0, "주민센터": 1, "대학교": 0, "병원": 4, "버스정류장": 65, "대형점포": 2, "공연장": 0, "공원": 2, "신규임대유형": "청년"}}, {"type": "Feature", "geometry": {"type": "Point", "coordinates": [126.9201164, 37.4775666]}, "properties": {"id": "1713", "gu": "관악구", "dong": "신림동", "jibun": "597-50", "addr": "관악구 신림동 597-50", "대지면적": "75.53", "건폐율": "59.81", "용적률": "105.44", "주택형태": "단독주택", "노후년수": "29.2", "임대세대수": "5", "지형높이": "급경사", "지형형상": "정방형", "도로접면": "세로한면(가)", "OSC공법": "소형", "공시지가_2026": 2920000, "PNU": "1162010200105970050", "공공도서관": 0, "유치원": 5, "어린이집": 15, "중고등학교": 5, "초등학교": 3, "지하철역": 0, "주민센터": 1, "대학교": 0, "병원": 3, "버스정류장": 62, "대형점포": 1, "공연장": 0, "공원": 1, "신규임대유형": "청년"}}, {"type": "Feature", "geometry": {"type": "Point", "coordinates": [126.9200742, 37.4774436]}, "properties": {"id": "1714", "gu": "관악구", "dong": "신림동", "jibun": "597-57", "addr": "관악구 신림동 597-57", "대지면적": "0.00", "건폐율": "59.34", "용적률": "0.00", "주택형태": "단독주택", "노후년수": "32.0", "임대세대수": "5", "지형높이": "급경사", "지형형상": "정방형", "도로접면": "세로각지(가)", "OSC공법": "소형", "공시지가_2026": 3354000, "PNU": "1162010200105970057", "공공도서관": 0, "유치원": 5, "어린이집": 15, "중고등학교": 7, "초등학교": 3, "지하철역": 0, "주민센터": 1, "대학교": 0, "병원": 3, "버스정류장": 62, "대형점포": 2, "공연장": 0, "공원": 2, "신규임대유형": "청년"}}, {"type": "Feature", "geometry": {"type": "Point", "coordinates": [126.9204162, 37.4770467]}, "properties": {"id": "1715", "gu": "관악구", "dong": "신림동", "jibun": "597-74", "addr": "관악구 신림동 597-74", "대지면적": "0.00", "건폐율": "59.80", "용적률": "0.00", "주택형태": "단독주택", "노후년수": "32.4", "임대세대수": "7", "지형높이": "완경사", "지형형상": "정방형", "도로접면": "세로각지(가)", "OSC공법": "소형", "공시지가_2026": 3270000, "PNU": "1162010200105970074", "공공도서관": 0, "유치원": 5, "어린이집": 15, "중고등학교": 7, "초등학교": 3, "지하철역": 0, "주민센터": 1, "대학교": 0, "병원": 3, "버스정류장": 59, "대형점포": 2, "공연장": 0, "공원": 2, "신규임대유형": "청년"}}, {"type": "Feature", "geometry": {"type": "Point", "coordinates": [126.9200856, 37.4771152]}, "properties": {"id": "1716", "gu": "관악구", "dong": "신림동", "jibun": "597-76", "addr": "관악구 신림동 597-76", "대지면적": "190.28", "건폐율": "59.98", "용적률": "104.70", "주택형태": "단독주택", "노후년수": "31.4", "임대세대수": "5", "지형높이": "완경사", "지형형상": "정방형", "도로접면": "세로한면(가)", "OSC공법": "소형", "공시지가_2026": 3106000, "PNU": "1162010200105970076", "공공도서관": 0, "유치원": 5, "어린이집": 14, "중고등학교": 7, "초등학교": 3, "지하철역": 0, "주민센터": 1, "대학교": 0, "병원": 3, "버스정류장": 61, "대형점포": 2, "공연장": 0, "공원": 2, "신규임대유형": "청년"}}, {"type": "Feature", "geometry": {"type": "Point", "coordinates": [126.9219021, 37.4765016]}, "properties": {"id": "1717", "gu": "관악구", "dong": "신림동", "jibun": "598-73", "addr": "관악구 신림동 598-73", "대지면적": "169.40", "건폐율": "59.72", "용적률": "104.88", "주택형태": "단독주택", "노후년수": "28.5", "임대세대수": "5", "지형높이": "급경사", "지형형상": "정방형", "도로접면": "소로각지", "OSC공법": "소형", "공시지가_2026": 3714000, "PNU": "1162010200105980073", "공공도서관": 0, "유치원": 5, "어린이집": 16, "중고등학교": 6, "초등학교": 2, "지하철역": 0, "주민센터": 1, "대학교": 0, "병원": 1, "버스정류장": 62, "대형점포": 2, "공연장": 0, "공원": 2, "신규임대유형": "청년"}}, {"type": "Feature", "geometry": {"type": "Point", "coordinates": [126.920581, 37.4760915]}, "properties": {"id": "1718", "gu": "관악구", "dong": "신림동", "jibun": "598-132", "addr": "관악구 신림동 598-132", "대지면적": "188.00", "건폐율": "59.92", "용적률": "114.40", "주택형태": "단독주택", "노후년수": "31.2", "임대세대수": "6", "지형높이": "완경사", "지형형상": "정방형", "도로접면": "세로각지(가)", "OSC공법": "소형", "공시지가_2026": 3818000, "PNU": "1162010200105980132", "공공도서관": 0, "유치원": 4, "어린이집": 15, "중고등학교": 7, "초등학교": 3, "지하철역": 0, "주민센터": 1, "대학교": 0, "병원": 1, "버스정류장": 56, "대형점포": 2, "공연장": 0, "공원": 2, "신규임대유형": "청년"}}, {"type": "Feature", "geometry": {"type": "Point", "coordinates": [126.9197706, 37.4756423]}, "properties": {"id": "1719", "gu": "관악구", "dong": "신림동", "jibun": "598-147", "addr": "관악구 신림동 598-147", "대지면적": "", "건폐율": "", "용적률": "", "주택형태": "", "노후년수": "", "임대세대수": "", "지형높이": "완경사", "지형형상": "가로장방", "도로접면": "세로각지(가)", "OSC공법": "소형", "공시지가_2026": 3818000, "PNU": "1162010200105980147", "공공도서관": 0, "유치원": 5, "어린이집": 16, "중고등학교": 8, "초등학교": 4, "지하철역": 0, "주민센터": 1, "대학교": 0, "병원": 1, "버스정류장": 58, "대형점포": 2, "공연장": 0, "공원": 2, "신규임대유형": "청년"}}, {"type": "Feature", "geometry": {"type": "Point", "coordinates": [126.9228812, 37.476325]}, "properties": {"id": "1720", "gu": "관악구", "dong": "신림동", "jibun": "598-190", "addr": "관악구 신림동 598-190", "대지면적": "170.00", "건폐율": "59.78", "용적률": "167.72", "주택형태": "단독주택", "노후년수": "27.5", "임대세대수": "7", "지형높이": "급경사", "지형형상": "세로장방", "도로접면": "세로한면(가)", "OSC공법": "소형", "공시지가_2026": 2736000, "PNU": "1162010200105980190", "공공도서관": 0, "유치원": 4, "어린이집": 16, "중고등학교": 6, "초등학교": 2, "지하철역": 0, "주민센터": 1, "대학교": 0, "병원": 1, "버스정류장": 51, "대형점포": 2, "공연장": 0, "공원": 2, "신규임대유형": "청년"}}, {"type": "Feature", "geometry": {"type": "Point", "coordinates": [126.9208136, 37.4761095]}, "properties": {"id": "1721", "gu": "관악구", "dong": "신림동", "jibun": "598-243", "addr": "관악구 신림동 598-243", "대지면적": "0.00", "건폐율": "0.00", "용적률": "0.00", "주택형태": "단독주택", "노후년수": "34.5", "임대세대수": "4", "지형높이": "완경사", "지형형상": "정방형", "도로접면": "세로한면(가)", "OSC공법": "소형", "공시지가_2026": 3625000, "PNU": "1162010200105980243", "공공도서관": 0, "유치원": 5, "어린이집": 15, "중고등학교": 7, "초등학교": 3, "지하철역": 0, "주민센터": 1, "대학교": 0, "병원": 1, "버스정류장": 56, "대형점포": 2, "공연장": 0, "공원": 2, "신규임대유형": "청년"}}, {"type": "Feature", "geometry": {"type": "Point", "coordinates": [126.9206439, 37.4760181]}, "properties": {"id": "1722", "gu": "관악구", "dong": "신림동", "jibun": "598-248", "addr": "관악구 신림동 598-248", "대지면적": "", "건폐율": "", "용적률": "", "주택형태": "", "노후년수": "", "임대세대수": "", "지형높이": "완경사", "지형형상": "정방형", "도로접면": "세로한면(가)", "OSC공법": "소형", "공시지가_2026": 3625000, "PNU": "1162010200105980248", "공공도서관": 0, "유치원": 4, "어린이집": 15, "중고등학교": 7, "초등학교": 3, "지하철역": 0, "주민센터": 1, "대학교": 0, "병원": 1, "버스정류장": 56, "대형점포": 2, "공연장": 0, "공원": 2, "신규임대유형": "청년"}}, {"type": "Feature", "geometry": {"type": "Point", "coordinates": [126.9214965, 37.4777914]}, "properties": {"id": "1723", "gu": "관악구", "dong": "신림동", "jibun": "598-316", "addr": "관악구 신림동 598-316", "대지면적": "106.00", "건폐율": "59.77", "용적률": "105.73", "주택형태": "단독주택", "노후년수": "28.5", "임대세대수": "5", "지형높이": "급경사", "지형형상": "정방형", "도로접면": "세로한면(가)", "OSC공법": "소형", "공시지가_2026": 2843000, "PNU": "1162010200105980316", "공공도서관": 0, "유치원": 5, "어린이집": 17, "중고등학교": 6, "초등학교": 2, "지하철역": 0, "주민센터": 1, "대학교": 0, "병원": 3, "버스정류장": 62, "대형점포": 1, "공연장": 0, "공원": 1, "신규임대유형": "청년"}}, {"type": "Feature", "geometry": {"type": "Point", "coordinates": [126.9195383, 37.4757206]}, "properties": {"id": "1724", "gu": "관악구", "dong": "신림동", "jibun": "608-1", "addr": "관악구 신림동 608-1", "대지면적": "", "건폐율": "", "용적률": "", "주택형태": "", "노후년수": "", "임대세대수": "", "지형높이": "완경사", "지형형상": "자루형", "도로접면": "세로한면(가)", "OSC공법": "소형", "공시지가_2026": 3043000, "PNU": "1162010200106080001", "공공도서관": 0, "유치원": 5, "어린이집": 16, "중고등학교": 8, "초등학교": 4, "지하철역": 0, "주민센터": 1, "대학교": 0, "병원": 1, "버스정류장": 60, "대형점포": 2, "공연장": 0, "공원": 2, "신규임대유형": "청년"}}, {"type": "Feature", "geometry": {"type": "Point", "coordinates": [126.9224499, 37.4751474]}, "properties": {"id": "1725", "gu": "관악구", "dong": "신림동", "jibun": "610-1", "addr": "관악구 신림동 610-1", "대지면적": "0.00", "건폐율": "58.10", "용적률": "0.00", "주택형태": "단독주택", "노후년수": "31.1", "임대세대수": "7", "지형높이": "완경사", "지형형상": "세로장방", "도로접면": "세로한면(가)", "OSC공법": "소형", "공시지가_2026": 3140000, "PNU": "1162010200106100001", "공공도서관": 0, "유치원": 3, "어린이집": 16, "중고등학교": 6, "초등학교": 2, "지하철역": 0, "주민센터": 1, "대학교": 0, "병원": 1, "버스정류장": 46, "대형점포": 2, "공연장": 0, "공원": 2, "신규임대유형": "청년"}}, {"type": "Feature", "geometry": {"type": "Point", "coordinates": [126.9228747, 37.4761493]}, "properties": {"id": "1726", "gu": "관악구", "dong": "신림동", "jibun": "610-9", "addr": "관악구 신림동 610-9", "대지면적": "166.00", "건폐율": "56.91", "용적률": "149.17", "주택형태": "단독주택", "노후년수": "30.5", "임대세대수": "10", "지형높이": "급경사", "지형형상": "세로장방", "도로접면": "세로각지(가)", "OSC공법": "소형", "공시지가_2026": 2880000, "PNU": "1162010200106100009", "공공도서관": 0, "유치원": 4, "어린이집": 17, "중고등학교": 6, "초등학교": 2, "지하철역": 0, "주민센터": 1, "대학교": 0, "병원": 1, "버스정류장": 50, "대형점포": 2, "공연장": 0, "공원": 2, "신규임대유형": "청년"}}, {"type": "Feature", "geometry": {"type": "Point", "coordinates": [126.9234277, 37.4762695]}, "properties": {"id": "1727", "gu": "관악구", "dong": "신림동", "jibun": "610-14", "addr": "관악구 신림동 610-14", "대지면적": "", "건폐율": "", "용적률": "", "주택형태": "", "노후년수": "", "임대세대수": "", "지형높이": "급경사", "지형형상": "세로장방", "도로접면": "세로한면(가)", "OSC공법": "소형", "공시지가_2026": 2736000, "PNU": "1162010200106100014", "공공도서관": 0, "유치원": 4, "어린이집": 15, "중고등학교": 6, "초등학교": 2, "지하철역": 0, "주민센터": 1, "대학교": 0, "병원": 1, "버스정류장": 50, "대형점포": 2, "공연장": 0, "공원": 2, "신규임대유형": "청년"}}, {"type": "Feature", "geometry": {"type": "Point", "coordinates": [126.9227199, 37.4758742]}, "properties": {"id": "1728", "gu": "관악구", "dong": "신림동", "jibun": "610-37", "addr": "관악구 신림동 610-37", "대지면적": "0.00", "건폐율": "59.94", "용적률": "168.99", "주택형태": "단독주택", "노후년수": "31.3", "임대세대수": "7", "지형높이": "급경사", "지형형상": "세로장방", "도로접면": "세로한면(가)", "OSC공법": "소형", "공시지가_2026": 3322000, "PNU": "1162010200106100037", "공공도서관": 0, "유치원": 4, "어린이집": 17, "중고등학교": 6, "초등학교": 2, "지하철역": 0, "주민센터": 1, "대학교": 0, "병원": 1, "버스정류장": 49, "대형점포": 2, "공연장": 0, "공원": 2, "신규임대유형": "청년"}}, {"type": "Feature", "geometry": {"type": "Point", "coordinates": [126.9226124, 37.4758132]}, "properties": {"id": "1729", "gu": "관악구", "dong": "신림동", "jibun": "610-38", "addr": "관악구 신림동 610-38", "대지면적": "169.00", "건폐율": "58.86", "용적률": "149.03", "주택형태": "단독주택", "노후년수": "31.8", "임대세대수": "8", "지형높이": "급경사", "지형형상": "세로장방", "도로접면": "세로한면(가)", "OSC공법": "소형", "공시지가_2026": 3322000, "PNU": "1162010200106100038", "공공도서관": 0, "유치원": 4, "어린이집": 18, "중고등학교": 6, "초등학교": 2, "지하철역": 0, "주민센터": 1, "대학교": 0, "병원": 1, "버스정류장": 49, "대형점포": 2, "공연장": 0, "공원": 2, "신규임대유형": "청년"}}, {"type": "Feature", "geometry": {"type": "Point", "coordinates": [126.9225139, 37.4757434]}, "properties": {"id": "1730", "gu": "관악구", "dong": "신림동", "jibun": "610-39", "addr": "관악구 신림동 610-39", "대지면적": "165.00", "건폐율": "0.00", "용적률": "157.91", "주택형태": "단독주택", "노후년수": "33.8", "임대세대수": "5", "지형높이": "급경사", "지형형상": "세로장방", "도로접면": "세로한면(가)", "OSC공법": "소형", "공시지가_2026": 3322000, "PNU": "1162010200106100039", "공공도서관": 0, "유치원": 4, "어린이집": 16, "중고등학교": 6, "초등학교": 2, "지하철역": 0, "주민센터": 1, "대학교": 0, "병원": 1, "버스정류장": 50, "대형점포": 2, "공연장": 0, "공원": 2, "신규임대유형": "유지"}}, {"type": "Feature", "geometry": {"type": "Point", "coordinates": [126.9209906, 37.4749076]}, "properties": {"id": "1732", "gu": "관악구", "dong": "신림동", "jibun": "610-88", "addr": "관악구 신림동 610-88", "대지면적": "165.00", "건폐율": "0.00", "용적률": "157.28", "주택형태": "단독주택", "노후년수": "33.4", "임대세대수": "6", "지형높이": "완경사", "지형형상": "세로장방", "도로접면": "세로한면(가)", "OSC공법": "소형", "공시지가_2026": 3446000, "PNU": "1162010200106100088", "공공도서관": 0, "유치원": 5, "어린이집": 15, "중고등학교": 6, "초등학교": 3, "지하철역": 0, "주민센터": 1, "대학교": 0, "병원": 1, "버스정류장": 45, "대형점포": 2, "공연장": 0, "공원": 2, "신규임대유형": "유지"}}, {"type": "Feature", "geometry": {"type": "Point", "coordinates": [126.9206181, 37.4746975]}, "properties": {"id": "1733", "gu": "관악구", "dong": "신림동", "jibun": "610-107", "addr": "관악구 신림동 610-107", "대지면적": "", "건폐율": "", "용적률": "", "주택형태": "", "노후년수": "", "임대세대수": "", "지형높이": "완경사", "지형형상": "세로장방", "도로접면": "세로한면(가)", "OSC공법": "소형", "공시지가_2026": 3446000, "PNU": "1162010200106100107", "공공도서관": 0, "유치원": 5, "어린이집": 15, "중고등학교": 6, "초등학교": 3, "지하철역": 0, "주민센터": 1, "대학교": 0, "병원": 1, "버스정류장": 44, "대형점포": 2, "공연장": 0, "공원": 2, "신규임대유형": "청년"}}, {"type": "Feature", "geometry": {"type": "Point", "coordinates": [126.9254838, 37.4748322]}, "properties": {"id": "1738", "gu": "관악구", "dong": "신림동", "jibun": "610-361", "addr": "관악구 신림동 610-361", "대지면적": "0.00", "건폐율": "59.42", "용적률": "0.00", "주택형태": "단독주택", "노후년수": "26.9", "임대세대수": "6", "지형높이": "급경사", "지형형상": "세로장방", "도로접면": "세로한면(가)", "OSC공법": "소형", "공시지가_2026": 2674000, "PNU": "1162010200106100361", "공공도서관": 0, "유치원": 4, "어린이집": 16, "중고등학교": 4, "초등학교": 2, "지하철역": 0, "주민센터": 2, "대학교": 0, "병원": 1, "버스정류장": 51, "대형점포": 3, "공연장": 0, "공원": 3, "신규임대유형": "유지"}}, {"type": "Feature", "geometry": {"type": "Point", "coordinates": [126.925198, 37.4749165]}, "properties": {"id": "1739", "gu": "관악구", "dong": "신림동", "jibun": "610-370", "addr": "관악구 신림동 610-370", "대지면적": "0.00", "건폐율": "59.94", "용적률": "0.00", "주택형태": "단독주택", "노후년수": "27.5", "임대세대수": "7", "지형높이": "급경사", "지형형상": "세로장방", "도로접면": "세로각지(가)", "OSC공법": "소형", "공시지가_2026": 2757000, "PNU": "1162010200106100370", "공공도서관": 0, "유치원": 4, "어린이집": 16, "중고등학교": 4, "초등학교": 2, "지하철역": 0, "주민센터": 2, "대학교": 0, "병원": 1, "버스정류장": 51, "대형점포": 3, "공연장": 0, "공원": 3, "신규임대유형": "유지"}}, {"type": "Feature", "geometry": {"type": "Point", "coordinates": [126.9251001, 37.4750239]}, "properties": {"id": "1740", "gu": "관악구", "dong": "신림동", "jibun": "610-371", "addr": "관악구 신림동 610-371", "대지면적": "0.00", "건폐율": "57.68", "용적률": "0.00", "주택형태": "단독주택", "노후년수": "31.2", "임대세대수": "7", "지형높이": "급경사", "지형형상": "가로장방", "도로접면": "세로한면(가)", "OSC공법": "소형", "공시지가_2026": 2620000, "PNU": "1162010200106100371", "공공도서관": 0, "유치원": 4, "어린이집": 16, "중고등학교": 4, "초등학교": 2, "지하철역": 0, "주민센터": 2, "대학교": 0, "병원": 1, "버스정류장": 51, "대형점포": 3, "공연장": 0, "공원": 3, "신규임대유형": "청년"}}, {"type": "Feature", "geometry": {"type": "Point", "coordinates": [126.9245653, 37.4756169]}, "properties": {"id": "1741", "gu": "관악구", "dong": "신림동", "jibun": "610-376", "addr": "관악구 신림동 610-376", "대지면적": "0.00", "건폐율": "59.90", "용적률": "166.49", "주택형태": "단독주택", "노후년수": "31.3", "임대세대수": "6", "지형높이": "급경사", "지형형상": "가로장방", "도로접면": "세로한면(가)", "OSC공법": "소형", "공시지가_2026": 2623000, "PNU": "1162010200106100376", "공공도서관": 0, "유치원": 5, "어린이집": 15, "중고등학교": 6, "초등학교": 2, "지하철역": 0, "주민센터": 2, "대학교": 0, "병원": 1, "버스정류장": 50, "대형점포": 3, "공연장": 0, "공원": 3, "신규임대유형": "청년"}}, {"type": "Feature", "geometry": {"type": "Point", "coordinates": [126.9212074, 37.473409]}, "properties": {"id": "1742", "gu": "관악구", "dong": "신림동", "jibun": "610-496", "addr": "관악구 신림동 610-496", "대지면적": "163.94", "건폐율": "59.93", "용적률": "164.64", "주택형태": "단독주택", "노후년수": "31.7", "임대세대수": "5", "지형높이": "완경사", "지형형상": "세로장방", "도로접면": "세로각지(가)", "OSC공법": "소형", "공시지가_2026": 3636000, "PNU": "1162010200106100496", "공공도서관": 0, "유치원": 4, "어린이집": 15, "중고등학교": 4, "초등학교": 3, "지하철역": 0, "주민센터": 1, "대학교": 0, "병원": 1, "버스정류장": 45, "대형점포": 2, "공연장": 0, "공원": 2, "신규임대유형": "유지"}}, {"type": "Feature", "geometry": {"type": "Point", "coordinates": [126.9232209, 37.4735153]}, "properties": {"id": "1743", "gu": "관악구", "dong": "신림동", "jibun": "610-502", "addr": "관악구 신림동 610-502", "대지면적": "165.00", "건폐율": "59.30", "용적률": "152.93", "주택형태": "단독주택", "노후년수": "31.5", "임대세대수": "6", "지형높이": "완경사", "지형형상": "부정형", "도로접면": "세로한면(가)", "OSC공법": "소형", "공시지가_2026": 2606000, "PNU": "1162010200106100502", "공공도서관": 0, "유치원": 4, "어린이집": 13, "중고등학교": 3, "초등학교": 4, "지하철역": 0, "주민센터": 1, "대학교": 0, "병원": 1, "버스정류장": 44, "대형점포": 2, "공연장": 0, "공원": 2, "신규임대유형": "청년"}}, {"type": "Feature", "geometry": {"type": "Point", "coordinates": [126.9239096, 37.473874]}, "properties": {"id": "1744", "gu": "관악구", "dong": "신림동", "jibun": "610-514", "addr": "관악구 신림동 610-514", "대지면적": "165.00", "건폐율": "58.87", "용적률": "110.60", "주택형태": "단독주택", "노후년수": "30.8", "임대세대수": "9", "지형높이": "급경사", "지형형상": "세로장방", "도로접면": "세로한면(가)", "OSC공법": "소형", "공시지가_2026": 2674000, "PNU": "1162010200106100514", "공공도서관": 0, "유치원": 4, "어린이집": 16, "중고등학교": 3, "초등학교": 3, "지하철역": 0, "주민센터": 1, "대학교": 0, "병원": 1, "버스정류장": 43, "대형점포": 3, "공연장": 0, "공원": 3, "신규임대유형": "청년"}}, {"type": "Feature", "geometry": {"type": "Point", "coordinates": [126.9228128, 37.4744867]}, "properties": {"id": "1745", "gu": "관악구", "dong": "신림동", "jibun": "610-535", "addr": "관악구 신림동 610-535", "대지면적": "162.00", "건폐율": "56.93", "용적률": "108.67", "주택형태": "단독주택", "노후년수": "31.3", "임대세대수": "7", "지형높이": "완경사", "지형형상": "세로장방", "도로접면": "세로한면(가)", "OSC공법": "소형", "공시지가_2026": 3299000, "PNU": "1162010200106100535", "공공도서관": 0, "유치원": 3, "어린이집": 17, "중고등학교": 5, "초등학교": 2, "지하철역": 0, "주민센터": 1, "대학교": 0, "병원": 1, "버스정류장": 44, "대형점포": 2, "공연장": 0, "공원": 2, "신규임대유형": "신혼부부"}}, {"type": "Feature", "geometry": {"type": "Point", "coordinates": [126.9244647, 37.4744969]}, "properties": {"id": "1747", "gu": "관악구", "dong": "신림동", "jibun": "610-587", "addr": "관악구 신림동 610-587", "대지면적": "155.00", "건폐율": "0.00", "용적률": "109.23", "주택형태": "단독주택", "노후년수": "33.7", "임대세대수": "5", "지형높이": "완경사", "지형형상": "가로장방", "도로접면": "세로각지(가)", "OSC공법": "소형", "공시지가_2026": 2934000, "PNU": "1162010200106100587", "공공도서관": 0, "유치원": 4, "어린이집": 16, "중고등학교": 4, "초등학교": 2, "지하철역": 0, "주민센터": 1, "대학교": 0, "병원": 1, "버스정류장": 45, "대형점포": 3, "공연장": 0, "공원": 3, "신규임대유형": "청년"}}, {"type": "Feature", "geometry": {"type": "Point", "coordinates": [126.9194457, 37.473915]}, "properties": {"id": "1748", "gu": "관악구", "dong": "신림동", "jibun": "611-36", "addr": "관악구 신림동 611-36", "대지면적": "152.00", "건폐율": "0.00", "용적률": "152.18", "주택형태": "단독주택", "노후년수": "37.5", "임대세대수": "4", "지형높이": "평지", "지형형상": "사다리형", "도로접면": "세로한면(가)", "OSC공법": "소형", "공시지가_2026": 3716000, "PNU": "1162010200106110036", "공공도서관": 0, "유치원": 5, "어린이집": 16, "중고등학교": 7, "초등학교": 4, "지하철역": 0, "주민센터": 1, "대학교": 0, "병원": 1, "버스정류장": 50, "대형점포": 2, "공연장": 0, "공원": 2, "신규임대유형": "청년"}}, {"type": "Feature", "geometry": {"type": "Point", "coordinates": [126.9222391, 37.474808]}, "properties": {"id": "1749", "gu": "관악구", "dong": "신림동", "jibun": "611-69", "addr": "관악구 신림동 611-69", "대지면적": "165.00", "건폐율": "59.88", "용적률": "143.09", "주택형태": "단독주택", "노후년수": "26.5", "임대세대수": "5", "지형높이": "완경사", "지형형상": "세로장방", "도로접면": "세로한면(가)", "OSC공법": "소형", "공시지가_2026": 3624000, "PNU": "1162010200106110069", "공공도서관": 0, "유치원": 3, "어린이집": 15, "중고등학교": 5, "초등학교": 2, "지하철역": 0, "주민센터": 1, "대학교": 0, "병원": 1, "버스정류장": 45, "대형점포": 2, "공연장": 0, "공원": 2, "신규임대유형": "청년"}}, {"type": "Feature", "geometry": {"type": "Point", "coordinates": [126.9196158, 37.4731642]}, "properties": {"id": "1750", "gu": "관악구", "dong": "신림동", "jibun": "618-10", "addr": "관악구 신림동 618-10", "대지면적": "162.00", "건폐율": "59.73", "용적률": "0.00", "주택형태": "단독주택", "노후년수": "29.2", "임대세대수": "5", "지형높이": "평지", "지형형상": "세로장방", "도로접면": "세로한면(가)", "OSC공법": "소형", "공시지가_2026": 5229000, "PNU": "1162010200106180010", "공공도서관": 0, "유치원": 5, "어린이집": 16, "중고등학교": 5, "초등학교": 3, "지하철역": 0, "주민센터": 1, "대학교": 0, "병원": 1, "버스정류장": 50, "대형점포": 2, "공연장": 0, "공원": 2, "신규임대유형": "청년"}}, {"type": "Feature", "geometry": {"type": "Point", "coordinates": [126.9203629, 37.4720268]}, "properties": {"id": "1751", "gu": "관악구", "dong": "신림동", "jibun": "622-11", "addr": "관악구 신림동 622-11", "대지면적": "0.00", "건폐율": "58.27", "용적률": "0.00", "주택형태": "단독주택", "노후년수": "31.2", "임대세대수": "7", "지형높이": "평지", "지형형상": "사다리형", "도로접면": "세로한면(불)", "OSC공법": "소형", "공시지가_2026": 3262000, "PNU": "1162010200106220011", "공공도서관": 0, "유치원": 3, "어린이집": 18, "중고등학교": 3, "초등학교": 2, "지하철역": 0, "주민센터": 1, "대학교": 0, "병원": 1, "버스정류장": 46, "대형점포": 2, "공연장": 0, "공원": 2, "신규임대유형": "청년"}}, {"type": "Feature", "geometry": {"type": "Point", "coordinates": [126.9225437, 37.4726266]}, "properties": {"id": "1752", "gu": "관악구", "dong": "신림동", "jibun": "626-58", "addr": "관악구 신림동 626-58", "대지면적": "0.00", "건폐율": "57.92", "용적률": "167.45", "주택형태": "단독주택", "노후년수": "28.5", "임대세대수": "4", "지형높이": "완경사", "지형형상": "정방형", "도로접면": "세로한면(가)", "OSC공법": "소형", "공시지가_2026": 3457000, "PNU": "1162010200106260058", "공공도서관": 0, "유치원": 4, "어린이집": 15, "중고등학교": 3, "초등학교": 4, "지하철역": 0, "주민센터": 1, "대학교": 0, "병원": 1, "버스정류장": 37, "대형점포": 2, "공연장": 0, "공원": 2, "신규임대유형": "청년"}}, {"type": "Feature", "geometry": {"type": "Point", "coordinates": [126.9225581, 37.4710177]}, "properties": {"id": "1754", "gu": "관악구", "dong": "신림동", "jibun": "629-54", "addr": "관악구 신림동 629-54", "대지면적": "152.00", "건폐율": "0.00", "용적률": "93.20", "주택형태": "단독주택", "노후년수": "35.4", "임대세대수": "5", "지형높이": "완경사", "지형형상": "정방형", "도로접면": "세로한면(가)", "OSC공법": "소형", "공시지가_2026": 3514000, "PNU": "1162010200106290054", "공공도서관": 0, "유치원": 5, "어린이집": 15, "중고등학교": 6, "초등학교": 3, "지하철역": 0, "주민센터": 1, "대학교": 0, "병원": 1, "버스정류장": 34, "대형점포": 2, "공연장": 0, "공원": 2, "신규임대유형": "청년"}}, {"type": "Feature", "geometry": {"type": "Point", "coordinates": [126.9215452, 37.4707144]}, "properties": {"id": "1755", "gu": "관악구", "dong": "신림동", "jibun": "633-25", "addr": "관악구 신림동 633-25", "대지면적": "126.00", "건폐율": "59.90", "용적률": "106.07", "주택형태": "단독주택", "노후년수": "29.4", "임대세대수": "6", "지형높이": "평지", "지형형상": "세로장방", "도로접면": "세로한면(가)", "OSC공법": "소형", "공시지가_2026": 3663000, "PNU": "1162010200106330025", "공공도서관": 0, "유치원": 4, "어린이집": 16, "중고등학교": 6, "초등학교": 3, "지하철역": 0, "주민센터": 1, "대학교": 0, "병원": 1, "버스정류장": 38, "대형점포": 2, "공연장": 0, "공원": 2, "신규임대유형": "청년"}}, {"type": "Feature", "geometry": {"type": "Point", "coordinates": [126.9219974, 37.4695699]}, "properties": {"id": "1756", "gu": "관악구", "dong": "신림동", "jibun": "639-13", "addr": "관악구 신림동 639-13", "대지면적": "180.00", "건폐율": "58.89", "용적률": "108.78", "주택형태": "단독주택", "노후년수": "28.4", "임대세대수": "6", "지형높이": "평지", "지형형상": "사다리형", "도로접면": "세로각지(가)", "OSC공법": "소형", "공시지가_2026": 3770000, "PNU": "1162010200106390013", "공공도서관": 0, "유치원": 4, "어린이집": 15, "중고등학교": 6, "초등학교": 2, "지하철역": 0, "주민센터": 1, "대학교": 0, "병원": 1, "버스정류장": 41, "대형점포": 2, "공연장": 0, "공원": 2, "신규임대유형": "청년"}}, {"type": "Feature", "geometry": {"type": "Point", "coordinates": [126.9250603, 37.4701804]}, "properties": {"id": "1757", "gu": "관악구", "dong": "신림동", "jibun": "646-288", "addr": "관악구 신림동 646-288", "대지면적": "102.00", "건폐율": "53.12", "용적률": "0.00", "주택형태": "단독주택", "노후년수": "28.4", "임대세대수": "6", "지형높이": "급경사", "지형형상": "사다리형", "도로접면": "세로한면(불)", "OSC공법": "소형", "공시지가_2026": 2214000, "PNU": "1162010200106460288", "공공도서관": 0, "유치원": 6, "어린이집": 14, "중고등학교": 8, "초등학교": 3, "지하철역": 0, "주민센터": 1, "대학교": 0, "병원": 1, "버스정류장": 49, "대형점포": 2, "공연장": 0, "공원": 2, "신규임대유형": "청년"}}, {"type": "Feature", "geometry": {"type": "Point", "coordinates": [126.9250409, 37.4700584]}, "properties": {"id": "1758", "gu": "관악구", "dong": "신림동", "jibun": "646-289", "addr": "관악구 신림동 646-289", "대지면적": "0.00", "건폐율": "59.29", "용적률": "143.60", "주택형태": "단독주택", "노후년수": "31.6", "임대세대수": "6", "지형높이": "급경사", "지형형상": "정방형", "도로접면": "세로한면(불)", "OSC공법": "소형", "공시지가_2026": 2307000, "PNU": "1162010200106460289", "공공도서관": 0, "유치원": 5, "어린이집": 14, "중고등학교": 8, "초등학교": 2, "지하철역": 0, "주민센터": 1, "대학교": 0, "병원": 1, "버스정류장": 48, "대형점포": 2, "공연장": 0, "공원": 2, "신규임대유형": "청년"}}, {"type": "Feature", "geometry": {"type": "Point", "coordinates": [126.9225052, 37.4674149]}, "properties": {"id": "1762", "gu": "관악구", "dong": "신림동", "jibun": "652-99", "addr": "관악구 신림동 652-99", "대지면적": "173.05", "건폐율": "59.98", "용적률": "144.94", "주택형태": "단독주택", "노후년수": "27.4", "임대세대수": "8", "지형높이": "완경사", "지형형상": "사다리형", "도로접면": "세로한면(가)", "OSC공법": "소형", "공시지가_2026": 2810000, "PNU": "1162010200106520099", "공공도서관": 0, "유치원": 5, "어린이집": 17, "중고등학교": 6, "초등학교": 3, "지하철역": 0, "주민센터": 2, "대학교": 0, "병원": 0, "버스정류장": 39, "대형점포": 1, "공연장": 0, "공원": 1, "신규임대유형": "유지"}}, {"type": "Feature", "geometry": {"type": "Point", "coordinates": [126.9165625, 37.4624869]}, "properties": {"id": "1764", "gu": "관악구", "dong": "신림동", "jibun": "673-31", "addr": "관악구 신림동 673-31", "대지면적": "126.00", "건폐율": "59.62", "용적률": "99.53", "주택형태": "단독주택", "노후년수": "32.0", "임대세대수": "7", "지형높이": "평지", "지형형상": "세로장방", "도로접면": "세로한면(가)", "OSC공법": "소형", "공시지가_2026": 3216000, "PNU": "1162010200106730031", "공공도서관": 0, "유치원": 2, "어린이집": 13, "중고등학교": 1, "초등학교": 3, "지하철역": 0, "주민센터": 1, "대학교": 0, "병원": 0, "버스정류장": 24, "대형점포": 0, "공연장": 0, "공원": 0, "신규임대유형": "청년"}}, {"type": "Feature", "geometry": {"type": "Point", "coordinates": [126.9163596, 37.4624016]}, "properties": {"id": "1765", "gu": "관악구", "dong": "신림동", "jibun": "673-77", "addr": "관악구 신림동 673-77", "대지면적": "178.52", "건폐율": "59.41", "용적률": "148.08", "주택형태": "단독주택", "노후년수": "31.6", "임대세대수": "8", "지형높이": "평지", "지형형상": "사다리형", "도로접면": "세로각지(가)", "OSC공법": "소형", "공시지가_2026": 3241000, "PNU": "1162010200106730077", "공공도서관": 0, "유치원": 2, "어린이집": 12, "중고등학교": 1, "초등학교": 3, "지하철역": 0, "주민센터": 1, "대학교": 0, "병원": 0, "버스정류장": 25, "대형점포": 0, "공연장": 0, "공원": 0, "신규임대유형": "청년"}}, {"type": "Feature", "geometry": {"type": "Point", "coordinates": [126.9154945, 37.4630406]}, "properties": {"id": "1766", "gu": "관악구", "dong": "신림동", "jibun": "675-97", "addr": "관악구 신림동 675-97", "대지면적": "116.00", "건폐율": "58.39", "용적률": "106.98", "주택형태": "단독주택", "노후년수": "31.1", "임대세대수": "5", "지형높이": "완경사", "지형형상": "사다리형", "도로접면": "소로한면", "OSC공법": "중형", "공시지가_2026": 2586000, "PNU": "1162010200106750097", "공공도서관": 0, "유치원": 3, "어린이집": 15, "중고등학교": 2, "초등학교": 4, "지하철역": 0, "주민센터": 1, "대학교": 0, "병원": 0, "버스정류장": 31, "대형점포": 0, "공연장": 0, "공원": 0, "신규임대유형": "청년"}}, {"type": "Feature", "geometry": {"type": "Point", "coordinates": [126.9160982, 37.4631281]}, "properties": {"id": "1767", "gu": "관악구", "dong": "신림동", "jibun": "675-107", "addr": "관악구 신림동 675-107", "대지면적": "", "건폐율": "", "용적률": "", "주택형태": "", "노후년수": "", "임대세대수": "", "지형높이": "완경사", "지형형상": "세로장방", "도로접면": "세로한면(가)", "OSC공법": "소형", "공시지가_2026": 2515000, "PNU": "1162010200106750107", "공공도서관": 0, "유치원": 3, "어린이집": 13, "중고등학교": 2, "초등학교": 4, "지하철역": 0, "주민센터": 1, "대학교": 0, "병원": 0, "버스정류장": 25, "대형점포": 0, "공연장": 0, "공원": 0, "신규임대유형": "청년"}}, {"type": "Feature", "geometry": {"type": "Point", "coordinates": [126.9188545, 37.4713751]}, "properties": {"id": "1768", "gu": "관악구", "dong": "신림동", "jibun": "706-14", "addr": "관악구 신림동 706-14", "대지면적": "0.00", "건폐율": "59.87", "용적률": "0.00", "주택형태": "단독주택", "노후년수": "30.5", "임대세대수": "5", "지형높이": "평지", "지형형상": "사다리형", "도로접면": "세로한면(가)", "OSC공법": "소형", "공시지가_2026": 3161000, "PNU": "1162010200107060014", "공공도서관": 0, "유치원": 3, "어린이집": 18, "중고등학교": 4, "초등학교": 2, "지하철역": 0, "주민센터": 1, "대학교": 0, "병원": 1, "버스정류장": 53, "대형점포": 2, "공연장": 0, "공원": 2, "신규임대유형": "청년"}}, {"type": "Feature", "geometry": {"type": "Point", "coordinates": [126.9187665, 37.471571]}, "properties": {"id": "1769", "gu": "관악구", "dong": "신림동", "jibun": "706-98", "addr": "관악구 신림동 706-98", "대지면적": "97.61", "건폐율": "0.00", "용적률": "102.40", "주택형태": "단독주택", "노후년수": "33.4", "임대세대수": "6", "지형높이": "평지", "지형형상": "사다리형", "도로접면": "세로한면(가)", "OSC공법": "소형", "공시지가_2026": 3161000, "PNU": "1162010200107060098", "공공도서관": 0, "유치원": 3, "어린이집": 18, "중고등학교": 4, "초등학교": 2, "지하철역": 0, "주민센터": 1, "대학교": 0, "병원": 1, "버스정류장": 53, "대형점포": 2, "공연장": 0, "공원": 2, "신규임대유형": "청년"}}, {"type": "Feature", "geometry": {"type": "Point", "coordinates": [126.9181804, 37.4716083]}, "properties": {"id": "1770", "gu": "관악구", "dong": "신림동", "jibun": "709-1", "addr": "관악구 신림동 709-1", "대지면적": "", "건폐율": "", "용적률": "", "주택형태": "", "노후년수": "", "임대세대수": "", "지형높이": "평지", "지형형상": "부정형", "도로접면": "세로한면(가)", "OSC공법": "소형", "공시지가_2026": 3079000, "PNU": "1162010200107090001", "공공도서관": 0, "유치원": 3, "어린이집": 18, "중고등학교": 4, "초등학교": 2, "지하철역": 0, "주민센터": 1, "대학교": 0, "병원": 1, "버스정류장": 53, "대형점포": 2, "공연장": 0, "공원": 2, "신규임대유형": "청년"}}, {"type": "Feature", "geometry": {"type": "Point", "coordinates": [126.9181304, 37.4700957]}, "properties": {"id": "1771", "gu": "관악구", "dong": "신림동", "jibun": "711-13", "addr": "관악구 신림동 711-13", "대지면적": "255.00", "건폐율": "0.00", "용적률": "0.00", "주택형태": "단독주택", "노후년수": "33.2", "임대세대수": "5", "지형높이": "완경사", "지형형상": "사다리형", "도로접면": "세로한면(가)", "OSC공법": "소형", "공시지가_2026": 2973000, "PNU": "1162010200107110013", "공공도서관": 0, "유치원": 3, "어린이집": 18, "중고등학교": 4, "초등학교": 2, "지하철역": 0, "주민센터": 1, "대학교": 0, "병원": 1, "버스정류장": 45, "대형점포": 2, "공연장": 0, "공원": 2, "신규임대유형": "청년"}}, {"type": "Feature", "geometry": {"type": "Point", "coordinates": [126.9186524, 37.4706253]}, "properties": {"id": "1772", "gu": "관악구", "dong": "신림동", "jibun": "711-78", "addr": "관악구 신림동 711-78", "대지면적": "0.00", "건폐율": "59.95", "용적률": "142.41", "주택형태": "단독주택", "노후년수": "30.5", "임대세대수": "3", "지형높이": "평지", "지형형상": "사다리형", "도로접면": "세로각지(가)", "OSC공법": "소형", "공시지가_2026": 3377000, "PNU": "1162010200107110078", "공공도서관": 0, "유치원": 3, "어린이집": 18, "중고등학교": 4, "초등학교": 2, "지하철역": 0, "주민센터": 1, "대학교": 0, "병원": 1, "버스정류장": 48, "대형점포": 2, "공연장": 0, "공원": 2, "신규임대유형": "청년"}}, {"type": "Feature", "geometry": {"type": "Point", "coordinates": [126.9188506, 37.4704973]}, "properties": {"id": "1773", "gu": "관악구", "dong": "신림동", "jibun": "711-79", "addr": "관악구 신림동 711-79", "대지면적": "", "건폐율": "", "용적률": "", "주택형태": "", "노후년수": "", "임대세대수": "", "지형높이": "완경사", "지형형상": "세로장방", "도로접면": "세로각지(가)", "OSC공법": "소형", "공시지가_2026": 3228000, "PNU": "1162010200107110079", "공공도서관": 0, "유치원": 3, "어린이집": 18, "중고등학교": 3, "초등학교": 2, "지하철역": 0, "주민센터": 1, "대학교": 0, "병원": 1, "버스정류장": 48, "대형점포": 2, "공연장": 0, "공원": 2, "신규임대유형": "청년"}}, {"type": "Feature", "geometry": {"type": "Point", "coordinates": [126.9144066, 37.4750916]}, "properties": {"id": "1775", "gu": "관악구", "dong": "신림동", "jibun": "748-28", "addr": "관악구 신림동 748-28", "대지면적": "82.10", "건폐율": "57.38", "용적률": "0.00", "주택형태": "단독주택", "노후년수": "31.1", "임대세대수": "5", "지형높이": "평지", "지형형상": "부정형", "도로접면": "세로한면(가)", "OSC공법": "소형", "공시지가_2026": 3573000, "PNU": "1162010200107480028", "공공도서관": 0, "유치원": 18, "어린이집": 15, "중고등학교": 5, "초등학교": 5, "지하철역": 0, "주민센터": 1, "대학교": 0, "병원": 2, "버스정류장": 60, "대형점포": 2, "공연장": 0, "공원": 2, "신규임대유형": "유지"}}, {"type": "Feature", "geometry": {"type": "Point", "coordinates": [126.9144304, 37.4747509]}, "properties": {"id": "1776", "gu": "관악구", "dong": "신림동", "jibun": "752-10", "addr": "관악구 신림동 752-10", "대지면적": "118.69", "건폐율": "59.86", "용적률": "97.50", "주택형태": "단독주택", "노후년수": "22.4", "임대세대수": "5", "지형높이": "평지", "지형형상": "사다리형", "도로접면": "세로한면(가)", "OSC공법": "소형", "공시지가_2026": 4189000, "PNU": "1162010200107520010", "공공도서관": 0, "유치원": 18, "어린이집": 14, "중고등학교": 5, "초등학교": 5, "지하철역": 0, "주민센터": 1, "대학교": 0, "병원": 1, "버스정류장": 59, "대형점포": 2, "공연장": 0, "공원": 2, "신규임대유형": "청년"}}, {"type": "Feature", "geometry": {"type": "Point", "coordinates": [126.9222691, 37.4885966]}, "properties": {"id": "1778", "gu": "관악구", "dong": "신림동", "jibun": "1449-32", "addr": "관악구 신림동 1449-32", "대지면적": "175.00", "건폐율": "0.00", "용적률": "103.78", "주택형태": "단독주택", "노후년수": "33.8", "임대세대수": "5", "지형높이": "평지", "지형형상": "사다리형", "도로접면": "세로한면(가)", "OSC공법": "소형", "공시지가_2026": 5070000, "PNU": "1162010200114490032", "공공도서관": 0, "유치원": 5, "어린이집": 18, "중고등학교": 3, "초등학교": 3, "지하철역": 0, "주민센터": 2, "대학교": 0, "병원": 1, "버스정류장": 50, "대형점포": 2, "공연장": 0, "공원": 2, "신규임대유형": "청년"}}, {"type": "Feature", "geometry": {"type": "Point", "coordinates": [126.9244813, 37.4893155]}, "properties": {"id": "1779", "gu": "관악구", "dong": "신림동", "jibun": "1450-7", "addr": "관악구 신림동 1450-7", "대지면적": "0.00", "건폐율": "59.65", "용적률": "107.43", "주택형태": "단독주택", "노후년수": "28.8", "임대세대수": "6", "지형높이": "평지", "지형형상": "세로장방", "도로접면": "세로한면(가)", "OSC공법": "소형", "공시지가_2026": 5621000, "PNU": "1162010200114500007", "공공도서관": 0, "유치원": 3, "어린이집": 20, "중고등학교": 2, "초등학교": 2, "지하철역": 1, "주민센터": 3, "대학교": 0, "병원": 2, "버스정류장": 47, "대형점포": 4, "공연장": 0, "공원": 4, "신규임대유형": "청년"}}, {"type": "Feature", "geometry": {"type": "Point", "coordinates": [126.9126857, 37.4791019]}, "properties": {"id": "1780", "gu": "관악구", "dong": "신림동", "jibun": "1491-8", "addr": "관악구 신림동 1491-8", "대지면적": "104.10", "건폐율": "57.37", "용적률": "136.70", "주택형태": "단독주택", "노후년수": "31.3", "임대세대수": "6", "지형높이": "평지", "지형형상": "자루형", "도로접면": "세로한면(가)", "OSC공법": "소형", "공시지가_2026": 3800000, "PNU": "1162010200114910008", "공공도서관": 1, "유치원": 3, "어린이집": 13, "중고등학교": 7, "초등학교": 4, "지하철역": 0, "주민센터": 1, "대학교": 0, "병원": 7, "버스정류장": 68, "대형점포": 2, "공연장": 0, "공원": 2, "신규임대유형": "청년"}}, {"type": "Feature", "geometry": {"type": "Point", "coordinates": [126.9342745, 37.4666722]}, "properties": {"id": "1783", "gu": "관악구", "dong": "신림동", "jibun": "1561-19", "addr": "관악구 신림동 1561-19", "대지면적": "175.90", "건폐율": "59.14", "용적률": "168.06", "주택형태": "단독주택", "노후년수": "28.0", "임대세대수": "17", "지형높이": "완경사", "지형형상": "정방형", "도로접면": "소로한면", "OSC공법": "중형", "공시지가_2026": 4735000, "PNU": "1162010200115610019", "공공도서관": 0, "유치원": 4, "어린이집": 8, "중고등학교": 6, "초등학교": 4, "지하철역": 0, "주민센터": 2, "대학교": 0, "병원": 0, "버스정류장": 41, "대형점포": 2, "공연장": 1, "공원": 2, "신규임대유형": "청년"}}, {"type": "Feature", "geometry": {"type": "Point", "coordinates": [126.9146062, 37.4739925]}, "properties": {"id": "1784", "gu": "관악구", "dong": "신림동", "jibun": "1563-32", "addr": "관악구 신림동 1563-32", "대지면적": "234.00", "건폐율": "59.99", "용적률": "99.89", "주택형태": "단독주택", "노후년수": "27.4", "임대세대수": "7", "지형높이": "완경사", "지형형상": "정방형", "도로접면": "세로한면(가)", "OSC공법": "소형", "공시지가_2026": 4005000, "PNU": "1162010200115630032", "공공도서관": 0, "유치원": 18, "어린이집": 16, "중고등학교": 5, "초등학교": 5, "지하철역": 0, "주민센터": 1, "대학교": 0, "병원": 1, "버스정류장": 58, "대형점포": 2, "공연장": 1, "공원": 2, "신규임대유형": "청년"}}, {"type": "Feature", "geometry": {"type": "Point", "coordinates": [126.9146877, 37.4739047]}, "properties": {"id": "1785", "gu": "관악구", "dong": "신림동", "jibun": "1563-33", "addr": "관악구 신림동 1563-33", "대지면적": "166.10", "건폐율": "59.47", "용적률": "177.61", "주택형태": "단독주택", "노후년수": "26.5", "임대세대수": "6", "지형높이": "완경사", "지형형상": "정방형", "도로접면": "세로한면(가)", "OSC공법": "소형", "공시지가_2026": 4005000, "PNU": "1162010200115630033", "공공도서관": 0, "유치원": 18, "어린이집": 17, "중고등학교": 5, "초등학교": 5, "지하철역": 0, "주민센터": 1, "대학교": 0, "병원": 1, "버스정류장": 59, "대형점포": 2, "공연장": 1, "공원": 2, "신규임대유형": "청년"}}, {"type": "Feature", "geometry": {"type": "Point", "coordinates": [126.9149951, 37.4743653]}, "properties": {"id": "1786", "gu": "관악구", "dong": "신림동", "jibun": "1563-54", "addr": "관악구 신림동 1563-54", "대지면적": "166.80", "건폐율": "59.76", "용적률": "170.81", "주택형태": "단독주택", "노후년수": "26.4", "임대세대수": "7", "지형높이": "완경사", "지형형상": "정방형", "도로접면": "세로각지(가)", "OSC공법": "소형", "공시지가_2026": 4205000, "PNU": "1162010200115630054", "공공도서관": 0, "유치원": 18, "어린이집": 17, "중고등학교": 5, "초등학교": 5, "지하철역": 0, "주민센터": 1, "대학교": 0, "병원": 1, "버스정류장": 55, "대형점포": 2, "공연장": 0, "공원": 2, "신규임대유형": "청년"}}, {"type": "Feature", "geometry": {"type": "Point", "coordinates": [126.9407332, 37.4762865]}, "properties": {"id": "1788", "gu": "관악구", "dong": "신림동", "jibun": "1564-24", "addr": "관악구 신림동 1564-24", "대지면적": "0.00", "건폐율": "59.67", "용적률": "178.42", "주택형태": "단독주택", "노후년수": "31.3", "임대세대수": "9", "지형높이": "급경사", "지형형상": "정방형", "도로접면": "세로한면(가)", "OSC공법": "소형", "공시지가_2026": 3229000, "PNU": "1162010200115640024", "공공도서관": 0, "유치원": 4, "어린이집": 17, "중고등학교": 4, "초등학교": 2, "지하철역": 1, "주민센터": 3, "대학교": 0, "병원": 1, "버스정류장": 45, "대형점포": 3, "공연장": 0, "공원": 3, "신규임대유형": "청년"}}, {"type": "Feature", "geometry": {"type": "Point", "coordinates": [126.9183599, 37.4821065]}, "properties": {"id": "1789", "gu": "관악구", "dong": "신림동", "jibun": "1570-12", "addr": "관악구 신림동 1570-12", "대지면적": "173.80", "건폐율": "59.87", "용적률": "175.88", "주택형태": "단독주택", "노후년수": "31.5", "임대세대수": "5", "지형높이": "평지", "지형형상": "정방형", "도로접면": "세로한면(가)", "OSC공법": "소형", "공시지가_2026": 4966000, "PNU": "1162010200115700012", "공공도서관": 0, "유치원": 4, "어린이집": 16, "중고등학교": 4, "초등학교": 3, "지하철역": 1, "주민센터": 1, "대학교": 0, "병원": 3, "버스정류장": 55, "대형점포": 1, "공연장": 0, "공원": 1, "신규임대유형": "청년"}}, {"type": "Feature", "geometry": {"type": "Point", "coordinates": [126.9194486, 37.4823076]}, "properties": {"id": "1790", "gu": "관악구", "dong": "신림동", "jibun": "1571-6", "addr": "관악구 신림동 1571-6", "대지면적": "158.20", "건폐율": "40.23", "용적률": "0.00", "주택형태": "단독주택", "노후년수": "31.9", "임대세대수": "5", "지형높이": "평지", "지형형상": "자루형", "도로접면": "세로한면(가)", "OSC공법": "소형", "공시지가_2026": 4203000, "PNU": "1162010200115710006", "공공도서관": 0, "유치원": 4, "어린이집": 14, "중고등학교": 4, "초등학교": 3, "지하철역": 0, "주민센터": 1, "대학교": 0, "병원": 3, "버스정류장": 58, "대형점포": 1, "공연장": 0, "공원": 1, "신규임대유형": "청년"}}, {"type": "Feature", "geometry": {"type": "Point", "coordinates": [126.9194753, 37.48214]}, "properties": {"id": "1791", "gu": "관악구", "dong": "신림동", "jibun": "1571-21", "addr": "관악구 신림동 1571-21", "대지면적": "165.90", "건폐율": "58.50", "용적률": "148.45", "주택형태": "단독주택", "노후년수": "31.4", "임대세대수": "7", "지형높이": "평지", "지형형상": "세로장방", "도로접면": "소로한면", "OSC공법": "", "공시지가_2026": 5830000, "PNU": "1162010200115710021", "공공도서관": 0, "유치원": 4, "어린이집": 15, "중고등학교": 4, "초등학교": 3, "지하철역": 0, "주민센터": 1, "대학교": 0, "병원": 3, "버스정류장": 60, "대형점포": 1, "공연장": 0, "공원": 1, "신규임대유형": "청년"}}, {"type": "Feature", "geometry": {"type": "Point", "coordinates": [126.9193352, 37.4821454]}, "properties": {"id": "1792", "gu": "관악구", "dong": "신림동", "jibun": "1571-22", "addr": "관악구 신림동 1571-22", "대지면적": "236.70", "건폐율": "59.30", "용적률": "117.77", "주택형태": "단독주택", "노후년수": "31.3", "임대세대수": "8", "지형높이": "평지", "지형형상": "세로장방", "도로접면": "소로한면", "OSC공법": "중형", "공시지가_2026": 5830000, "PNU": "1162010200115710022", "공공도서관": 0, "유치원": 4, "어린이집": 16, "중고등학교": 4, "초등학교": 3, "지하철역": 0, "주민센터": 1, "대학교": 0, "병원": 3, "버스정류장": 58, "대형점포": 1, "공연장": 0, "공원": 1, "신규임대유형": "청년"}}, {"type": "Feature", "geometry": {"type": "Point", "coordinates": [126.9195179, 37.4818513]}, "properties": {"id": "1793", "gu": "관악구", "dong": "신림동", "jibun": "1573-6", "addr": "관악구 신림동 1573-6", "대지면적": "233.10", "건폐율": "59.88", "용적률": "79.89", "주택형태": "단독주택", "노후년수": "29.2", "임대세대수": "5", "지형높이": "평지", "지형형상": "정방형", "도로접면": "세로한면(가)", "OSC공법": "소형", "공시지가_2026": 4556000, "PNU": "1162010200115730006", "공공도서관": 0, "유치원": 4, "어린이집": 16, "중고등학교": 4, "초등학교": 3, "지하철역": 0, "주민센터": 1, "대학교": 0, "병원": 3, "버스정류장": 60, "대형점포": 1, "공연장": 0, "공원": 1, "신규임대유형": "청년"}}, {"type": "Feature", "geometry": {"type": "Point", "coordinates": [126.9195412, 37.4810827]}, "properties": {"id": "1794", "gu": "관악구", "dong": "신림동", "jibun": "1573-28", "addr": "관악구 신림동 1573-28", "대지면적": "118.50", "건폐율": "57.50", "용적률": "98.16", "주택형태": "단독주택", "노후년수": "26.7", "임대세대수": "12", "지형높이": "평지", "지형형상": "세로장방", "도로접면": "소로한면", "OSC공법": "중형", "공시지가_2026": 4829000, "PNU": "1162010200115730028", "공공도서관": 0, "유치원": 5, "어린이집": 16, "중고등학교": 4, "초등학교": 4, "지하철역": 0, "주민센터": 1, "대학교": 0, "병원": 3, "버스정류장": 66, "대형점포": 2, "공연장": 0, "공원": 2, "신규임대유형": "청년"}}, {"type": "Feature", "geometry": {"type": "Point", "coordinates": [126.9200647, 37.4810847]}, "properties": {"id": "1796", "gu": "관악구", "dong": "신림동", "jibun": "1574-31", "addr": "관악구 신림동 1574-31", "대지면적": "278.00", "건폐율": "58.26", "용적률": "99.56", "주택형태": "단독주택", "노후년수": "27.1", "임대세대수": "8", "지형높이": "평지", "지형형상": "세로장방", "도로접면": "세로각지(가)", "OSC공법": "소형", "공시지가_2026": 4831000, "PNU": "1162010200115740031", "공공도서관": 0, "유치원": 5, "어린이집": 16, "중고등학교": 4, "초등학교": 4, "지하철역": 0, "주민센터": 1, "대학교": 0, "병원": 5, "버스정류장": 67, "대형점포": 2, "공연장": 0, "공원": 2, "신규임대유형": "청년"}}, {"type": "Feature", "geometry": {"type": "Point", "coordinates": [126.9274054, 37.4787294]}, "properties": {"id": "1797", "gu": "관악구", "dong": "신림동", "jibun": "1629-6", "addr": "관악구 신림동 1629-6", "대지면적": "193.80", "건폐율": "0.00", "용적률": "105.86", "주택형태": "단독주택", "노후년수": "33.6", "임대세대수": "5", "지형높이": "평지", "지형형상": "사다리형", "도로접면": "세로각지(가)", "OSC공법": "소형", "공시지가_2026": 4608000, "PNU": "1162010200116290006", "공공도서관": 0, "유치원": 3, "어린이집": 14, "중고등학교": 4, "초등학교": 1, "지하철역": 1, "주민센터": 2, "대학교": 0, "병원": 5, "버스정류장": 52, "대형점포": 3, "공연장": 0, "공원": 3, "신규임대유형": "청년"}}, {"type": "Feature", "geometry": {"type": "Point", "coordinates": [126.9300819, 37.4785432]}, "properties": {"id": "1798", "gu": "관악구", "dong": "신림동", "jibun": "1631-38", "addr": "관악구 신림동 1631-38", "대지면적": "0.00", "건폐율": "59.56", "용적률": "114.99", "주택형태": "단독주택", "노후년수": "31.2", "임대세대수": "7", "지형높이": "평지", "지형형상": "자루형", "도로접면": "세로한면(가)", "OSC공법": "소형", "공시지가_2026": 4303000, "PNU": "1162010200116310038", "공공도서관": 0, "유치원": 3, "어린이집": 13, "중고등학교": 2, "초등학교": 1, "지하철역": 1, "주민센터": 2, "대학교": 0, "병원": 5, "버스정류장": 53, "대형점포": 4, "공연장": 0, "공원": 4, "신규임대유형": "청년"}}, {"type": "Feature", "geometry": {"type": "Point", "coordinates": [126.9053077, 37.4827887]}, "properties": {"id": "1799", "gu": "관악구", "dong": "신림동", "jibun": "1652-12", "addr": "관악구 신림동 1652-12", "대지면적": "201.90", "건폐율": "0.00", "용적률": "174.79", "주택형태": "단독주택", "노후년수": "34.3", "임대세대수": "5", "지형높이": "평지", "지형형상": "가로장방", "도로접면": "세로한면(가)", "OSC공법": "소형", "공시지가_2026": 4832000, "PNU": "1162010200116520012", "공공도서관": 2, "유치원": 4, "어린이집": 16, "중고등학교": 1, "초등학교": 3, "지하철역": 1, "주민센터": 1, "대학교": 0, "병원": 6, "버스정류장": 58, "대형점포": 3, "공연장": 4, "공원": 3, "신규임대유형": "청년"}}, {"type": "Feature", "geometry": {"type": "Point", "coordinates": [126.9221303, 37.4729707]}, "properties": {"id": "1800", "gu": "관악구", "dong": "신림동", "jibun": "1678-35", "addr": "관악구 신림동 1678-35", "대지면적": "0.00", "건폐율": "59.87", "용적률": "0.00", "주택형태": "단독주택", "노후년수": "23.7", "임대세대수": "10", "지형높이": "완경사", "지형형상": "정방형", "도로접면": "소로각지", "OSC공법": "중형", "공시지가_2026": 3532000, "PNU": "1162010200116780035", "공공도서관": 0, "유치원": 4, "어린이집": 16, "중고등학교": 3, "초등학교": 4, "지하철역": 0, "주민센터": 1, "대학교": 0, "병원": 1, "버스정류장": 40, "대형점포": 2, "공연장": 0, "공원": 2, "신규임대유형": "청년"}}, {"type": "Feature", "geometry": {"type": "Point", "coordinates": [126.9716227, 37.4738013]}, "properties": {"id": "1801", "gu": "관악구", "dong": "남현동", "jibun": "1053-12", "addr": "관악구 남현동 1053-12", "대지면적": "252.60", "건폐율": "49.75", "용적률": "106.33", "주택형태": "단독주택", "노후년수": "27.6", "임대세대수": "9", "지형높이": "완경사", "지형형상": "자루형", "도로접면": "세로한면(가)", "OSC공법": "소형", "공시지가_2026": 4464000, "PNU": "1162010300110530012", "공공도서관": 0, "유치원": 4, "어린이집": 16, "중고등학교": 4, "초등학교": 1, "지하철역": 0, "주민센터": 3, "대학교": 0, "병원": 1, "버스정류장": 28, "대형점포": 1, "공연장": 0, "공원": 1, "신규임대유형": "청년"}}, {"type": "Feature", "geometry": {"type": "Point", "coordinates": [126.815111, 37.5696132]}, "properties": {"id": "1358", "gu": "강서구", "dong": "방화동", "jibun": "251-21", "addr": "강서구 방화동 251-21", "대지면적": "215.00", "건폐율": "53.51", "용적률": "152.48", "주택형태": "단독주택", "노후년수": "22.4", "임대세대수": "5", "지형높이": "평지", "지형형상": "세로장방", "도로접면": "세로한면(가)", "OSC공법": "소형", "공시지가_2026": 3635000, "PNU": "1150010900102510021", "공공도서관": 0, "유치원": 8, "어린이집": 39, "중고등학교": 4, "초등학교": 3, "지하철역": 0, "주민센터": 1, "대학교": 0, "병원": 4, "버스정류장": 58, "대형점포": 3, "공연장": 0, "공원": 3, "신규임대유형": "청년"}}, {"type": "Feature", "geometry": {"type": "Point", "coordinates": [126.8082891, 37.5722367]}, "properties": {"id": "1360", "gu": "강서구", "dong": "방화동", "jibun": "536-14", "addr": "강서구 방화동 536-14", "대지면적": "166.00", "건폐율": "59.90", "용적률": "175.36", "주택형태": "단독주택", "노후년수": "27.3", "임대세대수": "5", "지형높이": "평지", "지형형상": "사다리형", "도로접면": "세로각지(가)", "OSC공법": "소형", "공시지가_2026": 3258000, "PNU": "1150010900105360014", "공공도서관": 0, "유치원": 7, "어린이집": 20, "중고등학교": 2, "초등학교": 3, "지하철역": 2, "주민센터": 1, "대학교": 0, "병원": 4, "버스정류장": 37, "대형점포": 2, "공연장": 0, "공원": 2, "신규임대유형": "유지"}}, {"type": "Feature", "geometry": {"type": "Point", "coordinates": [126.8109814, 37.5712695]}, "properties": {"id": "1361", "gu": "강서구", "dong": "방화동", "jibun": "564-65", "addr": "강서구 방화동 564-65", "대지면적": "283.54", "건폐율": "46.30", "용적률": "114.74", "주택형태": "단독주택", "노후년수": "30.0", "임대세대수": "7", "지형높이": "평지", "지형형상": "부정형", "도로접면": "세로한면(가)", "OSC공법": "소형", "공시지가_2026": 2889000, "PNU": "1150010900105640065", "공공도서관": 0, "유치원": 9, "어린이집": 27, "중고등학교": 5, "초등학교": 4, "지하철역": 2, "주민센터": 2, "대학교": 0, "병원": 4, "버스정류장": 47, "대형점포": 2, "공연장": 0, "공원": 2, "신규임대유형": "청년"}}, {"type": "Feature", "geometry": {"type": "Point", "coordinates": [126.8124329, 37.5721603]}, "properties": {"id": "1362", "gu": "강서구", "dong": "방화동", "jibun": "575-18", "addr": "강서구 방화동 575-18", "대지면적": "164.00", "건폐율": "59.96", "용적률": "157.62", "주택형태": "단독주택", "노후년수": "27.2", "임대세대수": "5", "지형높이": "평지", "지형형상": "사다리형", "도로접면": "세로한면(불)", "OSC공법": "소형", "공시지가_2026": 2835000, "PNU": "1150010900105750018", "공공도서관": 1, "유치원": 10, "어린이집": 33, "중고등학교": 5, "초등학교": 5, "지하철역": 2, "주민센터": 3, "대학교": 0, "병원": 4, "버스정류장": 55, "대형점포": 3, "공연장": 0, "공원": 3, "신규임대유형": "신혼부부"}}, {"type": "Feature", "geometry": {"type": "Point", "coordinates": [126.8575682, 37.5264343]}, "properties": {"id": "1013", "gu": "양천구", "dong": "신정동", "jibun": "910-5", "addr": "양천구 신정동 910-5", "대지면적": "0.00", "건폐율": "0.00", "용적률": "0.00", "주택형태": "단독주택", "노후년수": "34.2", "임대세대수": "6", "지형높이": "평지", "지형형상": "자루형", "도로접면": "세로한면(가)", "OSC공법": "소형", "공시지가_2026": 3245000, "PNU": "1147010100109100005", "공공도서관": 1, "유치원": 6, "어린이집": 23, "중고등학교": 4, "초등학교": 4, "지하철역": 2, "주민센터": 2, "대학교": 0, "병원": 8, "버스정류장": 61, "대형점포": 2, "공연장": 0, "공원": 2, "신규임대유형": "청년"}}, {"type": "Feature", "geometry": {"type": "Point", "coordinates": [126.8537139, 37.5256309]}, "properties": {"id": "1017", "gu": "양천구", "dong": "신정동", "jibun": "923-7", "addr": "양천구 신정동 923-7", "대지면적": "129.30", "건폐율": "59.95", "용적률": "239.81", "주택형태": "공동주택", "노후년수": "20.8", "임대세대수": "7", "지형높이": "완경사", "지형형상": "정방형", "도로접면": "세로한면(가)", "OSC공법": "소형", "공시지가_2026": 4089000, "PNU": "1147010100109230007", "공공도서관": 2, "유치원": 6, "어린이집": 28, "중고등학교": 4, "초등학교": 4, "지하철역": 2, "주민센터": 3, "대학교": 0, "병원": 4, "버스정류장": 48, "대형점포": 1, "공연장": 0, "공원": 1, "신규임대유형": "청년"}}, {"type": "Feature", "geometry": {"type": "Point", "coordinates": [126.8540101, 37.5274213]}, "properties": {"id": "1018", "gu": "양천구", "dong": "신정동", "jibun": "926-10", "addr": "양천구 신정동 926-10", "대지면적": "", "건폐율": "", "용적률": "", "주택형태": "", "노후년수": "", "임대세대수": "", "지형높이": "평지", "지형형상": "자루형", "도로접면": "세로한면(가)", "OSC공법": "소형", "공시지가_2026": 3417000, "PNU": "1147010100109260010", "공공도서관": 2, "유치원": 7, "어린이집": 27, "중고등학교": 3, "초등학교": 4, "지하철역": 1, "주민센터": 3, "대학교": 0, "병원": 4, "버스정류장": 52, "대형점포": 1, "공연장": 0, "공원": 1, "신규임대유형": "청년"}}, {"type": "Feature", "geometry": {"type": "Point", "coordinates": [126.8530454, 37.5251421]}, "properties": {"id": "1020", "gu": "양천구", "dong": "신정동", "jibun": "928-13", "addr": "양천구 신정동 928-13", "대지면적": "0.00", "건폐율": "59.92", "용적률": "0.00", "주택형태": "단독주택", "노후년수": "31.4", "임대세대수": "5", "지형높이": "완경사", "지형형상": "정방형", "도로접면": "세로한면(가)", "OSC공법": "소형", "공시지가_2026": 3978000, "PNU": "1147010100109280013", "공공도서관": 2, "유치원": 6, "어린이집": 29, "중고등학교": 4, "초등학교": 4, "지하철역": 2, "주민센터": 4, "대학교": 0, "병원": 3, "버스정류장": 46, "대형점포": 1, "공연장": 0, "공원": 1, "신규임대유형": "신혼부부"}}, {"type": "Feature", "geometry": {"type": "Point", "coordinates": [126.8519124, 37.5252712]}, "properties": {"id": "1024", "gu": "양천구", "dong": "신정동", "jibun": "940-17", "addr": "양천구 신정동 940-17", "대지면적": "120.00", "건폐율": "59.74", "용적률": "107.40", "주택형태": "단독주택", "노후년수": "31.1", "임대세대수": "5", "지형높이": "완경사", "지형형상": "정방형", "도로접면": "세로한면(가)", "OSC공법": "소형", "공시지가_2026": 3793000, "PNU": "1147010100109400017", "공공도서관": 2, "유치원": 5, "어린이집": 32, "중고등학교": 4, "초등학교": 3, "지하철역": 2, "주민센터": 4, "대학교": 0, "병원": 3, "버스정류장": 41, "대형점포": 1, "공연장": 0, "공원": 1, "신규임대유형": "신혼부부"}}, {"type": "Feature", "geometry": {"type": "Point", "coordinates": [126.8560308, 37.5242243]}, "properties": {"id": "1025", "gu": "양천구", "dong": "신정동", "jibun": "950-14", "addr": "양천구 신정동 950-14", "대지면적": "128.30", "건폐율": "58.26", "용적률": "114.85", "주택형태": "단독주택", "노후년수": "27.2", "임대세대수": "3", "지형높이": "완경사", "지형형상": "자루형", "도로접면": "소로한면", "OSC공법": "소형", "공시지가_2026": 3330000, "PNU": "1147010100109500014", "공공도서관": 1, "유치원": 5, "어린이집": 28, "중고등학교": 3, "초등학교": 4, "지하철역": 2, "주민센터": 2, "대학교": 0, "병원": 6, "버스정류장": 54, "대형점포": 2, "공연장": 0, "공원": 2, "신규임대유형": "청년"}}, {"type": "Feature", "geometry": {"type": "Point", "coordinates": [126.8583172, 37.523871]}, "properties": {"id": "1026", "gu": "양천구", "dong": "신정동", "jibun": "957-1", "addr": "양천구 신정동 957-1", "대지면적": "101.53", "건폐율": "59.82", "용적률": "104.60", "주택형태": "공동주택", "노후년수": "23.0", "임대세대수": "1", "지형높이": "평지", "지형형상": "정방형", "도로접면": "세로각지(가)", "OSC공법": "", "공시지가_2026": 3864000, "PNU": "1147010100109570001", "공공도서관": 1, "유치원": 7, "어린이집": 28, "중고등학교": 4, "초등학교": 4, "지하철역": 3, "주민센터": 2, "대학교": 0, "병원": 7, "버스정류장": 56, "대형점포": 2, "공연장": 0, "공원": 2, "신규임대유형": "청년"}}, {"type": "Feature", "geometry": {"type": "Point", "coordinates": [126.8584679, 37.5237894]}, "properties": {"id": "1028", "gu": "양천구", "dong": "신정동", "jibun": "957-29", "addr": "양천구 신정동 957-29", "대지면적": "163.60", "건폐율": "51.23", "용적률": "234.77", "주택형태": "단독주택", "노후년수": "23.0", "임대세대수": "6", "지형높이": "평지", "지형형상": "자루형", "도로접면": "세로한면(가)", "OSC공법": "소형", "공시지가_2026": 3121000, "PNU": "1147010100109570029", "공공도서관": 1, "유치원": 7, "어린이집": 28, "중고등학교": 4, "초등학교": 4, "지하철역": 3, "주민센터": 2, "대학교": 0, "병원": 7, "버스정류장": 57, "대형점포": 2, "공연장": 0, "공원": 2, "신규임대유형": "청년"}}, {"type": "Feature", "geometry": {"type": "Point", "coordinates": [126.8608813, 37.5229333]}, "properties": {"id": "1032", "gu": "양천구", "dong": "신정동", "jibun": "1012-2", "addr": "양천구 신정동 1012-2", "대지면적": "170.30", "건폐율": "57.90", "용적률": "171.79", "주택형태": "단독주택", "노후년수": "33.4", "임대세대수": "5", "지형높이": "완경사", "지형형상": "세로장방", "도로접면": "소로한면", "OSC공법": "중형", "공시지가_2026": 4145000, "PNU": "1147010100110120002", "공공도서관": 1, "유치원": 7, "어린이집": 29, "중고등학교": 3, "초등학교": 3, "지하철역": 3, "주민센터": 3, "대학교": 0, "병원": 6, "버스정류장": 51, "대형점포": 1, "공연장": 1, "공원": 1, "신규임대유형": "청년"}}, {"type": "Feature", "geometry": {"type": "Point", "coordinates": [126.8618817, 37.5212727]}, "properties": {"id": "1033", "gu": "양천구", "dong": "신정동", "jibun": "1016-15", "addr": "양천구 신정동 1016-15", "대지면적": "210.10", "건폐율": "55.36", "용적률": "110.73", "주택형태": "단독주택", "노후년수": "32.4", "임대세대수": "7", "지형높이": "평지", "지형형상": "세로장방", "도로접면": "소로한면", "OSC공법": "", "공시지가_2026": 4519000, "PNU": "1147010100110160015", "공공도서관": 2, "유치원": 7, "어린이집": 23, "중고등학교": 3, "초등학교": 4, "지하철역": 2, "주민센터": 4, "대학교": 0, "병원": 4, "버스정류장": 53, "대형점포": 2, "공연장": 1, "공원": 2, "신규임대유형": "청년"}}, {"type": "Feature", "geometry": {"type": "Point", "coordinates": [126.8612651, 37.5213141]}, "properties": {"id": "1034", "gu": "양천구", "dong": "신정동", "jibun": "1016-23", "addr": "양천구 신정동 1016-23", "대지면적": "124.80", "건폐율": "58.32", "용적률": "152.55", "주택형태": "단독주택", "노후년수": "32.4", "임대세대수": "6", "지형높이": "평지", "지형형상": "세로장방", "도로접면": "세로한면(가)", "OSC공법": "소형", "공시지가_2026": 4009000, "PNU": "1147010100110160023", "공공도서관": 2, "유치원": 7, "어린이집": 25, "중고등학교": 3, "초등학교": 4, "지하철역": 3, "주민센터": 4, "대학교": 0, "병원": 4, "버스정류장": 54, "대형점포": 3, "공연장": 1, "공원": 3, "신규임대유형": "청년"}}, {"type": "Feature", "geometry": {"type": "Point", "coordinates": [126.8610809, 37.5212062]}, "properties": {"id": "1035", "gu": "양천구", "dong": "신정동", "jibun": "1019-19", "addr": "양천구 신정동 1019-19", "대지면적": "139.90", "건폐율": "59.10", "용적률": "148.90", "주택형태": "단독주택", "노후년수": "32.1", "임대세대수": "7", "지형높이": "평지", "지형형상": "정방형", "도로접면": "소로각지", "OSC공법": "중형", "공시지가_2026": 4757000, "PNU": "1147010100110190019", "공공도서관": 2, "유치원": 7, "어린이집": 25, "중고등학교": 4, "초등학교": 4, "지하철역": 3, "주민센터": 4, "대학교": 0, "병원": 4, "버스정류장": 54, "대형점포": 3, "공연장": 1, "공원": 3, "신규임대유형": "청년"}}, {"type": "Feature", "geometry": {"type": "Point", "coordinates": [126.8587912, 37.5213808]}, "properties": {"id": "1036", "gu": "양천구", "dong": "신정동", "jibun": "1026-14", "addr": "양천구 신정동 1026-14", "대지면적": "132.20", "건폐율": "53.32", "용적률": "96.79", "주택형태": "단독주택", "노후년수": "33.3", "임대세대수": "5", "지형높이": "평지", "지형형상": "자루형", "도로접면": "세로한면(가)", "OSC공법": "소형", "공시지가_2026": 3322000, "PNU": "1147010100110260014", "공공도서관": 2, "유치원": 7, "어린이집": 27, "중고등학교": 4, "초등학교": 5, "지하철역": 3, "주민센터": 5, "대학교": 0, "병원": 5, "버스정류장": 52, "대형점포": 3, "공연장": 1, "공원": 3, "신규임대유형": "청년"}}, {"type": "Feature", "geometry": {"type": "Point", "coordinates": [126.849602, 37.5210467]}, "properties": {"id": "1037", "gu": "양천구", "dong": "신정동", "jibun": "1198-18", "addr": "양천구 신정동 1198-18", "대지면적": "130.50", "건폐율": "59.24", "용적률": "165.38", "주택형태": "단독주택", "노후년수": "27.7", "임대세대수": "7", "지형높이": "완경사", "지형형상": "세로장방", "도로접면": "세로한면(가)", "OSC공법": "소형", "공시지가_2026": 4501000, "PNU": "1147010100111980018", "공공도서관": 0, "유치원": 3, "어린이집": 33, "중고등학교": 3, "초등학교": 5, "지하철역": 1, "주민센터": 5, "대학교": 0, "병원": 3, "버스정류장": 34, "대형점포": 1, "공연장": 0, "공원": 1, "신규임대유형": "청년"}}, {"type": "Feature", "geometry": {"type": "Point", "coordinates": [126.849152, 37.51873]}, "properties": {"id": "1038", "gu": "양천구", "dong": "신정동", "jibun": "1217-8", "addr": "양천구 신정동 1217-8", "대지면적": "189.20", "건폐율": "58.03", "용적률": "153.69", "주택형태": "단독주택", "노후년수": "28.6", "임대세대수": "7", "지형높이": "완경사", "지형형상": "가로장방", "도로접면": "세로각지(가)", "OSC공법": "소형", "공시지가_2026": 4760000, "PNU": "1147010100112170008", "공공도서관": 0, "유치원": 3, "어린이집": 31, "중고등학교": 3, "초등학교": 5, "지하철역": 1, "주민센터": 3, "대학교": 0, "병원": 4, "버스정류장": 40, "대형점포": 1, "공연장": 0, "공원": 1, "신규임대유형": "청년"}}, {"type": "Feature", "geometry": {"type": "Point", "coordinates": [126.8315435, 37.5416757]}, "properties": {"id": "1080", "gu": "양천구", "dong": "신월동", "jibun": "18-9", "addr": "양천구 신월동 18-9", "대지면적": "187.90", "건폐율": "44.35", "용적률": "88.65", "주택형태": "단독주택", "노후년수": "33.2", "임대세대수": "7", "지형높이": "평지", "지형형상": "자루형", "도로접면": "중로한면", "OSC공법": "소형", "공시지가_2026": 2931000, "PNU": "1147010300100180009", "공공도서관": 2, "유치원": 6, "어린이집": 22, "중고등학교": 6, "초등학교": 2, "지하철역": 1, "주민센터": 2, "대학교": 0, "병원": 7, "버스정류장": 45, "대형점포": 5, "공연장": 1, "공원": 5, "신규임대유형": "청년"}}, {"type": "Feature", "geometry": {"type": "Point", "coordinates": [126.8321315, 37.5414991]}, "properties": {"id": "1082", "gu": "양천구", "dong": "신월동", "jibun": "19-27", "addr": "양천구 신월동 19-27", "대지면적": "", "건폐율": "", "용적률": "", "주택형태": "", "노후년수": "", "임대세대수": "", "지형높이": "평지", "지형형상": "세로장방", "도로접면": "세로한면(불)", "OSC공법": "소형", "공시지가_2026": 2669000, "PNU": "1147010300100190027", "공공도서관": 2, "유치원": 6, "어린이집": 23, "중고등학교": 5, "초등학교": 2, "지하철역": 1, "주민센터": 2, "대학교": 0, "병원": 8, "버스정류장": 45, "대형점포": 5, "공연장": 1, "공원": 5, "신규임대유형": "청년"}}, {"type": "Feature", "geometry": {"type": "Point", "coordinates": [126.8263909, 37.540447]}, "properties": {"id": "1083", "gu": "양천구", "dong": "신월동", "jibun": "29-14", "addr": "양천구 신월동 29-14", "대지면적": "0.00", "건폐율": "59.88", "용적률": "0.00", "주택형태": "단독주택", "노후년수": "33.4", "임대세대수": "6", "지형높이": "평지", "지형형상": "정방형", "도로접면": "세로각지(가)", "OSC공법": "소형", "공시지가_2026": 2844000, "PNU": "1147010300100290014", "공공도서관": 1, "유치원": 3, "어린이집": 17, "중고등학교": 5, "초등학교": 2, "지하철역": 0, "주민센터": 2, "대학교": 0, "병원": 2, "버스정류장": 30, "대형점포": 2, "공연장": 0, "공원": 2, "신규임대유형": "청년"}}, {"type": "Feature", "geometry": {"type": "Point", "coordinates": [126.8304064, 37.5385686]}, "properties": {"id": "1085", "gu": "양천구", "dong": "신월동", "jibun": "58-33", "addr": "양천구 신월동 58-33", "대지면적": "106.80", "건폐율": "59.91", "용적률": "118.30", "주택형태": "단독주택", "노후년수": "32.2", "임대세대수": "5", "지형높이": "평지", "지형형상": "정방형", "도로접면": "세로한면(가)", "OSC공법": "소형", "공시지가_2026": 2498000, "PNU": "1147010300100580033", "공공도서관": 2, "유치원": 4, "어린이집": 23, "중고등학교": 6, "초등학교": 3, "지하철역": 0, "주민센터": 3, "대학교": 0, "병원": 3, "버스정류장": 39, "대형점포": 3, "공연장": 1, "공원": 3, "신규임대유형": "청년"}}, {"type": "Feature", "geometry": {"type": "Point", "coordinates": [126.8300876, 37.5385245]}, "properties": {"id": "1086", "gu": "양천구", "dong": "신월동", "jibun": "58-37", "addr": "양천구 신월동 58-37", "대지면적": "127.50", "건폐율": "59.28", "용적률": "102.80", "주택형태": "공동주택", "노후년수": "22.1", "임대세대수": "6", "지형높이": "평지", "지형형상": "가로장방", "도로접면": "세로한면(불)", "OSC공법": "소형", "공시지가_2026": 2411000, "PNU": "1147010300100580037", "공공도서관": 1, "유치원": 4, "어린이집": 22, "중고등학교": 6, "초등학교": 3, "지하철역": 0, "주민센터": 3, "대학교": 0, "병원": 3, "버스정류장": 36, "대형점포": 3, "공연장": 1, "공원": 3, "신규임대유형": "청년"}}, {"type": "Feature", "geometry": {"type": "Point", "coordinates": [126.8333127, 37.5392236]}, "properties": {"id": "1087", "gu": "양천구", "dong": "신월동", "jibun": "64-7", "addr": "양천구 신월동 64-7", "대지면적": "175.70", "건폐율": "59.67", "용적률": "208.67", "주택형태": "단독주택", "노후년수": "31.3", "임대세대수": "5", "지형높이": "평지", "지형형상": "세로장방", "도로접면": "소로한면", "OSC공법": "중형", "공시지가_2026": 3036000, "PNU": "1147010300100640007", "공공도서관": 2, "유치원": 4, "어린이집": 25, "중고등학교": 3, "초등학교": 3, "지하철역": 1, "주민센터": 4, "대학교": 0, "병원": 8, "버스정류장": 47, "대형점포": 6, "공연장": 1, "공원": 6, "신규임대유형": "청년"}}, {"type": "Feature", "geometry": {"type": "Point", "coordinates": [126.8311898, 37.5374302]}, "properties": {"id": "1089", "gu": "양천구", "dong": "신월동", "jibun": "75-10", "addr": "양천구 신월동 75-10", "대지면적": "166.00", "건폐율": "0.00", "용적률": "113.44", "주택형태": "단독주택", "노후년수": "34.6", "임대세대수": "5", "지형높이": "평지", "지형형상": "정방형", "도로접면": "세로한면(가)", "OSC공법": "소형", "공시지가_2026": 2938000, "PNU": "1147010300100750010", "공공도서관": 1, "유치원": 5, "어린이집": 26, "중고등학교": 6, "초등학교": 4, "지하철역": 0, "주민센터": 3, "대학교": 0, "병원": 3, "버스정류장": 42, "대형점포": 4, "공연장": 1, "공원": 4, "신규임대유형": "신혼부부"}}, {"type": "Feature", "geometry": {"type": "Point", "coordinates": [126.8303915, 37.5374729]}, "properties": {"id": "1090", "gu": "양천구", "dong": "신월동", "jibun": "76-6", "addr": "양천구 신월동 76-6", "대지면적": "", "건폐율": "", "용적률": "", "주택형태": "", "노후년수": "", "임대세대수": "", "지형높이": "평지", "지형형상": "가로장방", "도로접면": "세로각지(가)", "OSC공법": "소형", "공시지가_2026": 2996000, "PNU": "1147010300100760006", "공공도서관": 1, "유치원": 4, "어린이집": 23, "중고등학교": 6, "초등학교": 3, "지하철역": 0, "주민센터": 3, "대학교": 0, "병원": 3, "버스정류장": 38, "대형점포": 3, "공연장": 1, "공원": 3, "신규임대유형": "청년"}}, {"type": "Feature", "geometry": {"type": "Point", "coordinates": [126.8327405, 37.5369941]}, "properties": {"id": "1094", "gu": "양천구", "dong": "신월동", "jibun": "84-7", "addr": "양천구 신월동 84-7", "대지면적": "0.00", "건폐율": "52.56", "용적률": "0.00", "주택형태": "단독주택", "노후년수": "30.6", "임대세대수": "7", "지형높이": "평지", "지형형상": "세로장방", "도로접면": "세로한면(가)", "OSC공법": "소형", "공시지가_2026": 2959000, "PNU": "1147010300100840007", "공공도서관": 1, "유치원": 6, "어린이집": 26, "중고등학교": 4, "초등학교": 3, "지하철역": 0, "주민센터": 4, "대학교": 0, "병원": 3, "버스정류장": 43, "대형점포": 5, "공연장": 1, "공원": 5, "신규임대유형": "신혼부부"}}, {"type": "Feature", "geometry": {"type": "Point", "coordinates": [126.8323694, 37.5368578]}, "properties": {"id": "1095", "gu": "양천구", "dong": "신월동", "jibun": "84-15", "addr": "양천구 신월동 84-15", "대지면적": "180.80", "건폐율": "59.98", "용적률": "146.55", "주택형태": "단독주택", "노후년수": "30.5", "임대세대수": "5", "지형높이": "평지", "지형형상": "사다리형", "도로접면": "세로한면(가)", "OSC공법": "소형", "공시지가_2026": 2927000, "PNU": "1147010300100840015", "공공도서관": 1, "유치원": 6, "어린이집": 24, "중고등학교": 4, "초등학교": 3, "지하철역": 0, "주민센터": 3, "대학교": 0, "병원": 3, "버스정류장": 43, "대형점포": 5, "공연장": 1, "공원": 5, "신규임대유형": "청년"}}, {"type": "Feature", "geometry": {"type": "Point", "coordinates": [126.833215, 37.5353213]}, "properties": {"id": "1096", "gu": "양천구", "dong": "신월동", "jibun": "91-23", "addr": "양천구 신월동 91-23", "대지면적": "184.40", "건폐율": "58.93", "용적률": "139.40", "주택형태": "공동주택", "노후년수": "22.0", "임대세대수": "1", "지형높이": "평지", "지형형상": "자루형", "도로접면": "세로한면(가)", "OSC공법": "소형", "공시지가_2026": 2384000, "PNU": "1147010300100910023", "공공도서관": 1, "유치원": 6, "어린이집": 25, "중고등학교": 4, "초등학교": 3, "지하철역": 0, "주민센터": 3, "대학교": 0, "병원": 4, "버스정류장": 46, "대형점포": 4, "공연장": 1, "공원": 4, "신규임대유형": "신혼부부"}}, {"type": "Feature", "geometry": {"type": "Point", "coordinates": [126.8324308, 37.5358767]}, "properties": {"id": "1097", "gu": "양천구", "dong": "신월동", "jibun": "94-3", "addr": "양천구 신월동 94-3", "대지면적": "138.30", "건폐율": "56.28", "용적률": "86.74", "주택형태": "단독주택", "노후년수": "33.4", "임대세대수": "5", "지형높이": "평지", "지형형상": "사다리형", "도로접면": "세로각지(가)", "OSC공법": "", "공시지가_2026": 2930000, "PNU": "1147010300100940003", "공공도서관": 1, "유치원": 7, "어린이집": 24, "중고등학교": 4, "초등학교": 4, "지하철역": 0, "주민센터": 3, "대학교": 0, "병원": 3, "버스정류장": 45, "대형점포": 4, "공연장": 1, "공원": 4, "신규임대유형": "신혼부부"}}, {"type": "Feature", "geometry": {"type": "Point", "coordinates": [126.8320099, 37.5352473]}, "properties": {"id": "1099", "gu": "양천구", "dong": "신월동", "jibun": "98-11", "addr": "양천구 신월동 98-11", "대지면적": "205.40", "건폐율": "55.11", "용적률": "189.56", "주택형태": "단독주택", "노후년수": "30.4", "임대세대수": "5", "지형높이": "평지", "지형형상": "세로장방", "도로접면": "세로한면(불)", "OSC공법": "소형", "공시지가_2026": 2417000, "PNU": "1147010300100980011", "공공도서관": 1, "유치원": 6, "어린이집": 25, "중고등학교": 4, "초등학교": 3, "지하철역": 0, "주민센터": 3, "대학교": 0, "병원": 3, "버스정류장": 43, "대형점포": 4, "공연장": 1, "공원": 4, "신규임대유형": "신혼부부"}}, {"type": "Feature", "geometry": {"type": "Point", "coordinates": [126.8324009, 37.5350153]}, "properties": {"id": "1100", "gu": "양천구", "dong": "신월동", "jibun": "98-29", "addr": "양천구 신월동 98-29", "대지면적": "144.30", "건폐율": "49.60", "용적률": "110.67", "주택형태": "단독주택", "노후년수": "33.1", "임대세대수": "5", "지형높이": "평지", "지형형상": "세로장방", "도로접면": "세로한면(불)", "OSC공법": "소형", "공시지가_2026": 2417000, "PNU": "1147010300100980029", "공공도서관": 1, "유치원": 5, "어린이집": 25, "중고등학교": 4, "초등학교": 2, "지하철역": 0, "주민센터": 3, "대학교": 0, "병원": 3, "버스정류장": 44, "대형점포": 4, "공연장": 1, "공원": 4, "신규임대유형": "신혼부부"}}, {"type": "Feature", "geometry": {"type": "Point", "coordinates": [126.8352058, 37.5343775]}, "properties": {"id": "1101", "gu": "양천구", "dong": "신월동", "jibun": "105-23", "addr": "양천구 신월동 105-23", "대지면적": "147.50", "건폐율": "48.73", "용적률": "103.72", "주택형태": "단독주택", "노후년수": "34.6", "임대세대수": "4", "지형높이": "평지", "지형형상": "자루형", "도로접면": "중로한면", "OSC공법": "소형", "공시지가_2026": 2717000, "PNU": "1147010300101050023", "공공도서관": 0, "유치원": 6, "어린이집": 26, "중고등학교": 2, "초등학교": 3, "지하철역": 0, "주민센터": 3, "대학교": 0, "병원": 3, "버스정류장": 46, "대형점포": 3, "공연장": 1, "공원": 3, "신규임대유형": "신혼부부"}}, {"type": "Feature", "geometry": {"type": "Point", "coordinates": [126.834866, 37.5336866]}, "properties": {"id": "1102", "gu": "양천구", "dong": "신월동", "jibun": "106-14", "addr": "양천구 신월동 106-14", "대지면적": "165.30", "건폐율": "60.88", "용적률": "104.86", "주택형태": "단독주택", "노후년수": "31.4", "임대세대수": "5", "지형높이": "평지", "지형형상": "자루형", "도로접면": "세로한면(가)", "OSC공법": "소형", "공시지가_2026": 2384000, "PNU": "1147010300101060014", "공공도서관": 0, "유치원": 4, "어린이집": 25, "중고등학교": 2, "초등학교": 2, "지하철역": 0, "주민센터": 3, "대학교": 0, "병원": 3, "버스정류장": 43, "대형점포": 2, "공연장": 1, "공원": 2, "신규임대유형": "청년"}}, {"type": "Feature", "geometry": {"type": "Point", "coordinates": [126.8342657, 37.5332928]}, "properties": {"id": "1103", "gu": "양천구", "dong": "신월동", "jibun": "107-8", "addr": "양천구 신월동 107-8", "대지면적": "144.30", "건폐율": "56.37", "용적률": "106.89", "주택형태": "단독주택", "노후년수": "31.0", "임대세대수": "5", "지형높이": "평지", "지형형상": "정방형", "도로접면": "세로한면(가)", "OSC공법": "소형", "공시지가_2026": 2680000, "PNU": "1147010300101070008", "공공도서관": 0, "유치원": 4, "어린이집": 25, "중고등학교": 2, "초등학교": 2, "지하철역": 0, "주민센터": 3, "대학교": 0, "병원": 3, "버스정류장": 43, "대형점포": 2, "공연장": 1, "공원": 2, "신규임대유형": "신혼부부"}}, {"type": "Feature", "geometry": {"type": "Point", "coordinates": [126.8344677, 37.5332698]}, "properties": {"id": "1104", "gu": "양천구", "dong": "신월동", "jibun": "107-13", "addr": "양천구 신월동 107-13", "대지면적": "126.10", "건폐율": "0.00", "용적률": "108.82", "주택형태": "단독주택", "노후년수": "34.2", "임대세대수": "5", "지형높이": "평지", "지형형상": "세로장방", "도로접면": "세로한면(불)", "OSC공법": "소형", "공시지가_2026": 2253000, "PNU": "1147010300101070013", "공공도서관": 0, "유치원": 4, "어린이집": 25, "중고등학교": 2, "초등학교": 2, "지하철역": 0, "주민센터": 3, "대학교": 0, "병원": 3, "버스정류장": 42, "대형점포": 2, "공연장": 1, "공원": 2, "신규임대유형": "청년"}}, {"type": "Feature", "geometry": {"type": "Point", "coordinates": [126.8338699, 37.5319905]}, "properties": {"id": "1105", "gu": "양천구", "dong": "신월동", "jibun": "110-20", "addr": "양천구 신월동 110-20", "대지면적": "115.80", "건폐율": "58.90", "용적률": "100.53", "주택형태": "단독주택", "노후년수": "31.2", "임대세대수": "5", "지형높이": "평지", "지형형상": "세로장방", "도로접면": "세로한면(가)", "OSC공법": "소형", "공시지가_2026": 2595000, "PNU": "1147010300101100020", "공공도서관": 0, "유치원": 4, "어린이집": 22, "중고등학교": 1, "초등학교": 2, "지하철역": 0, "주민센터": 3, "대학교": 0, "병원": 3, "버스정류장": 32, "대형점포": 1, "공연장": 1, "공원": 1, "신규임대유형": "청년"}}, {"type": "Feature", "geometry": {"type": "Point", "coordinates": [126.8340715, 37.5318833]}, "properties": {"id": "1106", "gu": "양천구", "dong": "신월동", "jibun": "110-25", "addr": "양천구 신월동 110-25", "대지면적": "", "건폐율": "", "용적률": "", "주택형태": "", "노후년수": "", "임대세대수": "", "지형높이": "평지", "지형형상": "정방형", "도로접면": "세로한면(가)", "OSC공법": "소형", "공시지가_2026": 2595000, "PNU": "1147010300101100025", "공공도서관": 0, "유치원": 4, "어린이집": 21, "중고등학교": 1, "초등학교": 2, "지하철역": 0, "주민센터": 3, "대학교": 0, "병원": 3, "버스정류장": 31, "대형점포": 1, "공연장": 1, "공원": 1, "신규임대유형": "청년"}}, {"type": "Feature", "geometry": {"type": "Point", "coordinates": [126.8363359, 37.532663]}, "properties": {"id": "1107", "gu": "양천구", "dong": "신월동", "jibun": "114-25", "addr": "양천구 신월동 114-25", "대지면적": "0.00", "건폐율": "54.18", "용적률": "0.00", "주택형태": "단독주택", "노후년수": "32.1", "임대세대수": "3", "지형높이": "평지", "지형형상": "자루형", "도로접면": "세로한면(가)", "OSC공법": "소형", "공시지가_2026": 2228000, "PNU": "1147010300101140025", "공공도서관": 0, "유치원": 4, "어린이집": 24, "중고등학교": 2, "초등학교": 2, "지하철역": 0, "주민센터": 3, "대학교": 0, "병원": 3, "버스정류장": 35, "대형점포": 2, "공연장": 1, "공원": 2, "신규임대유형": "청년"}}, {"type": "Feature", "geometry": {"type": "Point", "coordinates": [126.8364024, 37.5303442]}, "properties": {"id": "1108", "gu": "양천구", "dong": "신월동", "jibun": "121-13", "addr": "양천구 신월동 121-13", "대지면적": "149.50", "건폐율": "0.00", "용적률": "99.13", "주택형태": "단독주택", "노후년수": "34.1", "임대세대수": "5", "지형높이": "평지", "지형형상": "자루형", "도로접면": "세로한면(가)", "OSC공법": "소형", "공시지가_2026": 2207000, "PNU": "1147010300101210013", "공공도서관": 1, "유치원": 5, "어린이집": 27, "중고등학교": 1, "초등학교": 3, "지하철역": 0, "주민센터": 4, "대학교": 0, "병원": 3, "버스정류장": 27, "대형점포": 1, "공연장": 0, "공원": 1, "신규임대유형": "청년"}}, {"type": "Feature", "geometry": {"type": "Point", "coordinates": [126.8348255, 37.5316509]}, "properties": {"id": "1109", "gu": "양천구", "dong": "신월동", "jibun": "123-19", "addr": "양천구 신월동 123-19", "대지면적": "240.00", "건폐율": "59.91", "용적률": "175.30", "주택형태": "단독주택", "노후년수": "29.8", "임대세대수": "7", "지형높이": "평지", "지형형상": "자루형", "도로접면": "세로한면(가)", "OSC공법": "소형", "공시지가_2026": 2251000, "PNU": "1147010300101230019", "공공도서관": 0, "유치원": 4, "어린이집": 22, "중고등학교": 1, "초등학교": 2, "지하철역": 0, "주민센터": 3, "대학교": 0, "병원": 2, "버스정류장": 30, "대형점포": 1, "공연장": 1, "공원": 1, "신규임대유형": "청년"}}, {"type": "Feature", "geometry": {"type": "Point", "coordinates": [126.8346943, 37.5309938]}, "properties": {"id": "1110", "gu": "양천구", "dong": "신월동", "jibun": "124-4", "addr": "양천구 신월동 124-4", "대지면적": "276.90", "건폐율": "59.92", "용적률": "214.56", "주택형태": "공동주택", "노후년수": "21.7", "임대세대수": "1", "지형높이": "평지", "지형형상": "세로장방", "도로접면": "세로한면(가)", "OSC공법": "", "공시지가_2026": 2643000, "PNU": "1147010300101240004", "공공도서관": 0, "유치원": 4, "어린이집": 23, "중고등학교": 1, "초등학교": 2, "지하철역": 0, "주민센터": 3, "대학교": 0, "병원": 2, "버스정류장": 28, "대형점포": 1, "공연장": 1, "공원": 1, "신규임대유형": "신혼부부"}}, {"type": "Feature", "geometry": {"type": "Point", "coordinates": [126.834189, 37.5314548]}, "properties": {"id": "1111", "gu": "양천구", "dong": "신월동", "jibun": "124-22", "addr": "양천구 신월동 124-22", "대지면적": "151.10", "건폐율": "53.89", "용적률": "92.92", "주택형태": "단독주택", "노후년수": "31.4", "임대세대수": "5", "지형높이": "평지", "지형형상": "자루형", "도로접면": "중로한면", "OSC공법": "소형", "공시지가_2026": 2550000, "PNU": "1147010300101240022", "공공도서관": 0, "유치원": 4, "어린이집": 20, "중고등학교": 1, "초등학교": 2, "지하철역": 0, "주민센터": 3, "대학교": 0, "병원": 2, "버스정류장": 29, "대형점포": 1, "공연장": 1, "공원": 1, "신규임대유형": "청년"}}, {"type": "Feature", "geometry": {"type": "Point", "coordinates": [126.8325546, 37.5319567]}, "properties": {"id": "1113", "gu": "양천구", "dong": "신월동", "jibun": "132-5", "addr": "양천구 신월동 132-5", "대지면적": "235.60", "건폐율": "36.74", "용적률": "73.47", "주택형태": "단독주택", "노후년수": "32.6", "임대세대수": "5", "지형높이": "평지", "지형형상": "자루형", "도로접면": "세로한면(가)", "OSC공법": "소형", "공시지가_2026": 2285000, "PNU": "1147010300101320005", "공공도서관": 0, "유치원": 4, "어린이집": 20, "중고등학교": 1, "초등학교": 2, "지하철역": 0, "주민센터": 2, "대학교": 0, "병원": 4, "버스정류장": 33, "대형점포": 1, "공연장": 1, "공원": 1, "신규임대유형": "청년"}}, {"type": "Feature", "geometry": {"type": "Point", "coordinates": [126.8329559, 37.5321211]}, "properties": {"id": "1114", "gu": "양천구", "dong": "신월동", "jibun": "133-28", "addr": "양천구 신월동 133-28", "대지면적": "150.90", "건폐율": "59.59", "용적률": "113.07", "주택형태": "단독주택", "노후년수": "30.8", "임대세대수": "5", "지형높이": "평지", "지형형상": "세로장방", "도로접면": "세로한면(가)", "OSC공법": "소형", "공시지가_2026": 2469000, "PNU": "1147010300101330028", "공공도서관": 0, "유치원": 4, "어린이집": 22, "중고등학교": 1, "초등학교": 2, "지하철역": 0, "주민센터": 3, "대학교": 0, "병원": 3, "버스정류장": 33, "대형점포": 1, "공연장": 1, "공원": 1, "신규임대유형": "청년"}}, {"type": "Feature", "geometry": {"type": "Point", "coordinates": [126.8299063, 37.5305757]}, "properties": {"id": "1122", "gu": "양천구", "dong": "신월동", "jibun": "200-24", "addr": "양천구 신월동 200-24", "대지면적": "127.15", "건폐율": "57.10", "용적률": "104.60", "주택형태": "단독주택", "노후년수": "31.3", "임대세대수": "5", "지형높이": "평지", "지형형상": "자루형", "도로접면": "세로한면(가)", "OSC공법": "소형", "공시지가_2026": 2292000, "PNU": "1147010300102000024", "공공도서관": 0, "유치원": 4, "어린이집": 17, "중고등학교": 1, "초등학교": 2, "지하철역": 0, "주민센터": 2, "대학교": 0, "병원": 3, "버스정류장": 27, "대형점포": 0, "공연장": 0, "공원": 0, "신규임대유형": "청년"}}, {"type": "Feature", "geometry": {"type": "Point", "coordinates": [126.8332033, 37.5277005]}, "properties": {"id": "1123", "gu": "양천구", "dong": "신월동", "jibun": "207-3", "addr": "양천구 신월동 207-3", "대지면적": "163.00", "건폐율": "59.59", "용적률": "167.30", "주택형태": "단독주택", "노후년수": "30.5", "임대세대수": "5", "지형높이": "평지", "지형형상": "세로장방", "도로접면": "세로한면(가)", "OSC공법": "소형", "공시지가_2026": 2158000, "PNU": "1147010300102070003", "공공도서관": 1, "유치원": 4, "어린이집": 24, "중고등학교": 1, "초등학교": 1, "지하철역": 0, "주민센터": 4, "대학교": 0, "병원": 1, "버스정류장": 24, "대형점포": 1, "공연장": 0, "공원": 1, "신규임대유형": "청년"}}, {"type": "Feature", "geometry": {"type": "Point", "coordinates": [126.8353386, 37.5296174]}, "properties": {"id": "1127", "gu": "양천구", "dong": "신월동", "jibun": "226-4", "addr": "양천구 신월동 226-4", "대지면적": "147.00", "건폐율": "58.66", "용적률": "109.54", "주택형태": "단독주택", "노후년수": "30.8", "임대세대수": "5", "지형높이": "평지", "지형형상": "자루형", "도로접면": "중로한면", "OSC공법": "소형", "공시지가_2026": 2515000, "PNU": "1147010300102260004", "공공도서관": 1, "유치원": 5, "어린이집": 23, "중고등학교": 1, "초등학교": 3, "지하철역": 0, "주민센터": 4, "대학교": 0, "병원": 1, "버스정류장": 23, "대형점포": 2, "공연장": 0, "공원": 2, "신규임대유형": "청년"}}, {"type": "Feature", "geometry": {"type": "Point", "coordinates": [126.8368137, 37.5282227]}, "properties": {"id": "1129", "gu": "양천구", "dong": "신월동", "jibun": "232-25", "addr": "양천구 신월동 232-25", "대지면적": "148.58", "건폐율": "57.79", "용적률": "133.27", "주택형태": "단독주택", "노후년수": "30.6", "임대세대수": "5", "지형높이": "평지", "지형형상": "자루형", "도로접면": "세로한면(가)", "OSC공법": "소형", "공시지가_2026": 2199000, "PNU": "1147010300102320025", "공공도서관": 1, "유치원": 5, "어린이집": 31, "중고등학교": 0, "초등학교": 4, "지하철역": 0, "주민센터": 5, "대학교": 0, "병원": 1, "버스정류장": 29, "대형점포": 1, "공연장": 0, "공원": 1, "신규임대유형": "신혼부부"}}, {"type": "Feature", "geometry": {"type": "Point", "coordinates": [126.8373601, 37.5287185]}, "properties": {"id": "1131", "gu": "양천구", "dong": "신월동", "jibun": "233-6", "addr": "양천구 신월동 233-6", "대지면적": "116.60", "건폐율": "59.62", "용적률": "111.18", "주택형태": "단독주택", "노후년수": "31.2", "임대세대수": "5", "지형높이": "평지", "지형형상": "자루형", "도로접면": "세로한면(가)", "OSC공법": "소형", "공시지가_2026": 2199000, "PNU": "1147010300102330006", "공공도서관": 1, "유치원": 5, "어린이집": 30, "중고등학교": 0, "초등학교": 4, "지하철역": 0, "주민센터": 5, "대학교": 0, "병원": 2, "버스정류장": 26, "대형점포": 2, "공연장": 0, "공원": 2, "신규임대유형": "신혼부부"}}, {"type": "Feature", "geometry": {"type": "Point", "coordinates": [126.8374203, 37.5286178]}, "properties": {"id": "1132", "gu": "양천구", "dong": "신월동", "jibun": "233-7", "addr": "양천구 신월동 233-7", "대지면적": "116.50", "건폐율": "59.48", "용적률": "111.27", "주택형태": "단독주택", "노후년수": "31.2", "임대세대수": "5", "지형높이": "평지", "지형형상": "자루형", "도로접면": "세로한면(가)", "OSC공법": "소형", "공시지가_2026": 2199000, "PNU": "1147010300102330007", "공공도서관": 1, "유치원": 5, "어린이집": 30, "중고등학교": 0, "초등학교": 4, "지하철역": 0, "주민센터": 5, "대학교": 0, "병원": 2, "버스정류장": 26, "대형점포": 2, "공연장": 0, "공원": 2, "신규임대유형": "청년"}}, {"type": "Feature", "geometry": {"type": "Point", "coordinates": [126.837605, 37.5283913]}, "properties": {"id": "1133", "gu": "양천구", "dong": "신월동", "jibun": "233-12", "addr": "양천구 신월동 233-12", "대지면적": "133.30", "건폐율": "48.68", "용적률": "97.36", "주택형태": "단독주택", "노후년수": "33.1", "임대세대수": "5", "지형높이": "평지", "지형형상": "자루형", "도로접면": "세로한면(가)", "OSC공법": "소형", "공시지가_2026": 2199000, "PNU": "1147010300102330012", "공공도서관": 1, "유치원": 5, "어린이집": 30, "중고등학교": 0, "초등학교": 4, "지하철역": 0, "주민센터": 5, "대학교": 0, "병원": 2, "버스정류장": 27, "대형점포": 2, "공연장": 0, "공원": 2, "신규임대유형": "청년"}}, {"type": "Feature", "geometry": {"type": "Point", "coordinates": [126.8373394, 37.5282686]}, "properties": {"id": "1134", "gu": "양천구", "dong": "신월동", "jibun": "233-23", "addr": "양천구 신월동 233-23", "대지면적": "231.50", "건폐율": "58.93", "용적률": "215.46", "주택형태": "공동주택", "노후년수": "31.6", "임대세대수": "1", "지형높이": "평지", "지형형상": "가로장방", "도로접면": "세로한면(가)", "OSC공법": "", "공시지가_2026": 2715000, "PNU": "1147010300102330023", "공공도서관": 1, "유치원": 5, "어린이집": 30, "중고등학교": 0, "초등학교": 4, "지하철역": 0, "주민센터": 5, "대학교": 0, "병원": 1, "버스정류장": 30, "대형점포": 1, "공연장": 0, "공원": 1, "신규임대유형": "청년"}}, {"type": "Feature", "geometry": {"type": "Point", "coordinates": [126.8373449, 37.5284564]}, "properties": {"id": "1135", "gu": "양천구", "dong": "신월동", "jibun": "233-25", "addr": "양천구 신월동 233-25", "대지면적": "", "건폐율": "", "용적률": "", "주택형태": "", "노후년수": "", "임대세대수": "", "지형높이": "평지", "지형형상": "정방형", "도로접면": "세로한면(불)", "OSC공법": "소형", "공시지가_2026": 2222000, "PNU": "1147010300102330025", "공공도서관": 1, "유치원": 5, "어린이집": 30, "중고등학교": 0, "초등학교": 4, "지하철역": 0, "주민센터": 5, "대학교": 0, "병원": 2, "버스정류장": 27, "대형점포": 2, "공연장": 0, "공원": 2, "신규임대유형": "청년"}}, {"type": "Feature", "geometry": {"type": "Point", "coordinates": [126.8372757, 37.5272543]}, "properties": {"id": "1136", "gu": "양천구", "dong": "신월동", "jibun": "242-12", "addr": "양천구 신월동 242-12", "대지면적": "0.00", "건폐율": "0.00", "용적률": "0.00", "주택형태": "단독주택", "노후년수": "34.3", "임대세대수": "5", "지형높이": "평지", "지형형상": "세로장방", "도로접면": "세로각지(가)", "OSC공법": "소형", "공시지가_2026": 2759000, "PNU": "1147010300102420012", "공공도서관": 1, "유치원": 5, "어린이집": 31, "중고등학교": 0, "초등학교": 3, "지하철역": 0, "주민센터": 5, "대학교": 0, "병원": 1, "버스정류장": 31, "대형점포": 1, "공연장": 0, "공원": 1, "신규임대유형": "청년"}}, {"type": "Feature", "geometry": {"type": "Point", "coordinates": [126.8369438, 37.5270611]}, "properties": {"id": "1137", "gu": "양천구", "dong": "신월동", "jibun": "243-22", "addr": "양천구 신월동 243-22", "대지면적": "0.00", "건폐율": "0.00", "용적률": "0.00", "주택형태": "단독주택", "노후년수": "34.4", "임대세대수": "7", "지형높이": "평지", "지형형상": "정방형", "도로접면": "세로한면(가)", "OSC공법": "소형", "공시지가_2026": 2378000, "PNU": "1147010300102430022", "공공도서관": 1, "유치원": 5, "어린이집": 34, "중고등학교": 0, "초등학교": 3, "지하철역": 0, "주민센터": 5, "대학교": 0, "병원": 1, "버스정류장": 33, "대형점포": 1, "공연장": 0, "공원": 1, "신규임대유형": "청년"}}, {"type": "Feature", "geometry": {"type": "Point", "coordinates": [126.8383288, 37.521897]}, "properties": {"id": "1141", "gu": "양천구", "dong": "신월동", "jibun": "439-2", "addr": "양천구 신월동 439-2", "대지면적": "0.00", "건폐율": "53.73", "용적률": "214.92", "주택형태": "공동주택", "노후년수": "33.4", "임대세대수": "1", "지형높이": "평지", "지형형상": "세로장방", "도로접면": "세로한면(가)", "OSC공법": "", "공시지가_2026": 2949000, "PNU": "1147010300104390002", "공공도서관": 2, "유치원": 6, "어린이집": 38, "중고등학교": 2, "초등학교": 3, "지하철역": 0, "주민센터": 4, "대학교": 0, "병원": 2, "버스정류장": 39, "대형점포": 1, "공연장": 0, "공원": 1, "신규임대유형": "유지"}}, {"type": "Feature", "geometry": {"type": "Point", "coordinates": [126.8597783, 37.5509967]}, "properties": {"id": "1150", "gu": "강서구", "dong": "등촌동", "jibun": "365-50", "addr": "강서구 등촌동 365-50", "대지면적": "176.10", "건폐율": "43.79", "용적률": "87.57", "주택형태": "단독주택", "노후년수": "34.8", "임대세대수": "10", "지형높이": "완경사", "지형형상": "세로장방", "도로접면": "세로각지(가)", "OSC공법": "소형", "공시지가_2026": 4480000, "PNU": "1150010200103650050", "공공도서관": 1, "유치원": 5, "어린이집": 29, "중고등학교": 3, "초등학교": 4, "지하철역": 0, "주민센터": 1, "대학교": 1, "병원": 3, "버스정류장": 40, "대형점포": 2, "공연장": 0, "공원": 2, "신규임대유형": "신혼부부"}}, {"type": "Feature", "geometry": {"type": "Point", "coordinates": [126.8621411, 37.551159]}, "properties": {"id": "1151", "gu": "강서구", "dong": "등촌동", "jibun": "533-41", "addr": "강서구 등촌동 533-41", "대지면적": "188.00", "건폐율": "59.68", "용적률": "165.53", "주택형태": "단독주택", "노후년수": "24.3", "임대세대수": "6", "지형높이": "평지", "지형형상": "사다리형", "도로접면": "세로각지(가)", "OSC공법": "소형", "공시지가_2026": 4520000, "PNU": "1150010200105330041", "공공도서관": 1, "유치원": 5, "어린이집": 32, "중고등학교": 4, "초등학교": 4, "지하철역": 0, "주민센터": 2, "대학교": 1, "병원": 2, "버스정류장": 39, "대형점포": 3, "공연장": 0, "공원": 3, "신규임대유형": "신혼부부"}}, {"type": "Feature", "geometry": {"type": "Point", "coordinates": [126.8624747, 37.5367476]}, "properties": {"id": "1152", "gu": "강서구", "dong": "등촌동", "jibun": "568-27", "addr": "강서구 등촌동 568-27", "대지면적": "186.10", "건폐율": "59.90", "용적률": "112.50", "주택형태": "단독주택", "노후년수": "31.2", "임대세대수": "5", "지형높이": "완경사", "지형형상": "세로장방", "도로접면": "세로한면(가)", "OSC공법": "소형", "공시지가_2026": 3758000, "PNU": "1150010200105680027", "공공도서관": 2, "유치원": 6, "어린이집": 22, "중고등학교": 6, "초등학교": 3, "지하철역": 0, "주민센터": 3, "대학교": 0, "병원": 2, "버스정류장": 64, "대형점포": 2, "공연장": 0, "공원": 2, "신규임대유형": "청년"}}, {"type": "Feature", "geometry": {"type": "Point", "coordinates": [126.8622703, 37.5374486]}, "properties": {"id": "1153", "gu": "강서구", "dong": "등촌동", "jibun": "569-5", "addr": "강서구 등촌동 569-5", "대지면적": "145.00", "건폐율": "59.95", "용적률": "119.91", "주택형태": "단독주택", "노후년수": "31.9", "임대세대수": "5", "지형높이": "완경사", "지형형상": "정방형", "도로접면": "세로한면(가)", "OSC공법": "소형", "공시지가_2026": 3758000, "PNU": "1150010200105690005", "공공도서관": 2, "유치원": 6, "어린이집": 22, "중고등학교": 6, "초등학교": 3, "지하철역": 0, "주민센터": 3, "대학교": 0, "병원": 1, "버스정류장": 63, "대형점포": 2, "공연장": 0, "공원": 2, "신규임대유형": "청년"}}, {"type": "Feature", "geometry": {"type": "Point", "coordinates": [126.8622775, 37.5364426]}, "properties": {"id": "1154", "gu": "강서구", "dong": "등촌동", "jibun": "569-14", "addr": "강서구 등촌동 569-14", "대지면적": "149.00", "건폐율": "59.45", "용적률": "113.68", "주택형태": "단독주택", "노후년수": "28.9", "임대세대수": "5", "지형높이": "완경사", "지형형상": "정방형", "도로접면": "세로한면(가)", "OSC공법": "소형", "공시지가_2026": 3758000, "PNU": "1150010200105690014", "공공도서관": 2, "유치원": 6, "어린이집": 22, "중고등학교": 6, "초등학교": 3, "지하철역": 0, "주민센터": 3, "대학교": 0, "병원": 2, "버스정류장": 66, "대형점포": 2, "공연장": 0, "공원": 2, "신규임대유형": "신혼부부"}}, {"type": "Feature", "geometry": {"type": "Point", "coordinates": [126.8642905, 37.5528166]}, "properties": {"id": "1155", "gu": "강서구", "dong": "등촌동", "jibun": "647-19", "addr": "강서구 등촌동 647-19", "대지면적": "165.00", "건폐율": "59.87", "용적률": "119.75", "주택형태": "단독주택", "노후년수": "29.3", "임대세대수": "5", "지형높이": "평지", "지형형상": "세로장방", "도로접면": "세로한면(가)", "OSC공법": "소형", "공시지가_2026": 4228000, "PNU": "1150010200106470019", "공공도서관": 2, "유치원": 6, "어린이집": 34, "중고등학교": 6, "초등학교": 4, "지하철역": 0, "주민센터": 2, "대학교": 0, "병원": 2, "버스정류장": 44, "대형점포": 3, "공연장": 0, "공원": 3, "신규임대유형": "신혼부부"}}, {"type": "Feature", "geometry": {"type": "Point", "coordinates": [126.845625, 37.5454697]}, "properties": {"id": "1158", "gu": "강서구", "dong": "화곡동", "jibun": "24-221", "addr": "강서구 화곡동 24-221", "대지면적": "131.00", "건폐율": "58.27", "용적률": "156.48", "주택형태": "단독주택", "노후년수": "32.2", "임대세대수": "9", "지형높이": "평지", "지형형상": "정방형", "도로접면": "세로한면(가)", "OSC공법": "소형", "공시지가_2026": 3616000, "PNU": "1150010300100240221", "공공도서관": 1, "유치원": 9, "어린이집": 33, "중고등학교": 0, "초등학교": 4, "지하철역": 1, "주민센터": 3, "대학교": 1, "병원": 8, "버스정류장": 48, "대형점포": 4, "공연장": 1, "공원": 4, "신규임대유형": "청년"}}, {"type": "Feature", "geometry": {"type": "Point", "coordinates": [126.8477673, 37.5476125]}, "properties": {"id": "1159", "gu": "강서구", "dong": "화곡동", "jibun": "29-14", "addr": "강서구 화곡동 29-14", "대지면적": "0.00", "건폐율": "59.88", "용적률": "0.00", "주택형태": "단독주택", "노후년수": "33.4", "임대세대수": "6", "지형높이": "평지", "지형형상": "정방형", "도로접면": "세로한면(가)", "OSC공법": "", "공시지가_2026": 3692000, "PNU": "1150010300100290014", "공공도서관": 1, "유치원": 5, "어린이집": 23, "중고등학교": 0, "초등학교": 4, "지하철역": 0, "주민센터": 3, "대학교": 2, "병원": 2, "버스정류장": 51, "대형점포": 2, "공연장": 2, "공원": 2, "신규임대유형": "신혼부부"}}, {"type": "Feature", "geometry": {"type": "Point", "coordinates": [126.8488002, 37.5456744]}, "properties": {"id": "1160", "gu": "강서구", "dong": "화곡동", "jibun": "29-87", "addr": "강서구 화곡동 29-87", "대지면적": "265.00", "건폐율": "38.29", "용적률": "112.36", "주택형태": "단독주택", "노후년수": "27.4", "임대세대수": "5", "지형높이": "평지", "지형형상": "사다리형", "도로접면": "세로한면(불)", "OSC공법": "소형", "공시지가_2026": 3096000, "PNU": "1150010300100290087", "공공도서관": 1, "유치원": 6, "어린이집": 28, "중고등학교": 0, "초등학교": 3, "지하철역": 0, "주민센터": 3, "대학교": 2, "병원": 2, "버스정류장": 44, "대형점포": 2, "공연장": 1, "공원": 2, "신규임대유형": "청년"}}, {"type": "Feature", "geometry": {"type": "Point", "coordinates": [126.8501524, 37.546484]}, "properties": {"id": "1161", "gu": "강서구", "dong": "화곡동", "jibun": "29-199", "addr": "강서구 화곡동 29-199", "대지면적": "341.00", "건폐율": "58.57", "용적률": "155.89", "주택형태": "단독주택", "노후년수": "28.5", "임대세대수": "8", "지형높이": "평지", "지형형상": "사다리형", "도로접면": "세로한면(가)", "OSC공법": "소형", "공시지가_2026": 3157000, "PNU": "1150010300100290199", "공공도서관": 1, "유치원": 5, "어린이집": 26, "중고등학교": 0, "초등학교": 5, "지하철역": 0, "주민센터": 3, "대학교": 2, "병원": 0, "버스정류장": 52, "대형점포": 2, "공연장": 0, "공원": 2, "신규임대유형": "신혼부부"}}, {"type": "Feature", "geometry": {"type": "Point", "coordinates": [126.850006, 37.5446716]}, "properties": {"id": "1163", "gu": "강서구", "dong": "화곡동", "jibun": "46-15", "addr": "강서구 화곡동 46-15", "대지면적": "200.30", "건폐율": "51.90", "용적률": "134.02", "주택형태": "단독주택", "노후년수": "29.3", "임대세대수": "11", "지형높이": "평지", "지형형상": "세로장방", "도로접면": "세로한면(가)", "OSC공법": "소형", "공시지가_2026": 3142000, "PNU": "1150010300100460015", "공공도서관": 0, "유치원": 6, "어린이집": 25, "중고등학교": 0, "초등학교": 4, "지하철역": 0, "주민센터": 2, "대학교": 1, "병원": 2, "버스정류장": 44, "대형점포": 2, "공연장": 1, "공원": 2, "신규임대유형": "신혼부부"}}, {"type": "Feature", "geometry": {"type": "Point", "coordinates": [126.8492714, 37.545001]}, "properties": {"id": "1165", "gu": "강서구", "dong": "화곡동", "jibun": "46-294", "addr": "강서구 화곡동 46-294", "대지면적": "229.55", "건폐율": "44.95", "용적률": "90.47", "주택형태": "단독주택", "노후년수": "34.3", "임대세대수": "5", "지형높이": "평지", "지형형상": "세로장방", "도로접면": "세로한면(가)", "OSC공법": "소형", "공시지가_2026": 2837000, "PNU": "1150010300100460294", "공공도서관": 1, "유치원": 5, "어린이집": 28, "중고등학교": 0, "초등학교": 3, "지하철역": 0, "주민센터": 3, "대학교": 2, "병원": 2, "버스정류장": 45, "대형점포": 2, "공연장": 1, "공원": 2, "신규임대유형": "청년"}}, {"type": "Feature", "geometry": {"type": "Point", "coordinates": [126.8494551, 37.545458]}, "properties": {"id": "1166", "gu": "강서구", "dong": "화곡동", "jibun": "46-308", "addr": "강서구 화곡동 46-308", "대지면적": "198.00", "건폐율": "54.32", "용적률": "105.64", "주택형태": "단독주택", "노후년수": "33.3", "임대세대수": "5", "지형높이": "평지", "지형형상": "세로장방", "도로접면": "세로한면(가)", "OSC공법": "소형", "공시지가_2026": 2837000, "PNU": "1150010300100460308", "공공도서관": 1, "유치원": 6, "어린이집": 28, "중고등학교": 0, "초등학교": 4, "지하철역": 0, "주민센터": 3, "대학교": 2, "병원": 2, "버스정류장": 43, "대형점포": 2, "공연장": 1, "공원": 2, "신규임대유형": "청년"}}, {"type": "Feature", "geometry": {"type": "Point", "coordinates": [126.8493165, 37.5429885]}, "properties": {"id": "1167", "gu": "강서구", "dong": "화곡동", "jibun": "50-72", "addr": "강서구 화곡동 50-72", "대지면적": "126.15", "건폐율": "59.84", "용적률": "157.44", "주택형태": "단독주택", "노후년수": "26.9", "임대세대수": "5", "지형높이": "완경사", "지형형상": "세로장방", "도로접면": "세로각지(가)", "OSC공법": "소형", "공시지가_2026": 2886000, "PNU": "1150010300100500072", "공공도서관": 0, "유치원": 7, "어린이집": 27, "중고등학교": 0, "초등학교": 4, "지하철역": 1, "주민센터": 1, "대학교": 1, "병원": 3, "버스정류장": 56, "대형점포": 2, "공연장": 1, "공원": 2, "신규임대유형": "청년"}}, {"type": "Feature", "geometry": {"type": "Point", "coordinates": [126.8492844, 37.542922]}, "properties": {"id": "1169", "gu": "강서구", "dong": "화곡동", "jibun": "50-81", "addr": "강서구 화곡동 50-81", "대지면적": "139.00", "건폐율": "59.93", "용적률": "114.70", "주택형태": "단독주택", "노후년수": "31.4", "임대세대수": "5", "지형높이": "완경사", "지형형상": "사다리형", "도로접면": "세로한면(가)", "OSC공법": "소형", "공시지가_2026": 2686000, "PNU": "1150010300100500081", "공공도서관": 0, "유치원": 6, "어린이집": 28, "중고등학교": 0, "초등학교": 3, "지하철역": 1, "주민센터": 1, "대학교": 1, "병원": 3, "버스정류장": 58, "대형점포": 2, "공연장": 1, "공원": 2, "신규임대유형": "청년"}}, {"type": "Feature", "geometry": {"type": "Point", "coordinates": [126.8490552, 37.5436694]}, "properties": {"id": "1170", "gu": "강서구", "dong": "화곡동", "jibun": "50-94", "addr": "강서구 화곡동 50-94", "대지면적": "152.00", "건폐율": "52.29", "용적률": "103.08", "주택형태": "단독주택", "노후년수": "33.0", "임대세대수": "5", "지형높이": "완경사", "지형형상": "세로장방", "도로접면": "세로한면(가)", "OSC공법": "소형", "공시지가_2026": 2770000, "PNU": "1150010300100500094", "공공도서관": 0, "유치원": 7, "어린이집": 27, "중고등학교": 0, "초등학교": 4, "지하철역": 1, "주민센터": 1, "대학교": 1, "병원": 3, "버스정류장": 51, "대형점포": 2, "공연장": 1, "공원": 2, "신규임대유형": "청년"}}, {"type": "Feature", "geometry": {"type": "Point", "coordinates": [126.8491983, 37.5415517]}, "properties": {"id": "1173", "gu": "강서구", "dong": "화곡동", "jibun": "55-71", "addr": "강서구 화곡동 55-71", "대지면적": "179.79", "건폐율": "59.62", "용적률": "174.56", "주택형태": "단독주택", "노후년수": "27.0", "임대세대수": "6", "지형높이": "완경사", "지형형상": "세로장방", "도로접면": "세로한면(가)", "OSC공법": "소형", "공시지가_2026": 2813000, "PNU": "1150010300100550071", "공공도서관": 0, "유치원": 6, "어린이집": 29, "중고등학교": 2, "초등학교": 3, "지하철역": 1, "주민센터": 1, "대학교": 0, "병원": 3, "버스정류장": 59, "대형점포": 1, "공연장": 1, "공원": 1, "신규임대유형": "청년"}}, {"type": "Feature", "geometry": {"type": "Point", "coordinates": [126.8492285, 37.5420578]}, "properties": {"id": "1175", "gu": "강서구", "dong": "화곡동", "jibun": "55-95", "addr": "강서구 화곡동 55-95", "대지면적": "169.00", "건폐율": "59.85", "용적률": "112.11", "주택형태": "단독주택", "노후년수": "27.3", "임대세대수": "4", "지형높이": "완경사", "지형형상": "정방형", "도로접면": "세로한면(가)", "OSC공법": "소형", "공시지가_2026": 2813000, "PNU": "1150010300100550095", "공공도서관": 0, "유치원": 6, "어린이집": 30, "중고등학교": 0, "초등학교": 3, "지하철역": 1, "주민센터": 1, "대학교": 0, "병원": 3, "버스정류장": 60, "대형점포": 2, "공연장": 1, "공원": 2, "신규임대유형": "청년"}}, {"type": "Feature", "geometry": {"type": "Point", "coordinates": [126.8495353, 37.5411984]}, "properties": {"id": "1176", "gu": "강서구", "dong": "화곡동", "jibun": "56-16", "addr": "강서구 화곡동 56-16", "대지면적": "198.00", "건폐율": "58.12", "용적률": "112.74", "주택형태": "단독주택", "노후년수": "33.3", "임대세대수": "5", "지형높이": "완경사", "지형형상": "정방형", "도로접면": "세로각지(가)", "OSC공법": "소형", "공시지가_2026": 2891000, "PNU": "1150010300100560016", "공공도서관": 0, "유치원": 6, "어린이집": 28, "중고등학교": 3, "초등학교": 3, "지하철역": 1, "주민센터": 1, "대학교": 0, "병원": 3, "버스정류장": 66, "대형점포": 1, "공연장": 1, "공원": 1, "신규임대유형": "청년"}}, {"type": "Feature", "geometry": {"type": "Point", "coordinates": [126.8518654, 37.5405474]}, "properties": {"id": "1178", "gu": "강서구", "dong": "화곡동", "jibun": "56-85", "addr": "강서구 화곡동 56-85", "대지면적": "192.00", "건폐율": "58.32", "용적률": "174.97", "주택형태": "단독주택", "노후년수": "23.5", "임대세대수": "6", "지형높이": "완경사", "지형형상": "세로장방", "도로접면": "세로한면(가)", "OSC공법": "소형", "공시지가_2026": 2795000, "PNU": "1150010300100560085", "공공도서관": 0, "유치원": 7, "어린이집": 29, "중고등학교": 3, "초등학교": 3, "지하철역": 0, "주민센터": 1, "대학교": 0, "병원": 0, "버스정류장": 72, "대형점포": 0, "공연장": 0, "공원": 0, "신규임대유형": "신혼부부"}}, {"type": "Feature", "geometry": {"type": "Point", "coordinates": [126.8494327, 37.5390259]}, "properties": {"id": "1184", "gu": "강서구", "dong": "화곡동", "jibun": "56-224", "addr": "강서구 화곡동 56-224", "대지면적": "185.00", "건폐율": "47.01", "용적률": "91.83", "주택형태": "단독주택", "노후년수": "33.9", "임대세대수": "5", "지형높이": "완경사", "지형형상": "세로장방", "도로접면": "세로한면(가)", "OSC공법": "소형", "공시지가_2026": 2708000, "PNU": "1150010300100560224", "공공도서관": 0, "유치원": 7, "어린이집": 31, "중고등학교": 4, "초등학교": 3, "지하철역": 0, "주민센터": 2, "대학교": 0, "병원": 3, "버스정류장": 78, "대형점포": 0, "공연장": 0, "공원": 0, "신규임대유형": "청년"}}, {"type": "Feature", "geometry": {"type": "Point", "coordinates": [126.8492894, 37.5387944]}, "properties": {"id": "1189", "gu": "강서구", "dong": "화곡동", "jibun": "56-424", "addr": "강서구 화곡동 56-424", "대지면적": "180.81", "건폐율": "59.85", "용적률": "209.76", "주택형태": "공동주택", "노후년수": "22.4", "임대세대수": "1", "지형높이": "완경사", "지형형상": "세로장방", "도로접면": "세로한면(가)", "OSC공법": "", "공시지가_2026": 2708000, "PNU": "1150010300100560424", "공공도서관": 0, "유치원": 7, "어린이집": 31, "중고등학교": 4, "초등학교": 4, "지하철역": 1, "주민센터": 2, "대학교": 0, "병원": 4, "버스정류장": 80, "대형점포": 0, "공연장": 0, "공원": 0, "신규임대유형": "청년"}}, {"type": "Feature", "geometry": {"type": "Point", "coordinates": [126.8499081, 37.5392457]}, "properties": {"id": "1190", "gu": "강서구", "dong": "화곡동", "jibun": "56-489", "addr": "강서구 화곡동 56-489", "대지면적": "185.00", "건폐율": "50.11", "용적률": "98.50", "주택형태": "단독주택", "노후년수": "34.0", "임대세대수": "4", "지형높이": "완경사", "지형형상": "가로장방", "도로접면": "세로각지(가)", "OSC공법": "소형", "공시지가_2026": 2816000, "PNU": "1150010300100560489", "공공도서관": 0, "유치원": 7, "어린이집": 30, "중고등학교": 4, "초등학교": 3, "지하철역": 0, "주민센터": 2, "대학교": 0, "병원": 2, "버스정류장": 78, "대형점포": 0, "공연장": 0, "공원": 0, "신규임대유형": "청년"}}, {"type": "Feature", "geometry": {"type": "Point", "coordinates": [126.8485649, 37.540102]}, "properties": {"id": "1191", "gu": "강서구", "dong": "화곡동", "jibun": "56-493", "addr": "강서구 화곡동 56-493", "대지면적": "116.00", "건폐율": "59.90", "용적률": "218.36", "주택형태": "공동주택", "노후년수": "21.8", "임대세대수": "1", "지형높이": "완경사", "지형형상": "사다리형", "도로접면": "세로각지(가)", "OSC공법": "", "공시지가_2026": 2965000, "PNU": "1150010300100560493", "공공도서관": 0, "유치원": 5, "어린이집": 28, "중고등학교": 3, "초등학교": 3, "지하철역": 1, "주민센터": 1, "대학교": 0, "병원": 3, "버스정류장": 67, "대형점포": 0, "공연장": 1, "공원": 0, "신규임대유형": "청년"}}, {"type": "Feature", "geometry": {"type": "Point", "coordinates": [126.8486909, 37.5399572]}, "properties": {"id": "1192", "gu": "강서구", "dong": "화곡동", "jibun": "56-509", "addr": "강서구 화곡동 56-509", "대지면적": "148.00", "건폐율": "49.80", "용적률": "99.60", "주택형태": "단독주택", "노후년수": "34.1", "임대세대수": "4", "지형높이": "완경사", "지형형상": "세로장방", "도로접면": "세로한면(가)", "OSC공법": "소형", "공시지가_2026": 2587000, "PNU": "1150010300100560509", "공공도서관": 0, "유치원": 6, "어린이집": 28, "중고등학교": 3, "초등학교": 3, "지하철역": 1, "주민센터": 1, "대학교": 0, "병원": 3, "버스정류장": 67, "대형점포": 0, "공연장": 1, "공원": 0, "신규임대유형": "청년"}}, {"type": "Feature", "geometry": {"type": "Point", "coordinates": [126.8495004, 37.5394326]}, "properties": {"id": "1193", "gu": "강서구", "dong": "화곡동", "jibun": "56-522", "addr": "강서구 화곡동 56-522", "대지면적": "150.10", "건폐율": "58.96", "용적률": "108.29", "주택형태": "단독주택", "노후년수": "31.6", "임대세대수": "5", "지형높이": "완경사", "지형형상": "세로장방", "도로접면": "세로한면(가)", "OSC공법": "소형", "공시지가_2026": 2725000, "PNU": "1150010300100560522", "공공도서관": 0, "유치원": 7, "어린이집": 30, "중고등학교": 4, "초등학교": 3, "지하철역": 0, "주민센터": 2, "대학교": 0, "병원": 3, "버스정류장": 76, "대형점포": 0, "공연장": 1, "공원": 0, "신규임대유형": "청년"}}, {"type": "Feature", "geometry": {"type": "Point", "coordinates": [126.8493391, 37.5404248]}, "properties": {"id": "1194", "gu": "강서구", "dong": "화곡동", "jibun": "56-542", "addr": "강서구 화곡동 56-542", "대지면적": "191.72", "건폐율": "48.49", "용적률": "80.74", "주택형태": "공동주택", "노후년수": "31.8", "임대세대수": "5", "지형높이": "완경사", "지형형상": "자루형", "도로접면": "세로한면(가)", "OSC공법": "소형", "공시지가_2026": 2365000, "PNU": "1150010300100560542", "공공도서관": 0, "유치원": 6, "어린이집": 28, "중고등학교": 4, "초등학교": 3, "지하철역": 1, "주민센터": 1, "대학교": 0, "병원": 3, "버스정류장": 67, "대형점포": 1, "공연장": 1, "공원": 1, "신규임대유형": "청년"}}, {"type": "Feature", "geometry": {"type": "Point", "coordinates": [126.8486815, 37.5401459]}, "properties": {"id": "1196", "gu": "강서구", "dong": "화곡동", "jibun": "57-21", "addr": "강서구 화곡동 57-21", "대지면적": "162.00", "건폐율": "58.36", "용적률": "97.68", "주택형태": "공동주택", "노후년수": "31.3", "임대세대수": "5", "지형높이": "완경사", "지형형상": "세로장방", "도로접면": "세로한면(가)", "OSC공법": "소형", "공시지가_2026": 2587000, "PNU": "1150010300100570021", "공공도서관": 0, "유치원": 5, "어린이집": 27, "중고등학교": 3, "초등학교": 3, "지하철역": 1, "주민센터": 1, "대학교": 0, "병원": 3, "버스정류장": 67, "대형점포": 0, "공연장": 1, "공원": 0, "신규임대유형": "청년"}}, {"type": "Feature", "geometry": {"type": "Point", "coordinates": [126.8478274, 37.5419524]}, "properties": {"id": "1198", "gu": "강서구", "dong": "화곡동", "jibun": "59-39", "addr": "강서구 화곡동 59-39", "대지면적": "233.00", "건폐율": "53.17", "용적률": "86.60", "주택형태": "단독주택", "노후년수": "27.1", "임대세대수": "5", "지형높이": "평지", "지형형상": "자루형", "도로접면": "세로한면(가)", "OSC공법": "소형", "공시지가_2026": 2925000, "PNU": "1150010300100590039", "공공도서관": 0, "유치원": 7, "어린이집": 28, "중고등학교": 1, "초등학교": 4, "지하철역": 1, "주민센터": 1, "대학교": 0, "병원": 6, "버스정류장": 58, "대형점포": 3, "공연장": 1, "공원": 3, "신규임대유형": "청년"}}, {"type": "Feature", "geometry": {"type": "Point", "coordinates": [126.846315, 37.5416837]}, "properties": {"id": "1200", "gu": "강서구", "dong": "화곡동", "jibun": "61-89", "addr": "강서구 화곡동 61-89", "대지면적": "255.00", "건폐율": "59.91", "용적률": "174.46", "주택형태": "단독주택", "노후년수": "27.5", "임대세대수": "9", "지형높이": "완경사", "지형형상": "정방형", "도로접면": "세로한면(가)", "OSC공법": "소형", "공시지가_2026": 3462000, "PNU": "1150010300100610089", "공공도서관": 0, "유치원": 5, "어린이집": 31, "중고등학교": 1, "초등학교": 3, "지하철역": 1, "주민센터": 2, "대학교": 0, "병원": 8, "버스정류장": 59, "대형점포": 3, "공연장": 1, "공원": 3, "신규임대유형": "청년"}}, {"type": "Feature", "geometry": {"type": "Point", "coordinates": [126.8467744, 37.5419605]}, "properties": {"id": "1201", "gu": "강서구", "dong": "화곡동", "jibun": "61-113", "addr": "강서구 화곡동 61-113", "대지면적": "188.10", "건폐율": "59.35", "용적률": "163.39", "주택형태": "단독주택", "노후년수": "30.9", "임대세대수": "7", "지형높이": "평지", "지형형상": "정방형", "도로접면": "소로한면", "OSC공법": "중형", "공시지가_2026": 3546000, "PNU": "1150010300100610113", "공공도서관": 0, "유치원": 6, "어린이집": 30, "중고등학교": 1, "초등학교": 3, "지하철역": 1, "주민센터": 2, "대학교": 0, "병원": 7, "버스정류장": 60, "대형점포": 4, "공연장": 1, "공원": 4, "신규임대유형": "청년"}}, {"type": "Feature", "geometry": {"type": "Point", "coordinates": [126.8435468, 37.5462396]}, "properties": {"id": "1202", "gu": "강서구", "dong": "화곡동", "jibun": "95-102", "addr": "강서구 화곡동 95-102", "대지면적": "150.01", "건폐율": "58.88", "용적률": "160.22", "주택형태": "단독주택", "노후년수": "28.4", "임대세대수": "7", "지형높이": "완경사", "지형형상": "세로장방", "도로접면": "세로한면(가)", "OSC공법": "소형", "공시지가_2026": 3147000, "PNU": "1150010300100950102", "공공도서관": 2, "유치원": 9, "어린이집": 33, "중고등학교": 0, "초등학교": 5, "지하철역": 2, "주민센터": 3, "대학교": 1, "병원": 8, "버스정류장": 56, "대형점포": 6, "공연장": 2, "공원": 6, "신규임대유형": "청년"}}, {"type": "Feature", "geometry": {"type": "Point", "coordinates": [126.8444009, 37.5438146]}, "properties": {"id": "1203", "gu": "강서구", "dong": "화곡동", "jibun": "98-31", "addr": "강서구 화곡동 98-31", "대지면적": "254.00", "건폐율": "59.24", "용적률": "160.71", "주택형태": "단독주택", "노후년수": "29.3", "임대세대수": "14", "지형높이": "평지", "지형형상": "사다리형", "도로접면": "세로한면(가)", "OSC공법": "소형", "공시지가_2026": 3762000, "PNU": "1150010300100980031", "공공도서관": 1, "유치원": 8, "어린이집": 32, "중고등학교": 0, "초등학교": 4, "지하철역": 1, "주민센터": 3, "대학교": 1, "병원": 8, "버스정류장": 51, "대형점포": 4, "공연장": 1, "공원": 4, "신규임대유형": "청년"}}, {"type": "Feature", "geometry": {"type": "Point", "coordinates": [126.8453259, 37.5395113]}, "properties": {"id": "1205", "gu": "강서구", "dong": "화곡동", "jibun": "102-170", "addr": "강서구 화곡동 102-170", "대지면적": "188.00", "건폐율": "59.86", "용적률": "175.80", "주택형태": "공동주택", "노후년수": "23.3", "임대세대수": "1", "지형높이": "완경사", "지형형상": "가로장방", "도로접면": "세로한면(가)", "OSC공법": "", "공시지가_2026": 2893000, "PNU": "1150010300101020170", "공공도서관": 0, "유치원": 5, "어린이집": 32, "중고등학교": 1, "초등학교": 3, "지하철역": 1, "주민센터": 2, "대학교": 0, "병원": 9, "버스정류장": 65, "대형점포": 3, "공연장": 2, "공원": 3, "신규임대유형": "청년"}}, {"type": "Feature", "geometry": {"type": "Point", "coordinates": [126.8475743, 37.5395376]}, "properties": {"id": "1206", "gu": "강서구", "dong": "화곡동", "jibun": "102-356", "addr": "강서구 화곡동 102-356", "대지면적": "", "건폐율": "", "용적률": "", "주택형태": "", "노후년수": "", "임대세대수": "", "지형높이": "완경사", "지형형상": "가로장방", "도로접면": "세로한면(가)", "OSC공법": "소형", "공시지가_2026": 2908000, "PNU": "1150010300101020356", "공공도서관": 0, "유치원": 6, "어린이집": 32, "중고등학교": 1, "초등학교": 4, "지하철역": 1, "주민센터": 2, "대학교": 0, "병원": 7, "버스정류장": 68, "대형점포": 1, "공연장": 1, "공원": 1, "신규임대유형": "청년"}}, {"type": "Feature", "geometry": {"type": "Point", "coordinates": [126.8437758, 37.538174]}, "properties": {"id": "1207", "gu": "강서구", "dong": "화곡동", "jibun": "105-437", "addr": "강서구 화곡동 105-437", "대지면적": "0.00", "건폐율": "59.36", "용적률": "0.00", "주택형태": "단독주택", "노후년수": "28.0", "임대세대수": "8", "지형높이": "완경사", "지형형상": "사다리형", "도로접면": "세로한면(불)", "OSC공법": "소형", "공시지가_2026": 2569000, "PNU": "1150010300101050437", "공공도서관": 0, "유치원": 6, "어린이집": 34, "중고등학교": 1, "초등학교": 4, "지하철역": 2, "주민센터": 3, "대학교": 0, "병원": 9, "버스정류장": 68, "대형점포": 5, "공연장": 2, "공원": 5, "신규임대유형": "청년"}}, {"type": "Feature", "geometry": {"type": "Point", "coordinates": [126.8438553, 37.5385589]}, "properties": {"id": "1209", "gu": "강서구", "dong": "화곡동", "jibun": "105-426", "addr": "강서구 화곡동 105-426", "대지면적": "241.00", "건폐율": "44.22", "용적률": "159.52", "주택형태": "공동주택", "노후년수": "38.7", "임대세대수": "1", "지형높이": "완경사", "지형형상": "세로장방", "도로접면": "세로한면(가)", "OSC공법": "", "공시지가_2026": 2790000, "PNU": "1150010300101050426", "공공도서관": 0, "유치원": 6, "어린이집": 32, "중고등학교": 1, "초등학교": 4, "지하철역": 2, "주민센터": 3, "대학교": 0, "병원": 9, "버스정류장": 69, "대형점포": 4, "공연장": 2, "공원": 4, "신규임대유형": "청년"}}, {"type": "Feature", "geometry": {"type": "Point", "coordinates": [126.8508927, 37.5366437]}, "properties": {"id": "1210", "gu": "강서구", "dong": "화곡동", "jibun": "151-12", "addr": "강서구 화곡동 151-12", "대지면적": "205.00", "건폐율": "53.43", "용적률": "80.73", "주택형태": "단독주택", "노후년수": "32.8", "임대세대수": "8", "지형높이": "완경사", "지형형상": "세로장방", "도로접면": "세로한면(가)", "OSC공법": "소형", "공시지가_2026": 2635000, "PNU": "1150010300101510012", "공공도서관": 0, "유치원": 8, "어린이집": 33, "중고등학교": 4, "초등학교": 3, "지하철역": 1, "주민센터": 2, "대학교": 0, "병원": 1, "버스정류장": 83, "대형점포": 1, "공연장": 0, "공원": 1, "신규임대유형": "청년"}}, {"type": "Feature", "geometry": {"type": "Point", "coordinates": [126.8505056, 37.5348751]}, "properties": {"id": "1211", "gu": "강서구", "dong": "화곡동", "jibun": "156-27", "addr": "강서구 화곡동 156-27", "대지면적": "244.90", "건폐율": "59.97", "용적률": "103.54", "주택형태": "단독주택", "노후년수": "28.4", "임대세대수": "5", "지형높이": "완경사", "지형형상": "세로장방", "도로접면": "세로한면(가)", "OSC공법": "소형", "공시지가_2026": 3194000, "PNU": "1150010300101560027", "공공도서관": 1, "유치원": 9, "어린이집": 36, "중고등학교": 4, "초등학교": 3, "지하철역": 1, "주민센터": 2, "대학교": 0, "병원": 1, "버스정류장": 90, "대형점포": 2, "공연장": 0, "공원": 2, "신규임대유형": "청년"}}, {"type": "Feature", "geometry": {"type": "Point", "coordinates": [126.8509647, 37.5349547]}, "properties": {"id": "1212", "gu": "강서구", "dong": "화곡동", "jibun": "156-29", "addr": "강서구 화곡동 156-29", "대지면적": "188.00", "건폐율": "51.80", "용적률": "115.86", "주택형태": "단독주택", "노후년수": "34.2", "임대세대수": "6", "지형높이": "완경사", "지형형상": "세로장방", "도로접면": "소로한면", "OSC공법": "중형", "공시지가_2026": 3830000, "PNU": "1150010300101560029", "공공도서관": 1, "유치원": 8, "어린이집": 35, "중고등학교": 4, "초등학교": 3, "지하철역": 1, "주민센터": 2, "대학교": 0, "병원": 1, "버스정류장": 96, "대형점포": 2, "공연장": 0, "공원": 2, "신규임대유형": "청년"}}, {"type": "Feature", "geometry": {"type": "Point", "coordinates": [126.8503852, 37.5333284]}, "properties": {"id": "1213", "gu": "강서구", "dong": "화곡동", "jibun": "158-10", "addr": "강서구 화곡동 158-10", "대지면적": "140.10", "건폐율": "51.43", "용적률": "103.60", "주택형태": "공동주택", "노후년수": "33.2", "임대세대수": "1", "지형높이": "완경사", "지형형상": "정방형", "도로접면": "세로각지(가)", "OSC공법": "", "공시지가_2026": 3827000, "PNU": "1150010300101580010", "공공도서관": 1, "유치원": 6, "어린이집": 33, "중고등학교": 1, "초등학교": 1, "지하철역": 1, "주민센터": 2, "대학교": 0, "병원": 1, "버스정류장": 88, "대형점포": 2, "공연장": 0, "공원": 2, "신규임대유형": "청년"}}, {"type": "Feature", "geometry": {"type": "Point", "coordinates": [126.850902, 37.5329063]}, "properties": {"id": "1214", "gu": "강서구", "dong": "화곡동", "jibun": "158-27", "addr": "강서구 화곡동 158-27", "대지면적": "252.56", "건폐율": "59.46", "용적률": "151.33", "주택형태": "단독주택", "노후년수": "27.1", "임대세대수": "7", "지형높이": "완경사", "지형형상": "세로장방", "도로접면": "세로한면(가)", "OSC공법": "소형", "공시지가_2026": 3622000, "PNU": "1150010300101580027", "공공도서관": 1, "유치원": 7, "어린이집": 32, "중고등학교": 0, "초등학교": 2, "지하철역": 1, "주민센터": 2, "대학교": 0, "병원": 1, "버스정류장": 88, "대형점포": 2, "공연장": 0, "공원": 2, "신규임대유형": "청년"}}, {"type": "Feature", "geometry": {"type": "Point", "coordinates": [126.8508942, 37.5330209]}, "properties": {"id": "1215", "gu": "강서구", "dong": "화곡동", "jibun": "158-46", "addr": "강서구 화곡동 158-46", "대지면적": "191.70", "건폐율": "44.33", "용적률": "150.01", "주택형태": "공동주택", "노후년수": "27.2", "임대세대수": "1", "지형높이": "완경사", "지형형상": "정방형", "도로접면": "세로한면(가)", "OSC공법": "", "공시지가_2026": 3622000, "PNU": "1150010300101580046", "공공도서관": 1, "유치원": 7, "어린이집": 31, "중고등학교": 0, "초등학교": 2, "지하철역": 1, "주민센터": 2, "대학교": 0, "병원": 1, "버스정류장": 88, "대형점포": 2, "공연장": 0, "공원": 2, "신규임대유형": "청년"}}, {"type": "Feature", "geometry": {"type": "Point", "coordinates": [126.8516867, 37.5363496]}, "properties": {"id": "1218", "gu": "강서구", "dong": "화곡동", "jibun": "167-41", "addr": "강서구 화곡동 167-41", "대지면적": "320.20", "건폐율": "58.34", "용적률": "164.13", "주택형태": "단독주택", "노후년수": "30.0", "임대세대수": "8", "지형높이": "완경사", "지형형상": "가로장방", "도로접면": "소로각지", "OSC공법": "중형", "공시지가_2026": 2883000, "PNU": "1150010300101670041", "공공도서관": 0, "유치원": 9, "어린이집": 36, "중고등학교": 3, "초등학교": 3, "지하철역": 1, "주민센터": 2, "대학교": 0, "병원": 1, "버스정류장": 87, "대형점포": 2, "공연장": 0, "공원": 2, "신규임대유형": "청년"}}, {"type": "Feature", "geometry": {"type": "Point", "coordinates": [126.8527131, 37.5358815]}, "properties": {"id": "1219", "gu": "강서구", "dong": "화곡동", "jibun": "167-42", "addr": "강서구 화곡동 167-42", "대지면적": "177.10", "건폐율": "51.01", "용적률": "145.75", "주택형태": "공동주택", "노후년수": "22.3", "임대세대수": "1", "지형높이": "완경사", "지형형상": "가로장방", "도로접면": "세로각지(가)", "OSC공법": "", "공시지가_2026": 2710000, "PNU": "1150010300101670042", "공공도서관": 1, "유치원": 8, "어린이집": 35, "중고등학교": 3, "초등학교": 3, "지하철역": 1, "주민센터": 3, "대학교": 0, "병원": 0, "버스정류장": 92, "대형점포": 2, "공연장": 0, "공원": 2, "신규임대유형": "청년"}}, {"type": "Feature", "geometry": {"type": "Point", "coordinates": [126.8424382, 37.5356998]}, "properties": {"id": "1221", "gu": "강서구", "dong": "화곡동", "jibun": "351-11", "addr": "강서구 화곡동 351-11", "대지면적": "283.90", "건폐율": "59.86", "용적률": "183.98", "주택형태": "단독주택", "노후년수": "31.0", "임대세대수": "5", "지형높이": "완경사", "지형형상": "세로장방", "도로접면": "세로한면(가)", "OSC공법": "소형", "공시지가_2026": 3316000, "PNU": "1150010300103510011", "공공도서관": 0, "유치원": 8, "어린이집": 31, "중고등학교": 1, "초등학교": 3, "지하철역": 2, "주민센터": 2, "대학교": 0, "병원": 8, "버스정류장": 54, "대형점포": 5, "공연장": 1, "공원": 5, "신규임대유형": "청년"}}, {"type": "Feature", "geometry": {"type": "Point", "coordinates": [126.8384101, 37.5324849]}, "properties": {"id": "1225", "gu": "강서구", "dong": "화곡동", "jibun": "359-41", "addr": "강서구 화곡동 359-41", "대지면적": "153.00", "건폐율": "54.30", "용적률": "111.43", "주택형태": "단독주택", "노후년수": "33.1", "임대세대수": "7", "지형높이": "평지", "지형형상": "세로장방", "도로접면": "세로한면(가)", "OSC공법": "소형", "공시지가_2026": 3439000, "PNU": "1150010300103590041", "공공도서관": 0, "유치원": 3, "어린이집": 25, "중고등학교": 1, "초등학교": 1, "지하철역": 1, "주민센터": 2, "대학교": 0, "병원": 3, "버스정류장": 37, "대형점포": 3, "공연장": 1, "공원": 3, "신규임대유형": "청년"}}, {"type": "Feature", "geometry": {"type": "Point", "coordinates": [126.8408895, 37.5341751]}, "properties": {"id": "1227", "gu": "강서구", "dong": "화곡동", "jibun": "366-95", "addr": "강서구 화곡동 366-95", "대지면적": "128.52", "건폐율": "58.48", "용적률": "104.27", "주택형태": "단독주택", "노후년수": "28.0", "임대세대수": "7", "지형높이": "평지", "지형형상": "세로장방", "도로접면": "세로각지(가)", "OSC공법": "소형", "공시지가_2026": 3822000, "PNU": "1150010300103660095", "공공도서관": 0, "유치원": 6, "어린이집": 29, "중고등학교": 1, "초등학교": 2, "지하철역": 1, "주민센터": 2, "대학교": 0, "병원": 3, "버스정류장": 43, "대형점포": 3, "공연장": 1, "공원": 3, "신규임대유형": "청년"}}, {"type": "Feature", "geometry": {"type": "Point", "coordinates": [126.8396952, 37.5364929]}, "properties": {"id": "1228", "gu": "강서구", "dong": "화곡동", "jibun": "368-71", "addr": "강서구 화곡동 368-71", "대지면적": "152.10", "건폐율": "59.81", "용적률": "142.95", "주택형태": "단독주택", "노후년수": "28.0", "임대세대수": "4", "지형높이": "평지", "지형형상": "세로장방", "도로접면": "세로한면(가)", "OSC공법": "소형", "공시지가_2026": 3749000, "PNU": "1150010300103680071", "공공도서관": 0, "유치원": 7, "어린이집": 29, "중고등학교": 1, "초등학교": 2, "지하철역": 2, "주민센터": 2, "대학교": 0, "병원": 10, "버스정류장": 48, "대형점포": 5, "공연장": 2, "공원": 5, "신규임대유형": "유지"}}, {"type": "Feature", "geometry": {"type": "Point", "coordinates": [126.8405064, 37.5360369]}, "properties": {"id": "1229", "gu": "강서구", "dong": "화곡동", "jibun": "369-13", "addr": "강서구 화곡동 369-13", "대지면적": "128.50", "건폐율": "57.24", "용적률": "153.12", "주택형태": "단독주택", "노후년수": "33.9", "임대세대수": "5", "지형높이": "평지", "지형형상": "세로장방", "도로접면": "세로한면(가)", "OSC공법": "소형", "공시지가_2026": 3606000, "PNU": "1150010300103690013", "공공도서관": 0, "유치원": 6, "어린이집": 29, "중고등학교": 1, "초등학교": 2, "지하철역": 2, "주민센터": 3, "대학교": 0, "병원": 9, "버스정류장": 49, "대형점포": 5, "공연장": 2, "공원": 5, "신규임대유형": "유지"}}, {"type": "Feature", "geometry": {"type": "Point", "coordinates": [126.8399147, 37.5362246]}, "properties": {"id": "1230", "gu": "강서구", "dong": "화곡동", "jibun": "369-22", "addr": "강서구 화곡동 369-22", "대지면적": "128.20", "건폐율": "52.19", "용적률": "101.04", "주택형태": "단독주택", "노후년수": "29.7", "임대세대수": "8", "지형높이": "평지", "지형형상": "세로장방", "도로접면": "세로한면(가)", "OSC공법": "소형", "공시지가_2026": 3606000, "PNU": "1150010300103690022", "공공도서관": 0, "유치원": 6, "어린이집": 29, "중고등학교": 1, "초등학교": 2, "지하철역": 2, "주민센터": 2, "대학교": 0, "병원": 9, "버스정류장": 47, "대형점포": 5, "공연장": 2, "공원": 5, "신규임대유형": "유지"}}, {"type": "Feature", "geometry": {"type": "Point", "coordinates": [126.8500761, 37.534758]}, "properties": {"id": "1235", "gu": "강서구", "dong": "화곡동", "jibun": "395-2", "addr": "강서구 화곡동 395-2", "대지면적": "146.80", "건폐율": "55.77", "용적률": "149.22", "주택형태": "단독주택", "노후년수": "27.1", "임대세대수": "11", "지형높이": "완경사", "지형형상": "사다리형", "도로접면": "세로한면(가)", "OSC공법": "소형", "공시지가_2026": 3562000, "PNU": "1150010300103950002", "공공도서관": 1, "유치원": 9, "어린이집": 37, "중고등학교": 3, "초등학교": 3, "지하철역": 1, "주민센터": 2, "대학교": 0, "병원": 1, "버스정류장": 87, "대형점포": 1, "공연장": 0, "공원": 1, "신규임대유형": "청년"}}, {"type": "Feature", "geometry": {"type": "Point", "coordinates": [126.8485593, 37.5347914]}, "properties": {"id": "1236", "gu": "강서구", "dong": "화곡동", "jibun": "397-26", "addr": "강서구 화곡동 397-26", "대지면적": "294.50", "건폐율": "0.00", "용적률": "163.47", "주택형태": "공동주택", "노후년수": "37.7", "임대세대수": "1", "지형높이": "평지", "지형형상": "세로장방", "도로접면": "세로한면(가)", "OSC공법": "", "공시지가_2026": 3716000, "PNU": "1150010300103970026", "공공도서관": 1, "유치원": 7, "어린이집": 37, "중고등학교": 1, "초등학교": 2, "지하철역": 1, "주민센터": 3, "대학교": 0, "병원": 1, "버스정류장": 78, "대형점포": 1, "공연장": 0, "공원": 1, "신규임대유형": "청년"}}, {"type": "Feature", "geometry": {"type": "Point", "coordinates": [126.8457318, 37.5379583]}, "properties": {"id": "1238", "gu": "강서구", "dong": "화곡동", "jibun": "408-83", "addr": "강서구 화곡동 408-83", "대지면적": "", "건폐율": "", "용적률": "", "주택형태": "", "노후년수": "", "임대세대수": "", "지형높이": "완경사", "지형형상": "가로장방", "도로접면": "세로한면(불)", "OSC공법": "소형", "공시지가_2026": 2771000, "PNU": "1150010300104080083", "공공도서관": 0, "유치원": 5, "어린이집": 35, "중고등학교": 1, "초등학교": 3, "지하철역": 2, "주민센터": 2, "대학교": 0, "병원": 8, "버스정류장": 71, "대형점포": 4, "공연장": 2, "공원": 4, "신규임대유형": "청년"}}, {"type": "Feature", "geometry": {"type": "Point", "coordinates": [126.8478038, 37.5384372]}, "properties": {"id": "1239", "gu": "강서구", "dong": "화곡동", "jibun": "409-50", "addr": "강서구 화곡동 409-50", "대지면적": "0.00", "건폐율": "59.89", "용적률": "0.00", "주택형태": "단독주택", "노후년수": "33.6", "임대세대수": "6", "지형높이": "완경사", "지형형상": "세로장방", "도로접면": "세로한면(가)", "OSC공법": "소형", "공시지가_2026": 2998000, "PNU": "1150010300104090050", "공공도서관": 0, "유치원": 7, "어린이집": 35, "중고등학교": 1, "초등학교": 4, "지하철역": 2, "주민센터": 2, "대학교": 0, "병원": 4, "버스정류장": 75, "대형점포": 1, "공연장": 1, "공원": 1, "신규임대유형": "청년"}}, {"type": "Feature", "geometry": {"type": "Point", "coordinates": [126.8474194, 37.5371068]}, "properties": {"id": "1240", "gu": "강서구", "dong": "화곡동", "jibun": "409-145", "addr": "강서구 화곡동 409-145", "대지면적": "131.00", "건폐율": "59.50", "용적률": "97.77", "주택형태": "단독주택", "노후년수": "31.0", "임대세대수": "7", "지형높이": "완경사", "지형형상": "세로장방", "도로접면": "세로한면(불)", "OSC공법": "소형", "공시지가_2026": 3021000, "PNU": "1150010300104090145", "공공도서관": 0, "유치원": 9, "어린이집": 37, "중고등학교": 1, "초등학교": 5, "지하철역": 2, "주민센터": 2, "대학교": 0, "병원": 4, "버스정류장": 82, "대형점포": 2, "공연장": 0, "공원": 2, "신규임대유형": "청년"}}, {"type": "Feature", "geometry": {"type": "Point", "coordinates": [126.8454023, 37.5358927]}, "properties": {"id": "1241", "gu": "강서구", "dong": "화곡동", "jibun": "409-224", "addr": "강서구 화곡동 409-224", "대지면적": "146.00", "건폐율": "59.95", "용적률": "118.65", "주택형태": "단독주택", "노후년수": "27.4", "임대세대수": "3", "지형높이": "완경사", "지형형상": "가로장방", "도로접면": "세로한면(가)", "OSC공법": "소형", "공시지가_2026": 3058000, "PNU": "1150010300104090224", "공공도서관": 0, "유치원": 7, "어린이집": 36, "중고등학교": 1, "초등학교": 3, "지하철역": 2, "주민센터": 2, "대학교": 0, "병원": 5, "버스정류장": 69, "대형점포": 2, "공연장": 1, "공원": 2, "신규임대유형": "청년"}}, {"type": "Feature", "geometry": {"type": "Point", "coordinates": [126.8497288, 37.5374954]}, "properties": {"id": "1242", "gu": "강서구", "dong": "화곡동", "jibun": "410-11", "addr": "강서구 화곡동 410-11", "대지면적": "152.00", "건폐율": "59.99", "용적률": "140.90", "주택형태": "단독주택", "노후년수": "31.6", "임대세대수": "5", "지형높이": "완경사", "지형형상": "세로장방", "도로접면": "세로한면(가)", "OSC공법": "소형", "공시지가_2026": 3091000, "PNU": "1150010300104100011", "공공도서관": 0, "유치원": 9, "어린이집": 33, "중고등학교": 4, "초등학교": 4, "지하철역": 1, "주민센터": 3, "대학교": 0, "병원": 1, "버스정류장": 79, "대형점포": 1, "공연장": 0, "공원": 1, "신규임대유형": "신혼부부"}}, {"type": "Feature", "geometry": {"type": "Point", "coordinates": [126.8470186, 37.5369642]}, "properties": {"id": "1244", "gu": "강서구", "dong": "화곡동", "jibun": "410-176", "addr": "강서구 화곡동 410-176", "대지면적": "133.00", "건폐율": "55.90", "용적률": "119.90", "주택형태": "단독주택", "노후년수": "28.6", "임대세대수": "8", "지형높이": "완경사", "지형형상": "정방형", "도로접면": "세로한면(불)", "OSC공법": "소형", "공시지가_2026": 3021000, "PNU": "1150010300104100176", "공공도서관": 0, "유치원": 8, "어린이집": 37, "중고등학교": 1, "초등학교": 4, "지하철역": 2, "주민센터": 2, "대학교": 0, "병원": 4, "버스정류장": 76, "대형점포": 2, "공연장": 0, "공원": 2, "신규임대유형": "신혼부부"}}, {"type": "Feature", "geometry": {"type": "Point", "coordinates": [126.8494204, 37.5383553]}, "properties": {"id": "1246", "gu": "강서구", "dong": "화곡동", "jibun": "410-208", "addr": "강서구 화곡동 410-208", "대지면적": "159.00", "건폐율": "59.96", "용적률": "103.70", "주택형태": "단독주택", "노후년수": "30.7", "임대세대수": "7", "지형높이": "완경사", "지형형상": "가로장방", "도로접면": "세로각지(가)", "OSC공법": "소형", "공시지가_2026": 2816000, "PNU": "1150010300104100208", "공공도서관": 0, "유치원": 7, "어린이집": 32, "중고등학교": 4, "초등학교": 4, "지하철역": 1, "주민센터": 2, "대학교": 0, "병원": 3, "버스정류장": 78, "대형점포": 1, "공연장": 0, "공원": 1, "신규임대유형": "신혼부부"}}, {"type": "Feature", "geometry": {"type": "Point", "coordinates": [126.8402383, 37.5311536]}, "properties": {"id": "1248", "gu": "강서구", "dong": "화곡동", "jibun": "424-158", "addr": "강서구 화곡동 424-158", "대지면적": "179.60", "건폐율": "49.15", "용적률": "158.01", "주택형태": "공동주택", "노후년수": "25.1", "임대세대수": "1", "지형높이": "평지", "지형형상": "세로장방", "도로접면": "세로한면(가)", "OSC공법": "", "공시지가_2026": 3689000, "PNU": "1150010300104240158", "공공도서관": 2, "유치원": 5, "어린이집": 30, "중고등학교": 1, "초등학교": 2, "지하철역": 1, "주민센터": 5, "대학교": 0, "병원": 3, "버스정류장": 37, "대형점포": 2, "공연장": 1, "공원": 2, "신규임대유형": "청년"}}, {"type": "Feature", "geometry": {"type": "Point", "coordinates": [126.8513359, 37.5337107]}, "properties": {"id": "1249", "gu": "강서구", "dong": "화곡동", "jibun": "452-13", "addr": "강서구 화곡동 452-13", "대지면적": "182.00", "건폐율": "59.48", "용적률": "95.70", "주택형태": "단독주택", "노후년수": "29.1", "임대세대수": "7", "지형높이": "완경사", "지형형상": "세로장방", "도로접면": "소로한면", "OSC공법": "중형", "공시지가_2026": 3830000, "PNU": "1150010300104520013", "공공도서관": 1, "유치원": 7, "어린이집": 32, "중고등학교": 2, "초등학교": 2, "지하철역": 1, "주민센터": 2, "대학교": 0, "병원": 1, "버스정류장": 93, "대형점포": 2, "공연장": 0, "공원": 2, "신규임대유형": "청년"}}, {"type": "Feature", "geometry": {"type": "Point", "coordinates": [126.8531836, 37.5336115]}, "properties": {"id": "1250", "gu": "강서구", "dong": "화곡동", "jibun": "454-7", "addr": "강서구 화곡동 454-7", "대지면적": "279.20", "건폐율": "59.66", "용적률": "187.28", "주택형태": "단독주택", "노후년수": "33.3", "임대세대수": "4", "지형높이": "완경사", "지형형상": "세로장방", "도로접면": "소로한면", "OSC공법": "중형", "공시지가_2026": 3387000, "PNU": "1150010300104540007", "공공도서관": 2, "유치원": 8, "어린이집": 32, "중고등학교": 3, "초등학교": 2, "지하철역": 1, "주민센터": 3, "대학교": 0, "병원": 1, "버스정류장": 90, "대형점포": 2, "공연장": 0, "공원": 2, "신규임대유형": "청년"}}, {"type": "Feature", "geometry": {"type": "Point", "coordinates": [126.8531469, 37.5343209]}, "properties": {"id": "1251", "gu": "강서구", "dong": "화곡동", "jibun": "455-18", "addr": "강서구 화곡동 455-18", "대지면적": "168.60", "건폐율": "59.76", "용적률": "148.17", "주택형태": "단독주택", "노후년수": "27.9", "임대세대수": "7", "지형높이": "완경사", "지형형상": "세로장방", "도로접면": "세로한면(가)", "OSC공법": "소형", "공시지가_2026": 3075000, "PNU": "1150010300104550018", "공공도서관": 2, "유치원": 8, "어린이집": 32, "중고등학교": 3, "초등학교": 2, "지하철역": 1, "주민센터": 3, "대학교": 0, "병원": 1, "버스정류장": 90, "대형점포": 2, "공연장": 0, "공원": 2, "신규임대유형": "청년"}}, {"type": "Feature", "geometry": {"type": "Point", "coordinates": [126.8541172, 37.5358466]}, "properties": {"id": "1253", "gu": "강서구", "dong": "화곡동", "jibun": "459-10", "addr": "강서구 화곡동 459-10", "대지면적": "155.30", "건폐율": "49.52", "용적률": "99.05", "주택형태": "공동주택", "노후년수": "34.1", "임대세대수": "1", "지형높이": "완경사", "지형형상": "가로장방", "도로접면": "세로한면(불)", "OSC공법": "", "공시지가_2026": 2889000, "PNU": "1150010300104590010", "공공도서관": 1, "유치원": 9, "어린이집": 31, "중고등학교": 3, "초등학교": 2, "지하철역": 1, "주민센터": 3, "대학교": 0, "병원": 0, "버스정류장": 88, "대형점포": 1, "공연장": 0, "공원": 1, "신규임대유형": "청년"}}, {"type": "Feature", "geometry": {"type": "Point", "coordinates": [126.8550716, 37.5365158]}, "properties": {"id": "1255", "gu": "강서구", "dong": "화곡동", "jibun": "465-17", "addr": "강서구 화곡동 465-17", "대지면적": "112.70", "건폐율": "59.62", "용적률": "164.70", "주택형태": "단독주택", "노후년수": "31.6", "임대세대수": "6", "지형높이": "평지", "지형형상": "정방형", "도로접면": "세로한면(가)", "OSC공법": "소형", "공시지가_2026": 3429000, "PNU": "1150010300104650017", "공공도서관": 1, "유치원": 7, "어린이집": 32, "중고등학교": 3, "초등학교": 2, "지하철역": 0, "주민센터": 3, "대학교": 0, "병원": 0, "버스정류장": 83, "대형점포": 1, "공연장": 0, "공원": 1, "신규임대유형": "신혼부부"}}, {"type": "Feature", "geometry": {"type": "Point", "coordinates": [126.8603172, 37.53684]}, "properties": {"id": "1263", "gu": "강서구", "dong": "화곡동", "jibun": "504-35", "addr": "강서구 화곡동 504-35", "대지면적": "159.00", "건폐율": "59.68", "용적률": "110.23", "주택형태": "단독주택", "노후년수": "32.2", "임대세대수": "5", "지형높이": "완경사", "지형형상": "세로장방", "도로접면": "세로한면(가)", "OSC공법": "소형", "공시지가_2026": 2986000, "PNU": "1150010300105040035", "공공도서관": 2, "유치원": 6, "어린이집": 20, "중고등학교": 6, "초등학교": 2, "지하철역": 0, "주민센터": 3, "대학교": 0, "병원": 2, "버스정류장": 65, "대형점포": 2, "공연장": 0, "공원": 2, "신규임대유형": "청년"}}, {"type": "Feature", "geometry": {"type": "Point", "coordinates": [126.8617276, 37.5363097]}, "properties": {"id": "1264", "gu": "강서구", "dong": "화곡동", "jibun": "504-153", "addr": "강서구 화곡동 504-153", "대지면적": "176.97", "건폐율": "49.07", "용적률": "93.13", "주택형태": "단독주택", "노후년수": "35.3", "임대세대수": "3", "지형높이": "완경사", "지형형상": "사다리형", "도로접면": "세로한면(가)", "OSC공법": "소형", "공시지가_2026": 3252000, "PNU": "1150010300105040153", "공공도서관": 2, "유치원": 6, "어린이집": 21, "중고등학교": 6, "초등학교": 3, "지하철역": 0, "주민센터": 3, "대학교": 0, "병원": 2, "버스정류장": 68, "대형점포": 2, "공연장": 0, "공원": 2, "신규임대유형": "청년"}}, {"type": "Feature", "geometry": {"type": "Point", "coordinates": [126.8511893, 37.5461122]}, "properties": {"id": "1266", "gu": "강서구", "dong": "화곡동", "jibun": "772-29", "addr": "강서구 화곡동 772-29", "대지면적": "284.00", "건폐율": "59.71", "용적률": "207.57", "주택형태": "공동주택", "노후년수": "26.4", "임대세대수": "1", "지형높이": "완경사", "지형형상": "세로장방", "도로접면": "세로각지(가)", "OSC공법": "", "공시지가_2026": 2658000, "PNU": "1150010300107720029", "공공도서관": 1, "유치원": 5, "어린이집": 26, "중고등학교": 1, "초등학교": 5, "지하철역": 0, "주민센터": 2, "대학교": 1, "병원": 0, "버스정류장": 44, "대형점포": 2, "공연장": 0, "공원": 2, "신규임대유형": "청년"}}, {"type": "Feature", "geometry": {"type": "Point", "coordinates": [126.8504005, 37.5453954]}, "properties": {"id": "1267", "gu": "강서구", "dong": "화곡동", "jibun": "772-38", "addr": "강서구 화곡동 772-38", "대지면적": "189.20", "건폐율": "53.76", "용적률": "98.72", "주택형태": "단독주택", "노후년수": "33.1", "임대세대수": "5", "지형높이": "완경사", "지형형상": "정방형", "도로접면": "세로한면(가)", "OSC공법": "소형", "공시지가_2026": 2669000, "PNU": "1150010300107720038", "공공도서관": 0, "유치원": 6, "어린이집": 24, "중고등학교": 0, "초등학교": 4, "지하철역": 0, "주민센터": 2, "대학교": 1, "병원": 1, "버스정류장": 42, "대형점포": 2, "공연장": 0, "공원": 2, "신규임대유형": "신혼부부"}}, {"type": "Feature", "geometry": {"type": "Point", "coordinates": [126.859701, 37.5359363]}, "properties": {"id": "1272", "gu": "강서구", "dong": "화곡동", "jibun": "814-35", "addr": "강서구 화곡동 814-35", "대지면적": "179.40", "건폐율": "58.73", "용적률": "104.75", "주택형태": "단독주택", "노후년수": "30.3", "임대세대수": "5", "지형높이": "평지", "지형형상": "사다리형", "도로접면": "세로각지(가)", "OSC공법": "소형", "공시지가_2026": 3623000, "PNU": "1150010300108140035", "공공도서관": 2, "유치원": 5, "어린이집": 23, "중고등학교": 6, "초등학교": 3, "지하철역": 0, "주민센터": 3, "대학교": 0, "병원": 2, "버스정류장": 71, "대형점포": 2, "공연장": 0, "공원": 2, "신규임대유형": "신혼부부"}}, {"type": "Feature", "geometry": {"type": "Point", "coordinates": [126.856803, 37.5353345]}, "properties": {"id": "1274", "gu": "강서구", "dong": "화곡동", "jibun": "821-27", "addr": "강서구 화곡동 821-27", "대지면적": "130.20", "건폐율": "59.90", "용적률": "177.05", "주택형태": "단독주택", "노후년수": "31.3", "임대세대수": "7", "지형높이": "평지", "지형형상": "정방형", "도로접면": "소로한면", "OSC공법": "중형", "공시지가_2026": 3741000, "PNU": "1150010300108210027", "공공도서관": 1, "유치원": 6, "어린이집": 22, "중고등학교": 4, "초등학교": 2, "지하철역": 0, "주민센터": 2, "대학교": 0, "병원": 2, "버스정류장": 84, "대형점포": 1, "공연장": 0, "공원": 1, "신규임대유형": "신혼부부"}}, {"type": "Feature", "geometry": {"type": "Point", "coordinates": [126.8591685, 37.5355464]}, "properties": {"id": "1276", "gu": "강서구", "dong": "화곡동", "jibun": "826-3", "addr": "강서구 화곡동 826-3", "대지면적": "156.00", "건폐율": "59.23", "용적률": "115.07", "주택형태": "단독주택", "노후년수": "31.6", "임대세대수": "5", "지형높이": "평지", "지형형상": "세로장방", "도로접면": "세로한면(가)", "OSC공법": "소형", "공시지가_2026": 3579000, "PNU": "1150010300108260003", "공공도서관": 2, "유치원": 6, "어린이집": 25, "중고등학교": 6, "초등학교": 3, "지하철역": 0, "주민센터": 2, "대학교": 0, "병원": 2, "버스정류장": 75, "대형점포": 2, "공연장": 0, "공원": 2, "신규임대유형": "신혼부부"}}, {"type": "Feature", "geometry": {"type": "Point", "coordinates": [126.8572949, 37.5301344]}, "properties": {"id": "1279", "gu": "강서구", "dong": "화곡동", "jibun": "845-34", "addr": "강서구 화곡동 845-34", "대지면적": "159.40", "건폐율": "55.28", "용적률": "104.27", "주택형태": "단독주택", "노후년수": "33.6", "임대세대수": "6", "지형높이": "평지", "지형형상": "세로장방", "도로접면": "세로한면(불)", "OSC공법": "소형", "공시지가_2026": 4054000, "PNU": "1150010300108450034", "공공도서관": 3, "유치원": 10, "어린이집": 26, "중고등학교": 1, "초등학교": 3, "지하철역": 2, "주민센터": 3, "대학교": 0, "병원": 5, "버스정류장": 64, "대형점포": 1, "공연장": 0, "공원": 1, "신규임대유형": "청년"}}, {"type": "Feature", "geometry": {"type": "Point", "coordinates": [126.8575196, 37.5304195]}, "properties": {"id": "1280", "gu": "강서구", "dong": "화곡동", "jibun": "846-45", "addr": "강서구 화곡동 846-45", "대지면적": "125.10", "건폐율": "59.92", "용적률": "104.89", "주택형태": "단독주택", "노후년수": "31.3", "임대세대수": "5", "지형높이": "평지", "지형형상": "세로장방", "도로접면": "세로각지(가)", "OSC공법": "소형", "공시지가_2026": 3840000, "PNU": "1150010300108460045", "공공도서관": 3, "유치원": 9, "어린이집": 27, "중고등학교": 1, "초등학교": 2, "지하철역": 2, "주민센터": 3, "대학교": 0, "병원": 5, "버스정류장": 67, "대형점포": 1, "공연장": 0, "공원": 1, "신규임대유형": "청년"}}, {"type": "Feature", "geometry": {"type": "Point", "coordinates": [126.8562157, 37.530754]}, "properties": {"id": "1281", "gu": "강서구", "dong": "화곡동", "jibun": "850-4", "addr": "강서구 화곡동 850-4", "대지면적": "187.80", "건폐율": "52.98", "용적률": "198.64", "주택형태": "공동주택", "노후년수": "20.9", "임대세대수": "7", "지형높이": "평지", "지형형상": "세로장방", "도로접면": "소로한면", "OSC공법": "중형", "공시지가_2026": 4165000, "PNU": "1150010300108500004", "공공도서관": 3, "유치원": 8, "어린이집": 30, "중고등학교": 0, "초등학교": 2, "지하철역": 1, "주민센터": 4, "대학교": 0, "병원": 5, "버스정류장": 74, "대형점포": 1, "공연장": 0, "공원": 1, "신규임대유형": "신혼부부"}}, {"type": "Feature", "geometry": {"type": "Point", "coordinates": [126.8560451, 37.530073]}, "properties": {"id": "1282", "gu": "강서구", "dong": "화곡동", "jibun": "852-28", "addr": "강서구 화곡동 852-28", "대지면적": "180.07", "건폐율": "49.20", "용적률": "111.56", "주택형태": "단독주택", "노후년수": "35.8", "임대세대수": "6", "지형높이": "평지", "지형형상": "가로장방", "도로접면": "세로한면(가)", "OSC공법": "소형", "공시지가_2026": 4268000, "PNU": "1150010300108520028", "공공도서관": 3, "유치원": 9, "어린이집": 29, "중고등학교": 1, "초등학교": 2, "지하철역": 1, "주민센터": 4, "대학교": 0, "병원": 6, "버스정류장": 69, "대형점포": 1, "공연장": 0, "공원": 1, "신규임대유형": "신혼부부"}}, {"type": "Feature", "geometry": {"type": "Point", "coordinates": [126.854134, 37.5309539]}, "properties": {"id": "1283", "gu": "강서구", "dong": "화곡동", "jibun": "858-22", "addr": "강서구 화곡동 858-22", "대지면적": "122.70", "건폐율": "49.97", "용적률": "99.95", "주택형태": "단독주택", "노후년수": "34.1", "임대세대수": "5", "지형높이": "평지", "지형형상": "자루형", "도로접면": "세로한면(가)", "OSC공법": "소형", "공시지가_2026": 3192000, "PNU": "1150010300108580022", "공공도서관": 3, "유치원": 8, "어린이집": 31, "중고등학교": 1, "초등학교": 2, "지하철역": 2, "주민센터": 4, "대학교": 0, "병원": 3, "버스정류장": 77, "대형점포": 2, "공연장": 0, "공원": 2, "신규임대유형": "신혼부부"}}, {"type": "Feature", "geometry": {"type": "Point", "coordinates": [126.8567538, 37.5338795]}, "properties": {"id": "1284", "gu": "강서구", "dong": "화곡동", "jibun": "866-16", "addr": "강서구 화곡동 866-16", "대지면적": "212.70", "건폐율": "58.58", "용적률": "229.67", "주택형태": "공동주택", "노후년수": "23.2", "임대세대수": "1", "지형높이": "평지", "지형형상": "자루형", "도로접면": "소로한면", "OSC공법": "", "공시지가_2026": 3442000, "PNU": "1150010300108660016", "공공도서관": 1, "유치원": 7, "어린이집": 22, "중고등학교": 3, "초등학교": 2, "지하철역": 0, "주민센터": 3, "대학교": 0, "병원": 2, "버스정류장": 80, "대형점포": 1, "공연장": 0, "공원": 1, "신규임대유형": "청년"}}, {"type": "Feature", "geometry": {"type": "Point", "coordinates": [126.8534206, 37.5325994]}, "properties": {"id": "1285", "gu": "강서구", "dong": "화곡동", "jibun": "869-34", "addr": "강서구 화곡동 869-34", "대지면적": "226.80", "건폐율": "39.27", "용적률": "72.38", "주택형태": "단독주택", "노후년수": "34.0", "임대세대수": "6", "지형높이": "완경사", "지형형상": "자루형", "도로접면": "세로한면(가)", "OSC공법": "소형", "공시지가_2026": 3089000, "PNU": "1150010300108690034", "공공도서관": 3, "유치원": 8, "어린이집": 36, "중고등학교": 3, "초등학교": 3, "지하철역": 1, "주민센터": 3, "대학교": 0, "병원": 1, "버스정류장": 86, "대형점포": 2, "공연장": 0, "공원": 2, "신규임대유형": "신혼부부"}}, {"type": "Feature", "geometry": {"type": "Point", "coordinates": [126.8499581, 37.530057]}, "properties": {"id": "1287", "gu": "강서구", "dong": "화곡동", "jibun": "895-5", "addr": "강서구 화곡동 895-5", "대지면적": "162.60", "건폐율": "59.88", "용적률": "145.71", "주택형태": "단독주택", "노후년수": "28.0", "임대세대수": "8", "지형높이": "평지", "지형형상": "세로장방", "도로접면": "소로한면", "OSC공법": "중형", "공시지가_2026": 4320000, "PNU": "1150010300108950005", "공공도서관": 2, "유치원": 6, "어린이집": 31, "중고등학교": 1, "초등학교": 3, "지하철역": 1, "주민센터": 4, "대학교": 0, "병원": 2, "버스정류장": 68, "대형점포": 1, "공연장": 0, "공원": 1, "신규임대유형": "신혼부부"}}, {"type": "Feature", "geometry": {"type": "Point", "coordinates": [126.845457, 37.5296085]}, "properties": {"id": "1288", "gu": "강서구", "dong": "화곡동", "jibun": "900-36", "addr": "강서구 화곡동 900-36", "대지면적": "121.85", "건폐율": "67.85", "용적률": "108.08", "주택형태": "단독주택", "노후년수": "31.6", "임대세대수": "4", "지형높이": "평지", "지형형상": "세로장방", "도로접면": "세로한면(가)", "OSC공법": "소형", "공시지가_2026": 4322000, "PNU": "1150010300109000036", "공공도서관": 2, "유치원": 4, "어린이집": 32, "중고등학교": 2, "초등학교": 4, "지하철역": 1, "주민센터": 4, "대학교": 0, "병원": 3, "버스정류장": 40, "대형점포": 1, "공연장": 0, "공원": 1, "신규임대유형": "신혼부부"}}, {"type": "Feature", "geometry": {"type": "Point", "coordinates": [126.8455903, 37.5281506]}, "properties": {"id": "1289", "gu": "강서구", "dong": "화곡동", "jibun": "910-6", "addr": "강서구 화곡동 910-6", "대지면적": "137.78", "건폐율": "52.17", "용적률": "120.96", "주택형태": "단독주택", "노후년수": "33.3", "임대세대수": "6", "지형높이": "평지", "지형형상": "세로장방", "도로접면": "세로한면(가)", "OSC공법": "소형", "공시지가_2026": 4298000, "PNU": "1150010300109100006", "공공도서관": 2, "유치원": 5, "어린이집": 30, "중고등학교": 1, "초등학교": 5, "지하철역": 1, "주민센터": 4, "대학교": 0, "병원": 4, "버스정류장": 42, "대형점포": 1, "공연장": 0, "공원": 1, "신규임대유형": "신혼부부"}}, {"type": "Feature", "geometry": {"type": "Point", "coordinates": [126.8441601, 37.5280365]}, "properties": {"id": "1291", "gu": "강서구", "dong": "화곡동", "jibun": "911-4", "addr": "강서구 화곡동 911-4", "대지면적": "150.40", "건폐율": "59.94", "용적률": "88.24", "주택형태": "단독주택", "노후년수": "31.1", "임대세대수": "5", "지형높이": "평지", "지형형상": "자루형", "도로접면": "세로한면(가)", "OSC공법": "소형", "공시지가_2026": 3545000, "PNU": "1150010300109110004", "공공도서관": 2, "유치원": 5, "어린이집": 31, "중고등학교": 1, "초등학교": 4, "지하철역": 1, "주민센터": 4, "대학교": 0, "병원": 3, "버스정류장": 37, "대형점포": 1, "공연장": 0, "공원": 1, "신규임대유형": "신혼부부"}}, {"type": "Feature", "geometry": {"type": "Point", "coordinates": [126.8417429, 37.5292774]}, "properties": {"id": "1293", "gu": "강서구", "dong": "화곡동", "jibun": "924-12", "addr": "강서구 화곡동 924-12", "대지면적": "127.70", "건폐율": "61.11", "용적률": "103.66", "주택형태": "단독주택", "노후년수": "31.2", "임대세대수": "5", "지형높이": "평지", "지형형상": "세로장방", "도로접면": "세로한면(가)", "OSC공법": "소형", "공시지가_2026": 4441000, "PNU": "1150010300109240012", "공공도서관": 2, "유치원": 5, "어린이집": 31, "중고등학교": 1, "초등학교": 4, "지하철역": 1, "주민센터": 4, "대학교": 0, "병원": 2, "버스정류장": 30, "대형점포": 2, "공연장": 0, "공원": 2, "신규임대유형": "신혼부부"}}, {"type": "Feature", "geometry": {"type": "Point", "coordinates": [126.8409083, 37.5279894]}, "properties": {"id": "1294", "gu": "강서구", "dong": "화곡동", "jibun": "934-11", "addr": "강서구 화곡동 934-11", "대지면적": "135.90", "건폐율": "59.89", "용적률": "114.20", "주택형태": "단독주택", "노후년수": "33.2", "임대세대수": "6", "지형높이": "평지", "지형형상": "가로장방", "도로접면": "세로한면(가)", "OSC공법": "소형", "공시지가_2026": 4132000, "PNU": "1150010300109340011", "공공도서관": 2, "유치원": 4, "어린이집": 28, "중고등학교": 0, "초등학교": 3, "지하철역": 1, "주민센터": 3, "대학교": 0, "병원": 2, "버스정류장": 37, "대형점포": 1, "공연장": 0, "공원": 1, "신규임대유형": "신혼부부"}}, {"type": "Feature", "geometry": {"type": "Point", "coordinates": [126.8404249, 37.5280011]}, "properties": {"id": "1295", "gu": "강서구", "dong": "화곡동", "jibun": "934-29", "addr": "강서구 화곡동 934-29", "대지면적": "171.90", "건폐율": "53.72", "용적률": "135.85", "주택형태": "단독주택", "노후년수": "27.3", "임대세대수": "5", "지형높이": "평지", "지형형상": "자루형", "도로접면": "중로한면", "OSC공법": "소형", "공시지가_2026": 4346000, "PNU": "1150010300109340029", "공공도서관": 2, "유치원": 4, "어린이집": 28, "중고등학교": 0, "초등학교": 3, "지하철역": 1, "주민센터": 3, "대학교": 0, "병원": 2, "버스정류장": 36, "대형점포": 1, "공연장": 0, "공원": 1, "신규임대유형": "신혼부부"}}, {"type": "Feature", "geometry": {"type": "Point", "coordinates": [126.839894, 37.52921]}, "properties": {"id": "1296", "gu": "강서구", "dong": "화곡동", "jibun": "936-31", "addr": "강서구 화곡동 936-31", "대지면적": "171.60", "건폐율": "67.36", "용적률": "182.09", "주택형태": "단독주택", "노후년수": "33.0", "임대세대수": "17", "지형높이": "평지", "지형형상": "정방형", "도로접면": "세로한면(가)", "OSC공법": "소형", "공시지가_2026": 4485000, "PNU": "1150010300109360031", "공공도서관": 2, "유치원": 4, "어린이집": 29, "중고등학교": 0, "초등학교": 3, "지하철역": 1, "주민센터": 3, "대학교": 0, "병원": 2, "버스정류장": 29, "대형점포": 2, "공연장": 0, "공원": 2, "신규임대유형": "신혼부부"}}, {"type": "Feature", "geometry": {"type": "Point", "coordinates": [126.8513638, 37.5481629]}, "properties": {"id": "1297", "gu": "강서구", "dong": "화곡동", "jibun": "961-2", "addr": "강서구 화곡동 961-2", "대지면적": "227.10", "건폐율": "57.97", "용적률": "95.58", "주택형태": "단독주택", "노후년수": "32.2", "임대세대수": "5", "지형높이": "완경사", "지형형상": "가로장방", "도로접면": "세로한면(가)", "OSC공법": "소형", "공시지가_2026": 3136000, "PNU": "1150010300109610002", "공공도서관": 1, "유치원": 4, "어린이집": 18, "중고등학교": 1, "초등학교": 4, "지하철역": 0, "주민센터": 2, "대학교": 2, "병원": 0, "버스정류장": 46, "대형점포": 2, "공연장": 0, "공원": 2, "신규임대유형": "청년"}}, {"type": "Feature", "geometry": {"type": "Point", "coordinates": [126.8508327, 37.5477123]}, "properties": {"id": "1298", "gu": "강서구", "dong": "화곡동", "jibun": "963-7", "addr": "강서구 화곡동 963-7", "대지면적": "157.70", "건폐율": "59.97", "용적률": "160.10", "주택형태": "단독주택", "노후년수": "30.5", "임대세대수": "7", "지형높이": "평지", "지형형상": "정방형", "도로접면": "세로한면(가)", "OSC공법": "소형", "공시지가_2026": 3073000, "PNU": "1150010300109630007", "공공도서관": 1, "유치원": 4, "어린이집": 23, "중고등학교": 1, "초등학교": 4, "지하철역": 0, "주민센터": 3, "대학교": 2, "병원": 0, "버스정류장": 48, "대형점포": 2, "공연장": 0, "공원": 2, "신규임대유형": "신혼부부"}}, {"type": "Feature", "geometry": {"type": "Point", "coordinates": [126.850308, 37.5468381]}, "properties": {"id": "1299", "gu": "강서구", "dong": "화곡동", "jibun": "964-9", "addr": "강서구 화곡동 964-9", "대지면적": "170.00", "건폐율": "57.93", "용적률": "113.55", "주택형태": "단독주택", "노후년수": "33.4", "임대세대수": "5", "지형높이": "평지", "지형형상": "정방형", "도로접면": "소로각지", "OSC공법": "중형", "공시지가_2026": 3546000, "PNU": "1150010300109640009", "공공도서관": 1, "유치원": 5, "어린이집": 24, "중고등학교": 1, "초등학교": 5, "지하철역": 0, "주민센터": 3, "대학교": 2, "병원": 0, "버스정류장": 52, "대형점포": 2, "공연장": 0, "공원": 2, "신규임대유형": "신혼부부"}}, {"type": "Feature", "geometry": {"type": "Point", "coordinates": [126.8491967, 37.5491136]}, "properties": {"id": "1303", "gu": "강서구", "dong": "화곡동", "jibun": "975-15", "addr": "강서구 화곡동 975-15", "대지면적": "136.47", "건폐율": "59.82", "용적률": "162.74", "주택형태": "단독주택", "노후년수": "30.0", "임대세대수": "7", "지형높이": "평지", "지형형상": "가로장방", "도로접면": "세로각지(가)", "OSC공법": "소형", "공시지가_2026": 4243000, "PNU": "1150010300109750015", "공공도서관": 1, "유치원": 5, "어린이집": 19, "중고등학교": 0, "초등학교": 4, "지하철역": 0, "주민센터": 3, "대학교": 2, "병원": 0, "버스정류장": 48, "대형점포": 2, "공연장": 1, "공원": 2, "신규임대유형": "신혼부부"}}, {"type": "Feature", "geometry": {"type": "Point", "coordinates": [126.8488916, 37.5489778]}, "properties": {"id": "1304", "gu": "강서구", "dong": "화곡동", "jibun": "975-19", "addr": "강서구 화곡동 975-19", "대지면적": "184.90", "건폐율": "59.68", "용적률": "164.91", "주택형태": "단독주택", "노후년수": "28.6", "임대세대수": "8", "지형높이": "평지", "지형형상": "정방형", "도로접면": "세로각지(가)", "OSC공법": "소형", "공시지가_2026": 4138000, "PNU": "1150010300109750019", "공공도서관": 1, "유치원": 4, "어린이집": 19, "중고등학교": 0, "초등학교": 3, "지하철역": 0, "주민센터": 3, "대학교": 2, "병원": 0, "버스정류장": 50, "대형점포": 2, "공연장": 1, "공원": 2, "신규임대유형": "청년"}}, {"type": "Feature", "geometry": {"type": "Point", "coordinates": [126.8464748, 37.5502155]}, "properties": {"id": "1306", "gu": "강서구", "dong": "화곡동", "jibun": "985-9", "addr": "강서구 화곡동 985-9", "대지면적": "344.74", "건폐율": "43.10", "용적률": "149.45", "주택형태": "공동주택", "노후년수": "23.0", "임대세대수": "10", "지형높이": "완경사", "지형형상": "사다리형", "도로접면": "세로한면(가)", "OSC공법": "소형", "공시지가_2026": 3190000, "PNU": "1150010300109850009", "공공도서관": 1, "유치원": 5, "어린이집": 22, "중고등학교": 0, "초등학교": 4, "지하철역": 0, "주민센터": 3, "대학교": 2, "병원": 0, "버스정류장": 50, "대형점포": 2, "공연장": 1, "공원": 2, "신규임대유형": "청년"}}, {"type": "Feature", "geometry": {"type": "Point", "coordinates": [126.8476955, 37.5518436]}, "properties": {"id": "1307", "gu": "강서구", "dong": "화곡동", "jibun": "995-14", "addr": "강서구 화곡동 995-14", "대지면적": "153.10", "건폐율": "59.82", "용적률": "159.36", "주택형태": "공동주택", "노후년수": "23.2", "임대세대수": "5", "지형높이": "평지", "지형형상": "세로장방", "도로접면": "세로한면(가)", "OSC공법": "소형", "공시지가_2026": 3899000, "PNU": "1150010300109950014", "공공도서관": 1, "유치원": 3, "어린이집": 18, "중고등학교": 1, "초등학교": 2, "지하철역": 0, "주민센터": 3, "대학교": 2, "병원": 3, "버스정류장": 55, "대형점포": 2, "공연장": 2, "공원": 2, "신규임대유형": "청년"}}, {"type": "Feature", "geometry": {"type": "Point", "coordinates": [126.834367, 37.5468391]}, "properties": {"id": "1309", "gu": "강서구", "dong": "화곡동", "jibun": "1010-9", "addr": "강서구 화곡동 1010-9", "대지면적": "131.10", "건폐율": "53.98", "용적률": "102.84", "주택형태": "단독주택", "노후년수": "33.4", "임대세대수": "4", "지형높이": "평지", "지형형상": "세로장방", "도로접면": "세로한면(가)", "OSC공법": "소형", "공시지가_2026": 3650000, "PNU": "1150010300110100009", "공공도서관": 2, "유치원": 7, "어린이집": 26, "중고등학교": 10, "초등학교": 3, "지하철역": 1, "주민센터": 2, "대학교": 1, "병원": 8, "버스정류장": 34, "대형점포": 5, "공연장": 1, "공원": 5, "신규임대유형": "청년"}}, {"type": "Feature", "geometry": {"type": "Point", "coordinates": [126.834897, 37.5451037]}, "properties": {"id": "1310", "gu": "강서구", "dong": "화곡동", "jibun": "1015-29", "addr": "강서구 화곡동 1015-29", "대지면적": "165.40", "건폐율": "49.60", "용적률": "99.10", "주택형태": "단독주택", "노후년수": "34.3", "임대세대수": "5", "지형높이": "평지", "지형형상": "사다리형", "도로접면": "세로각지(가)", "OSC공법": "소형", "공시지가_2026": 4047000, "PNU": "1150010300110150029", "공공도서관": 2, "유치원": 8, "어린이집": 29, "중고등학교": 7, "초등학교": 4, "지하철역": 2, "주민센터": 2, "대학교": 0, "병원": 10, "버스정류장": 40, "대형점포": 6, "공연장": 1, "공원": 6, "신규임대유형": "청년"}}, {"type": "Feature", "geometry": {"type": "Point", "coordinates": [126.8344485, 37.5444737]}, "properties": {"id": "1311", "gu": "강서구", "dong": "화곡동", "jibun": "1016-30", "addr": "강서구 화곡동 1016-30", "대지면적": "213.50", "건폐율": "57.98", "용적률": "98.25", "주택형태": "단독주택", "노후년수": "27.2", "임대세대수": "5", "지형높이": "평지", "지형형상": "세로장방", "도로접면": "세로한면(가)", "OSC공법": "소형", "공시지가_2026": 3476000, "PNU": "1150010300110160030", "공공도서관": 2, "유치원": 8, "어린이집": 33, "중고등학교": 7, "초등학교": 4, "지하철역": 2, "주민센터": 2, "대학교": 0, "병원": 9, "버스정류장": 40, "대형점포": 7, "공연장": 1, "공원": 7, "신규임대유형": "청년"}}, {"type": "Feature", "geometry": {"type": "Point", "coordinates": [126.8332584, 37.5441875]}, "properties": {"id": "1312", "gu": "강서구", "dong": "화곡동", "jibun": "1017-10", "addr": "강서구 화곡동 1017-10", "대지면적": "145.80", "건폐율": "59.89", "용적률": "149.56", "주택형태": "단독주택", "노후년수": "26.7", "임대세대수": "5", "지형높이": "평지", "지형형상": "사다리형", "도로접면": "세로한면(가)", "OSC공법": "소형", "공시지가_2026": 3368000, "PNU": "1150010300110170010", "공공도서관": 1, "유치원": 6, "어린이집": 28, "중고등학교": 7, "초등학교": 3, "지하철역": 2, "주민센터": 1, "대학교": 0, "병원": 7, "버스정류장": 36, "대형점포": 7, "공연장": 1, "공원": 7, "신규임대유형": "신혼부부"}}, {"type": "Feature", "geometry": {"type": "Point", "coordinates": [126.8336533, 37.5437019]}, "properties": {"id": "1314", "gu": "강서구", "dong": "화곡동", "jibun": "1018-8", "addr": "강서구 화곡동 1018-8", "대지면적": "228.20", "건폐율": "57.98", "용적률": "199.57", "주택형태": "공동주택", "노후년수": "20.4", "임대세대수": "9", "지형높이": "평지", "지형형상": "자루형", "도로접면": "세로한면(가)", "OSC공법": "소형", "공시지가_2026": 3021000, "PNU": "1150010300110180008", "공공도서관": 1, "유치원": 6, "어린이집": 29, "중고등학교": 7, "초등학교": 3, "지하철역": 2, "주민센터": 1, "대학교": 0, "병원": 9, "버스정류장": 41, "대형점포": 7, "공연장": 2, "공원": 7, "신규임대유형": "청년"}}, {"type": "Feature", "geometry": {"type": "Point", "coordinates": [126.8338194, 37.543786]}, "properties": {"id": "1315", "gu": "강서구", "dong": "화곡동", "jibun": "1018-11", "addr": "강서구 화곡동 1018-11", "대지면적": "239.50", "건폐율": "59.90", "용적률": "163.47", "주택형태": "단독주택", "노후년수": "27.8", "임대세대수": "8", "지형높이": "평지", "지형형상": "가로장방", "도로접면": "세로한면(가)", "OSC공법": "소형", "공시지가_2026": 3473000, "PNU": "1150010300110180011", "공공도서관": 1, "유치원": 6, "어린이집": 29, "중고등학교": 7, "초등학교": 3, "지하철역": 2, "주민센터": 1, "대학교": 0, "병원": 9, "버스정류장": 41, "대형점포": 7, "공연장": 2, "공원": 7, "신규임대유형": "청년"}}, {"type": "Feature", "geometry": {"type": "Point", "coordinates": [126.8343181, 37.5436523]}, "properties": {"id": "1316", "gu": "강서구", "dong": "화곡동", "jibun": "1018-20", "addr": "강서구 화곡동 1018-20", "대지면적": "246.70", "건폐율": "59.47", "용적률": "162.13", "주택형태": "단독주택", "노후년수": "26.9", "임대세대수": "5", "지형높이": "평지", "지형형상": "사다리형", "도로접면": "세로한면(가)", "OSC공법": "소형", "공시지가_2026": 3368000, "PNU": "1150010300110180020", "공공도서관": 1, "유치원": 7, "어린이집": 31, "중고등학교": 7, "초등학교": 3, "지하철역": 2, "주민센터": 1, "대학교": 0, "병원": 9, "버스정류장": 45, "대형점포": 7, "공연장": 2, "공원": 7, "신규임대유형": "청년"}}, {"type": "Feature", "geometry": {"type": "Point", "coordinates": [126.8379343, 37.5431751]}, "properties": {"id": "1317", "gu": "강서구", "dong": "화곡동", "jibun": "1033-36", "addr": "강서구 화곡동 1033-36", "대지면적": "203.50", "건폐율": "59.24", "용적률": "153.89", "주택형태": "단독주택", "노후년수": "30.3", "임대세대수": "7", "지형높이": "평지", "지형형상": "사다리형", "도로접면": "세로한면(가)", "OSC공법": "소형", "공시지가_2026": 3518000, "PNU": "1150010300110330036", "공공도서관": 2, "유치원": 9, "어린이집": 31, "중고등학교": 3, "초등학교": 3, "지하철역": 2, "주민센터": 2, "대학교": 1, "병원": 9, "버스정류장": 53, "대형점포": 6, "공연장": 2, "공원": 6, "신규임대유형": "청년"}}, {"type": "Feature", "geometry": {"type": "Point", "coordinates": [126.8376728, 37.5434602]}, "properties": {"id": "1318", "gu": "강서구", "dong": "화곡동", "jibun": "1033-40", "addr": "강서구 화곡동 1033-40", "대지면적": "122.50", "건폐율": "59.96", "용적률": "119.31", "주택형태": "단독주택", "노후년수": "31.1", "임대세대수": "6", "지형높이": "평지", "지형형상": "세로장방", "도로접면": "세로한면(가)", "OSC공법": "소형", "공시지가_2026": 3627000, "PNU": "1150010300110330040", "공공도서관": 2, "유치원": 9, "어린이집": 30, "중고등학교": 3, "초등학교": 3, "지하철역": 2, "주민센터": 2, "대학교": 1, "병원": 9, "버스정류장": 53, "대형점포": 6, "공연장": 2, "공원": 6, "신규임대유형": "청년"}}, {"type": "Feature", "geometry": {"type": "Point", "coordinates": [126.836355, 37.5429692]}, "properties": {"id": "1319", "gu": "강서구", "dong": "화곡동", "jibun": "1036-27", "addr": "강서구 화곡동 1036-27", "대지면적": "262.30", "건폐율": "56.88", "용적률": "155.40", "주택형태": "단독주택", "노후년수": "27.2", "임대세대수": "9", "지형높이": "평지", "지형형상": "세로장방", "도로접면": "소로한면", "OSC공법": "중형", "공시지가_2026": 4114000, "PNU": "1150010300110360027", "공공도서관": 2, "유치원": 8, "어린이집": 31, "중고등학교": 4, "초등학교": 2, "지하철역": 2, "주민센터": 2, "대학교": 0, "병원": 9, "버스정류장": 47, "대형점포": 7, "공연장": 2, "공원": 7, "신규임대유형": "신혼부부"}}, {"type": "Feature", "geometry": {"type": "Point", "coordinates": [126.8339148, 37.5428552]}, "properties": {"id": "1322", "gu": "강서구", "dong": "화곡동", "jibun": "1040-10", "addr": "강서구 화곡동 1040-10", "대지면적": "183.20", "건폐율": "59.45", "용적률": "173.31", "주택형태": "단독주택", "노후년수": "28.5", "임대세대수": "7", "지형높이": "평지", "지형형상": "자루형", "도로접면": "세로한면(가)", "OSC공법": "소형", "공시지가_2026": 3144000, "PNU": "1150010300110400010", "공공도서관": 2, "유치원": 6, "어린이집": 28, "중고등학교": 7, "초등학교": 2, "지하철역": 2, "주민센터": 2, "대학교": 0, "병원": 9, "버스정류장": 45, "대형점포": 7, "공연장": 2, "공원": 7, "신규임대유형": "신혼부부"}}, {"type": "Feature", "geometry": {"type": "Point", "coordinates": [126.8339897, 37.5428585]}, "properties": {"id": "1323", "gu": "강서구", "dong": "화곡동", "jibun": "1040-11", "addr": "강서구 화곡동 1040-11", "대지면적": "246.80", "건폐율": "44.47", "용적률": "70.32", "주택형태": "단독주택", "노후년수": "34.1", "임대세대수": "4", "지형높이": "평지", "지형형상": "세로장방", "도로접면": "세로한면(가)", "OSC공법": "소형", "공시지가_2026": 3596000, "PNU": "1150010300110400011", "공공도서관": 2, "유치원": 6, "어린이집": 28, "중고등학교": 7, "초등학교": 2, "지하철역": 2, "주민센터": 2, "대학교": 0, "병원": 9, "버스정류장": 46, "대형점포": 7, "공연장": 2, "공원": 7, "신규임대유형": "신혼부부"}}, {"type": "Feature", "geometry": {"type": "Point", "coordinates": [126.8337503, 37.5419847]}, "properties": {"id": "1324", "gu": "강서구", "dong": "화곡동", "jibun": "1041-26", "addr": "강서구 화곡동 1041-26", "대지면적": "119.40", "건폐율": "59.19", "용적률": "109.93", "주택형태": "단독주택", "노후년수": "31.1", "임대세대수": "4", "지형높이": "평지", "지형형상": "자루형", "도로접면": "세로한면(가)", "OSC공법": "소형", "공시지가_2026": 3144000, "PNU": "1150010300110410026", "공공도서관": 2, "유치원": 6, "어린이집": 29, "중고등학교": 4, "초등학교": 2, "지하철역": 2, "주민센터": 2, "대학교": 0, "병원": 10, "버스정류장": 47, "대형점포": 5, "공연장": 2, "공원": 5, "신규임대유형": "청년"}}, {"type": "Feature", "geometry": {"type": "Point", "coordinates": [126.8337059, 37.5410666]}, "properties": {"id": "1325", "gu": "강서구", "dong": "화곡동", "jibun": "1043-4", "addr": "강서구 화곡동 1043-4", "대지면적": "128.73", "건폐율": "59.98", "용적률": "198.97", "주택형태": "공동주택", "노후년수": "22.7", "임대세대수": "5", "지형높이": "평지", "지형형상": "세로장방", "도로접면": "세로한면(가)", "OSC공법": "소형", "공시지가_2026": 3263000, "PNU": "1150010300110430004", "공공도서관": 2, "유치원": 7, "어린이집": 28, "중고등학교": 2, "초등학교": 3, "지하철역": 1, "주민센터": 2, "대학교": 0, "병원": 10, "버스정류장": 49, "대형점포": 5, "공연장": 2, "공원": 5, "신규임대유형": "청년"}}, {"type": "Feature", "geometry": {"type": "Point", "coordinates": [126.8376381, 37.5416207]}, "properties": {"id": "1326", "gu": "강서구", "dong": "화곡동", "jibun": "1049-34", "addr": "강서구 화곡동 1049-34", "대지면적": "134.70", "건폐율": "59.10", "용적률": "99.53", "주택형태": "단독주택", "노후년수": "28.6", "임대세대수": "5", "지형높이": "평지", "지형형상": "사다리형", "도로접면": "세로각지(가)", "OSC공법": "소형", "공시지가_2026": 4023000, "PNU": "1150010300110490034", "공공도서관": 1, "유치원": 8, "어린이집": 29, "중고등학교": 1, "초등학교": 3, "지하철역": 1, "주민센터": 1, "대학교": 0, "병원": 9, "버스정류장": 45, "대형점포": 5, "공연장": 2, "공원": 5, "신규임대유형": "청년"}}, {"type": "Feature", "geometry": {"type": "Point", "coordinates": [126.842628, 37.543661]}, "properties": {"id": "1328", "gu": "강서구", "dong": "화곡동", "jibun": "1060-10", "addr": "강서구 화곡동 1060-10", "대지면적": "176.68", "건폐율": "53.03", "용적률": "129.53", "주택형태": "단독주택", "노후년수": "28.3", "임대세대수": "7", "지형높이": "평지", "지형형상": "가로장방", "도로접면": "세로한면(불)", "OSC공법": "소형", "공시지가_2026": 3983000, "PNU": "1150010300110600010", "공공도서관": 2, "유치원": 7, "어린이집": 31, "중고등학교": 0, "초등학교": 4, "지하철역": 1, "주민센터": 3, "대학교": 1, "병원": 8, "버스정류장": 49, "대형점포": 4, "공연장": 2, "공원": 4, "신규임대유형": "신혼부부"}}, {"type": "Feature", "geometry": {"type": "Point", "coordinates": [126.835398, 37.5376866]}, "properties": {"id": "1329", "gu": "강서구", "dong": "화곡동", "jibun": "1088-3", "addr": "강서구 화곡동 1088-3", "대지면적": "327.60", "건폐율": "42.94", "용적률": "156.32", "주택형태": "공동주택", "노후년수": "33.1", "임대세대수": "1", "지형높이": "평지", "지형형상": "자루형", "도로접면": "세로한면(가)", "OSC공법": "소형", "공시지가_2026": 3152000, "PNU": "1150010300110880003", "공공도서관": 2, "유치원": 7, "어린이집": 24, "중고등학교": 3, "초등학교": 3, "지하철역": 1, "주민센터": 4, "대학교": 0, "병원": 10, "버스정류장": 48, "대형점포": 6, "공연장": 1, "공원": 6, "신규임대유형": "청년"}}, {"type": "Feature", "geometry": {"type": "Point", "coordinates": [126.8525811, 37.5522965]}, "properties": {"id": "1332", "gu": "강서구", "dong": "화곡동", "jibun": "1121-18", "addr": "강서구 화곡동 1121-18", "대지면적": "405.00", "건폐율": "57.89", "용적률": "111.54", "주택형태": "단독주택", "노후년수": "28.2", "임대세대수": "19", "지형높이": "평지", "지형형상": "세로장방", "도로접면": "세로한면(가)", "OSC공법": "", "공시지가_2026": 4213000, "PNU": "1150010300111210018", "공공도서관": 0, "유치원": 5, "어린이집": 17, "중고등학교": 4, "초등학교": 3, "지하철역": 0, "주민센터": 2, "대학교": 1, "병원": 2, "버스정류장": 43, "대형점포": 3, "공연장": 1, "공원": 3, "신규임대유형": "청년"}}, {"type": "Feature", "geometry": {"type": "Point", "coordinates": [126.853666, 37.5514896]}, "properties": {"id": "1333", "gu": "강서구", "dong": "화곡동", "jibun": "1133-1", "addr": "강서구 화곡동 1133-1", "대지면적": "332.60", "건폐율": "59.44", "용적률": "142.04", "주택형태": "단독주택", "노후년수": "28.2", "임대세대수": "13", "지형높이": "완경사", "지형형상": "세로장방", "도로접면": "세로한면(가)", "OSC공법": "중형", "공시지가_2026": 3507000, "PNU": "1150010300111330001", "공공도서관": 1, "유치원": 5, "어린이집": 19, "중고등학교": 4, "초등학교": 3, "지하철역": 0, "주민센터": 2, "대학교": 1, "병원": 2, "버스정류장": 41, "대형점포": 3, "공연장": 0, "공원": 3, "신규임대유형": "청년"}}, {"type": "Feature", "geometry": {"type": "Point", "coordinates": [126.8399429, 37.5536798]}, "properties": {"id": "1334", "gu": "강서구", "dong": "내발산동", "jibun": "671-24", "addr": "강서구 내발산동 671-24", "대지면적": "195.40", "건폐율": "43.55", "용적률": "84.75", "주택형태": "단독주택", "노후년수": "33.2", "임대세대수": "6", "지형높이": "평지", "지형형상": "세로장방", "도로접면": "세로한면(가)", "OSC공법": "소형", "공시지가_2026": 3420000, "PNU": "1150010600106710024", "공공도서관": 1, "유치원": 3, "어린이집": 22, "중고등학교": 5, "초등학교": 3, "지하철역": 2, "주민센터": 1, "대학교": 1, "병원": 11, "버스정류장": 50, "대형점포": 3, "공연장": 1, "공원": 3, "신규임대유형": "청년"}}, {"type": "Feature", "geometry": {"type": "Point", "coordinates": [126.8399781, 37.5537758]}, "properties": {"id": "1335", "gu": "강서구", "dong": "내발산동", "jibun": "671-25", "addr": "강서구 내발산동 671-25", "대지면적": "250.60", "건폐율": "59.71", "용적률": "239.44", "주택형태": "공동주택", "노후년수": "22.8", "임대세대수": "12", "지형높이": "평지", "지형형상": "세로장방", "도로접면": "세로한면(가)", "OSC공법": "소형", "공시지가_2026": 3420000, "PNU": "1150010600106710025", "공공도서관": 1, "유치원": 3, "어린이집": 22, "중고등학교": 5, "초등학교": 3, "지하철역": 2, "주민센터": 1, "대학교": 1, "병원": 12, "버스정류장": 50, "대형점포": 3, "공연장": 1, "공원": 3, "신규임대유형": "청년"}}, {"type": "Feature", "geometry": {"type": "Point", "coordinates": [126.8328365, 37.552293]}, "properties": {"id": "1336", "gu": "강서구", "dong": "내발산동", "jibun": "687-16", "addr": "강서구 내발산동 687-16", "대지면적": "338.70", "건폐율": "59.28", "용적률": "160.87", "주택형태": "단독주택", "노후년수": "29.3", "임대세대수": "10", "지형높이": "평지", "지형형상": "세로장방", "도로접면": "세로각지(가)", "OSC공법": "소형", "공시지가_2026": 3485000, "PNU": "1150010600106870016", "공공도서관": 0, "유치원": 5, "어린이집": 32, "중고등학교": 11, "초등학교": 4, "지하철역": 1, "주민센터": 0, "대학교": 0, "병원": 8, "버스정류장": 43, "대형점포": 2, "공연장": 1, "공원": 2, "신규임대유형": "청년"}}, {"type": "Feature", "geometry": {"type": "Point", "coordinates": [126.8320965, 37.5514805]}, "properties": {"id": "1338", "gu": "강서구", "dong": "내발산동", "jibun": "695-2", "addr": "강서구 내발산동 695-2", "대지면적": "136.70", "건폐율": "59.58", "용적률": "147.58", "주택형태": "단독주택", "노후년수": "27.2", "임대세대수": "4", "지형높이": "평지", "지형형상": "세로장방", "도로접면": "세로한면(가)", "OSC공법": "소형", "공시지가_2026": 3439000, "PNU": "1150010600106950002", "공공도서관": 0, "유치원": 4, "어린이집": 29, "중고등학교": 12, "초등학교": 4, "지하철역": 1, "주민센터": 0, "대학교": 0, "병원": 7, "버스정류장": 39, "대형점포": 2, "공연장": 0, "공원": 2, "신규임대유형": "청년"}}, {"type": "Feature", "geometry": {"type": "Point", "coordinates": [126.8325386, 37.5510608]}, "properties": {"id": "1339", "gu": "강서구", "dong": "내발산동", "jibun": "695-17", "addr": "강서구 내발산동 695-17", "대지면적": "226.90", "건폐율": "58.50", "용적률": "148.09", "주택형태": "단독주택", "노후년수": "30.5", "임대세대수": "7", "지형높이": "평지", "지형형상": "정방형", "도로접면": "세로한면(불)", "OSC공법": "소형", "공시지가_2026": 3232000, "PNU": "1150010600106950017", "공공도서관": 1, "유치원": 5, "어린이집": 28, "중고등학교": 12, "초등학교": 4, "지하철역": 1, "주민센터": 0, "대학교": 0, "병원": 5, "버스정류장": 39, "대형점포": 2, "공연장": 0, "공원": 2, "신규임대유형": "청년"}}, {"type": "Feature", "geometry": {"type": "Point", "coordinates": [126.837737, 37.5523246]}, "properties": {"id": "1340", "gu": "강서구", "dong": "내발산동", "jibun": "703-12", "addr": "강서구 내발산동 703-12", "대지면적": "133.90", "건폐율": "59.68", "용적률": "101.04", "주택형태": "단독주택", "노후년수": "32.3", "임대세대수": "4", "지형높이": "평지", "지형형상": "정방형", "도로접면": "세로한면(가)", "OSC공법": "소형", "공시지가_2026": 3447000, "PNU": "1150010600107030012", "공공도서관": 1, "유치원": 7, "어린이집": 27, "중고등학교": 7, "초등학교": 4, "지하철역": 2, "주민센터": 1, "대학교": 1, "병원": 7, "버스정류장": 44, "대형점포": 2, "공연장": 1, "공원": 2, "신규임대유형": "청년"}}, {"type": "Feature", "geometry": {"type": "Point", "coordinates": [126.8336755, 37.5508824]}, "properties": {"id": "1341", "gu": "강서구", "dong": "내발산동", "jibun": "710-37", "addr": "강서구 내발산동 710-37", "대지면적": "265.80", "건폐율": "54.03", "용적률": "75.80", "주택형태": "단독주택", "노후년수": "29.1", "임대세대수": "6", "지형높이": "평지", "지형형상": "사다리형", "도로접면": "세로한면(가)", "OSC공법": "소형", "공시지가_2026": 3429000, "PNU": "1150010600107100037", "공공도서관": 2, "유치원": 7, "어린이집": 34, "중고등학교": 11, "초등학교": 3, "지하철역": 1, "주민센터": 1, "대학교": 1, "병원": 5, "버스정류장": 40, "대형점포": 2, "공연장": 1, "공원": 2, "신규임대유형": "청년"}}, {"type": "Feature", "geometry": {"type": "Point", "coordinates": [126.8345494, 37.5488009]}, "properties": {"id": "1343", "gu": "강서구", "dong": "내발산동", "jibun": "721-2", "addr": "강서구 내발산동 721-2", "대지면적": "", "건폐율": "", "용적률": "", "주택형태": "", "노후년수": "", "임대세대수": "", "지형높이": "평지", "지형형상": "자루형", "도로접면": "세로한면(가)", "OSC공법": "소형", "공시지가_2026": 3295000, "PNU": "1150010600107210002", "공공도서관": 2, "유치원": 6, "어린이집": 30, "중고등학교": 10, "초등학교": 3, "지하철역": 1, "주민센터": 2, "대학교": 1, "병원": 7, "버스정류장": 32, "대형점포": 2, "공연장": 1, "공원": 2, "신규임대유형": "청년"}}, {"type": "Feature", "geometry": {"type": "Point", "coordinates": [126.945696, 37.5690895]}, "properties": {"id": "922", "gu": "서대문구", "dong": "대신동", "jibun": "142-1", "addr": "서대문구 대신동 142-1", "대지면적": "269.79", "건폐율": "56.65", "용적률": "188.18", "주택형태": "공동주택", "노후년수": "22.3", "임대세대수": "11", "지형높이": "완경사", "지형형상": "세로장방", "도로접면": "중로한면", "OSC공법": "중형", "공시지가_2026": 5260000, "PNU": "1141011300101420001", "공공도서관": 0, "유치원": 1, "어린이집": 4, "중고등학교": 2, "초등학교": 0, "지하철역": 0, "주민센터": 0, "대학교": 2, "병원": 2, "버스정류장": 14, "대형점포": 0, "공연장": 3, "공원": 0, "신규임대유형": "신혼부부"}}, {"type": "Feature", "geometry": {"type": "Point", "coordinates": [126.9336357, 37.5681575]}, "properties": {"id": "926", "gu": "서대문구", "dong": "연희동", "jibun": "48-58", "addr": "서대문구 연희동 48-58", "대지면적": "145.00", "건폐율": "53.85", "용적률": "127.03", "주택형태": "단독주택", "노후년수": "31.8", "임대세대수": "5", "지형높이": "완경사", "지형형상": "부정형", "도로접면": "세로한면(가)", "OSC공법": "소형", "공시지가_2026": 4124000, "PNU": "1141011700100480058", "공공도서관": 0, "유치원": 1, "어린이집": 4, "중고등학교": 1, "초등학교": 1, "지하철역": 0, "주민센터": 1, "대학교": 0, "병원": 5, "버스정류장": 39, "대형점포": 1, "공연장": 2, "공원": 1, "신규임대유형": "신혼부부"}}, {"type": "Feature", "geometry": {"type": "Point", "coordinates": [126.9322781, 37.5675989]}, "properties": {"id": "927", "gu": "서대문구", "dong": "연희동", "jibun": "69-20", "addr": "서대문구 연희동 69-20", "대지면적": "288.00", "건폐율": "49.94", "용적률": "99.88", "주택형태": "단독주택", "노후년수": "28.3", "임대세대수": "10", "지형높이": "평지", "지형형상": "사다리형", "도로접면": "세로한면(가)", "OSC공법": "소형", "공시지가_2026": 4968000, "PNU": "1141011700100690020", "공공도서관": 0, "유치원": 1, "어린이집": 5, "중고등학교": 1, "초등학교": 1, "지하철역": 0, "주민센터": 1, "대학교": 0, "병원": 5, "버스정류장": 43, "대형점포": 2, "공연장": 2, "공원": 2, "신규임대유형": "청년"}}, {"type": "Feature", "geometry": {"type": "Point", "coordinates": [126.9323968, 37.5675347]}, "properties": {"id": "928", "gu": "서대문구", "dong": "연희동", "jibun": "69-72", "addr": "서대문구 연희동 69-72", "대지면적": "172.60", "건폐율": "59.27", "용적률": "158.22", "주택형태": "단독주택", "노후년수": "26.5", "임대세대수": "5", "지형높이": "평지", "지형형상": "사다리형", "도로접면": "세로한면(가)", "OSC공법": "소형", "공시지가_2026": 4968000, "PNU": "1141011700100690072", "공공도서관": 0, "유치원": 1, "어린이집": 5, "중고등학교": 1, "초등학교": 1, "지하철역": 0, "주민센터": 1, "대학교": 0, "병원": 5, "버스정류장": 43, "대형점포": 2, "공연장": 2, "공원": 2, "신규임대유형": "신혼부부"}}, {"type": "Feature", "geometry": {"type": "Point", "coordinates": [126.9287746, 37.5632492]}, "properties": {"id": "931", "gu": "서대문구", "dong": "연희동", "jibun": "334-70", "addr": "서대문구 연희동 334-70", "대지면적": "341.20", "건폐율": "52.99", "용적률": "140.38", "주택형태": "단독주택", "노후년수": "27.8", "임대세대수": "11", "지형높이": "평지", "지형형상": "사다리형", "도로접면": "세로한면(가)", "OSC공법": "소형", "공시지가_2026": 4672000, "PNU": "1141011700103340070", "공공도서관": 0, "유치원": 2, "어린이집": 5, "중고등학교": 1, "초등학교": 2, "지하철역": 0, "주민센터": 2, "대학교": 0, "병원": 4, "버스정류장": 52, "대형점포": 8, "공연장": 1, "공원": 8, "신규임대유형": "신혼부부"}}, {"type": "Feature", "geometry": {"type": "Point", "coordinates": [126.9280072, 37.5622363]}, "properties": {"id": "932", "gu": "서대문구", "dong": "연희동", "jibun": "353-81", "addr": "서대문구 연희동 353-81", "대지면적": "345.10", "건폐율": "58.42", "용적률": "142.23", "주택형태": "단독주택", "노후년수": "27.9", "임대세대수": "15", "지형높이": "평지", "지형형상": "가로장방", "도로접면": "세로한면(불)", "OSC공법": "소형", "공시지가_2026": 4867000, "PNU": "1141011700103530081", "공공도서관": 0, "유치원": 4, "어린이집": 5, "중고등학교": 4, "초등학교": 1, "지하철역": 1, "주민센터": 1, "대학교": 0, "병원": 4, "버스정류장": 55, "대형점포": 8, "공연장": 2, "공원": 8, "신규임대유형": "신혼부부"}}, {"type": "Feature", "geometry": {"type": "Point", "coordinates": [126.920188, 37.5678591]}, "properties": {"id": "933", "gu": "서대문구", "dong": "연희동", "jibun": "446-268", "addr": "서대문구 연희동 446-268", "대지면적": "155.70", "건폐율": "59.87", "용적률": "169.48", "주택형태": "단독주택", "노후년수": "30.1", "임대세대수": "9", "지형높이": "완경사", "지형형상": "세로장방", "도로접면": "세로한면(가)", "OSC공법": "소형", "공시지가_2026": 3426000, "PNU": "1141011700104460268", "공공도서관": 0, "유치원": 5, "어린이집": 19, "중고등학교": 5, "초등학교": 2, "지하철역": 0, "주민센터": 2, "대학교": 0, "병원": 2, "버스정류장": 66, "대형점포": 5, "공연장": 1, "공원": 5, "신규임대유형": "청년"}}, {"type": "Feature", "geometry": {"type": "Point", "coordinates": [126.9231789, 37.554465]}, "properties": {"id": "979", "gu": "마포구", "dong": "서교동", "jibun": "345-25", "addr": "마포구 서교동 345-25", "대지면적": "178.50", "건폐율": "59.53", "용적률": "0.00", "주택형태": "공동주택", "노후년수": "21.7", "임대세대수": "12", "지형높이": "평지", "지형형상": "사다리형", "도로접면": "세로한면(불)", "OSC공법": "소형", "공시지가_2026": 11510000, "PNU": "1144012000103450025", "공공도서관": 1, "유치원": 3, "어린이집": 9, "중고등학교": 0, "초등학교": 2, "지하철역": 2, "주민센터": 1, "대학교": 1, "병원": 3, "버스정류장": 92, "대형점포": 6, "공연장": 25, "공원": 6, "신규임대유형": "청년"}}, {"type": "Feature", "geometry": {"type": "Point", "coordinates": [126.9172396, 37.5554818]}, "properties": {"id": "980", "gu": "마포구", "dong": "서교동", "jibun": "461-15", "addr": "마포구 서교동 461-15", "대지면적": "166.00", "건폐율": "55.80", "용적률": "112.06", "주택형태": "단독주택", "노후년수": "30.2", "임대세대수": "7", "지형높이": "평지", "지형형상": "가로장방", "도로접면": "세로한면(가)", "OSC공법": "소형", "공시지가_2026": 6225000, "PNU": "1144012000104610015", "공공도서관": 1, "유치원": 5, "어린이집": 13, "중고등학교": 2, "초등학교": 4, "지하철역": 4, "주민센터": 2, "대학교": 1, "병원": 2, "버스정류장": 90, "대형점포": 5, "공연장": 23, "공원": 5, "신규임대유형": "청년"}}, {"type": "Feature", "geometry": {"type": "Point", "coordinates": [126.9138599, 37.5569868]}, "properties": {"id": "981", "gu": "마포구", "dong": "서교동", "jibun": "469-26", "addr": "마포구 서교동 469-26", "대지면적": "275.00", "건폐율": "52.17", "용적률": "102.19", "주택형태": "단독주택", "노후년수": "30.2", "임대세대수": "8", "지형높이": "평지", "지형형상": "정방형", "도로접면": "중로각지", "OSC공법": "대형", "공시지가_2026": 10630000, "PNU": "1144012000104690026", "공공도서관": 0, "유치원": 6, "어린이집": 17, "중고등학교": 2, "초등학교": 3, "지하철역": 2, "주민센터": 3, "대학교": 0, "병원": 1, "버스정류장": 82, "대형점포": 4, "공연장": 12, "공원": 4, "신규임대유형": "신혼부부"}}, {"type": "Feature", "geometry": {"type": "Point", "coordinates": [126.9135712, 37.55705]}, "properties": {"id": "982", "gu": "마포구", "dong": "서교동", "jibun": "469-58", "addr": "마포구 서교동 469-58", "대지면적": "392.40", "건폐율": "54.09", "용적률": "136.92", "주택형태": "단독주택", "노후년수": "30.2", "임대세대수": "10", "지형높이": "평지", "지형형상": "사다리형", "도로접면": "세로한면(가)", "OSC공법": "소형", "공시지가_2026": 6800000, "PNU": "1144012000104690058", "공공도서관": 0, "유치원": 6, "어린이집": 17, "중고등학교": 2, "초등학교": 3, "지하철역": 2, "주민센터": 3, "대학교": 0, "병원": 1, "버스정류장": 83, "대형점포": 3, "공연장": 11, "공원": 3, "신규임대유형": "신혼부부"}}, {"type": "Feature", "geometry": {"type": "Point", "coordinates": [126.9121834, 37.5571916]}, "properties": {"id": "983", "gu": "마포구", "dong": "서교동", "jibun": "473-45", "addr": "마포구 서교동 473-45", "대지면적": "109.00", "건폐율": "54.76", "용적률": "130.82", "주택형태": "공동주택", "노후년수": "22.5", "임대세대수": "4", "지형높이": "평지", "지형형상": "정방형", "도로접면": "세로한면(가)", "OSC공법": "", "공시지가_2026": 6869000, "PNU": "1144012000104730045", "공공도서관": 0, "유치원": 4, "어린이집": 18, "중고등학교": 3, "초등학교": 3, "지하철역": 1, "주민센터": 4, "대학교": 0, "병원": 1, "버스정류장": 83, "대형점포": 3, "공연장": 9, "공원": 3, "신규임대유형": "청년"}}, {"type": "Feature", "geometry": {"type": "Point", "coordinates": [126.9057854, 37.5507872]}, "properties": {"id": "987", "gu": "마포구", "dong": "합정동", "jibun": "448-5", "addr": "마포구 합정동 448-5", "대지면적": "", "건폐율": "", "용적률": "", "주택형태": "", "노후년수": "", "임대세대수": "", "지형높이": "평지", "지형형상": "정방형", "도로접면": "소로한면", "OSC공법": "중형", "공시지가_2026": 7431000, "PNU": "1144012200104480005", "공공도서관": 0, "유치원": 1, "어린이집": 16, "중고등학교": 0, "초등학교": 1, "지하철역": 3, "주민센터": 2, "대학교": 0, "병원": 0, "버스정류장": 50, "대형점포": 3, "공연장": 6, "공원": 3, "신규임대유형": "청년"}}, {"type": "Feature", "geometry": {"type": "Point", "coordinates": [126.9069269, 37.553292]}, "properties": {"id": "988", "gu": "마포구", "dong": "망원동", "jibun": "338-23", "addr": "마포구 망원동 338-23", "대지면적": "", "건폐율": "", "용적률": "", "주택형태": "", "노후년수": "", "임대세대수": "", "지형높이": "평지", "지형형상": "정방형", "도로접면": "세로한면(불)", "OSC공법": "소형", "공시지가_2026": 5571000, "PNU": "1144012300103380023", "공공도서관": 0, "유치원": 2, "어린이집": 19, "중고등학교": 0, "초등학교": 2, "지하철역": 3, "주민센터": 3, "대학교": 0, "병원": 0, "버스정류장": 76, "대형점포": 4, "공연장": 6, "공원": 4, "신규임대유형": "청년"}}, {"type": "Feature", "geometry": {"type": "Point", "coordinates": [126.9068229, 37.5529918]}, "properties": {"id": "990", "gu": "마포구", "dong": "망원동", "jibun": "338-63", "addr": "마포구 망원동 338-63", "대지면적": "", "건폐율": "", "용적률": "", "주택형태": "", "노후년수": "", "임대세대수": "", "지형높이": "평지", "지형형상": "정방형", "도로접면": "세로한면(가)", "OSC공법": "소형", "공시지가_2026": 5793000, "PNU": "1144012300103380063", "공공도서관": 0, "유치원": 2, "어린이집": 18, "중고등학교": 0, "초등학교": 2, "지하철역": 3, "주민센터": 3, "대학교": 0, "병원": 0, "버스정류장": 72, "대형점포": 4, "공연장": 6, "공원": 4, "신규임대유형": "청년"}}, {"type": "Feature", "geometry": {"type": "Point", "coordinates": [126.9085077, 37.5551783]}, "properties": {"id": "991", "gu": "마포구", "dong": "망원동", "jibun": "380-16", "addr": "마포구 망원동 380-16", "대지면적": "", "건폐율": "", "용적률": "", "주택형태": "", "노후년수": "", "임대세대수": "", "지형높이": "평지", "지형형상": "사다리형", "도로접면": "세로한면(불)", "OSC공법": "소형", "공시지가_2026": 6068000, "PNU": "1144012300103800016", "공공도서관": 0, "유치원": 4, "어린이집": 23, "중고등학교": 2, "초등학교": 4, "지하철역": 3, "주민센터": 4, "대학교": 0, "병원": 0, "버스정류장": 80, "대형점포": 3, "공연장": 6, "공원": 3, "신규임대유형": "신혼부부"}}, {"type": "Feature", "geometry": {"type": "Point", "coordinates": [126.9088797, 37.5536259]}, "properties": {"id": "992", "gu": "마포구", "dong": "망원동", "jibun": "384-18", "addr": "마포구 망원동 384-18", "대지면적": "", "건폐율": "", "용적률": "", "주택형태": "", "노후년수": "", "임대세대수": "", "지형높이": "평지", "지형형상": "가로장방", "도로접면": "세로한면(가)", "OSC공법": "소형", "공시지가_2026": 6195000, "PNU": "1144012300103840018", "공공도서관": 0, "유치원": 3, "어린이집": 23, "중고등학교": 2, "초등학교": 4, "지하철역": 3, "주민센터": 3, "대학교": 0, "병원": 0, "버스정류장": 81, "대형점포": 4, "공연장": 10, "공원": 4, "신규임대유형": "신혼부부"}}, {"type": "Feature", "geometry": {"type": "Point", "coordinates": [126.9029487, 37.5549967]}, "properties": {"id": "993", "gu": "마포구", "dong": "망원동", "jibun": "405-42", "addr": "마포구 망원동 405-42", "대지면적": "", "건폐율": "", "용적률": "", "주택형태": "", "노후년수": "", "임대세대수": "", "지형높이": "평지", "지형형상": "정방형", "도로접면": "세로한면(불)", "OSC공법": "소형", "공시지가_2026": 6210000, "PNU": "1144012300104050042", "공공도서관": 0, "유치원": 2, "어린이집": 19, "중고등학교": 0, "초등학교": 3, "지하철역": 1, "주민센터": 2, "대학교": 0, "병원": 0, "버스정류장": 65, "대형점포": 1, "공연장": 1, "공원": 1, "신규임대유형": "청년"}}, {"type": "Feature", "geometry": {"type": "Point", "coordinates": [126.9023386, 37.5551606]}, "properties": {"id": "995", "gu": "마포구", "dong": "망원동", "jibun": "409-47", "addr": "마포구 망원동 409-47", "대지면적": "", "건폐율": "", "용적률": "", "주택형태": "", "노후년수": "", "임대세대수": "", "지형높이": "평지", "지형형상": "가로장방", "도로접면": "소로각지", "OSC공법": "중형", "공시지가_2026": 7496000, "PNU": "1144012300104090047", "공공도서관": 0, "유치원": 2, "어린이집": 19, "중고등학교": 0, "초등학교": 3, "지하철역": 1, "주민센터": 2, "대학교": 0, "병원": 0, "버스정류장": 63, "대형점포": 1, "공연장": 1, "공원": 1, "신규임대유형": "신혼부부"}}, {"type": "Feature", "geometry": {"type": "Point", "coordinates": [126.9117518, 37.5596705]}, "properties": {"id": "999", "gu": "마포구", "dong": "성산동", "jibun": "32-12", "addr": "마포구 성산동 32-12", "대지면적": "", "건폐율": "", "용적률": "", "주택형태": "", "노후년수": "", "임대세대수": "", "지형높이": "완경사", "지형형상": "자루형", "도로접면": "세로한면(가)", "OSC공법": "소형", "공시지가_2026": 4118000, "PNU": "1144012500100320012", "공공도서관": 1, "유치원": 8, "어린이집": 13, "중고등학교": 6, "초등학교": 4, "지하철역": 1, "주민센터": 3, "대학교": 0, "병원": 0, "버스정류장": 79, "대형점포": 2, "공연장": 2, "공원": 2, "신규임대유형": "신혼부부"}}, {"type": "Feature", "geometry": {"type": "Point", "coordinates": [126.9097612, 37.5637795]}, "properties": {"id": "1002", "gu": "마포구", "dong": "성산동", "jibun": "81-12", "addr": "마포구 성산동 81-12", "대지면적": "", "건폐율": "", "용적률": "", "주택형태": "", "노후년수": "", "임대세대수": "", "지형높이": "완경사", "지형형상": "사다리형", "도로접면": "세로한면(가)", "OSC공법": "소형", "공시지가_2026": 5169000, "PNU": "1144012500100810012", "공공도서관": 1, "유치원": 5, "어린이집": 18, "중고등학교": 4, "초등학교": 4, "지하철역": 1, "주민센터": 3, "대학교": 0, "병원": 1, "버스정류장": 62, "대형점포": 1, "공연장": 0, "공원": 1, "신규임대유형": "신혼부부"}}, {"type": "Feature", "geometry": {"type": "Point", "coordinates": [126.9098759, 37.5637383]}, "properties": {"id": "1004", "gu": "마포구", "dong": "성산동", "jibun": "81-123", "addr": "마포구 성산동 81-123", "대지면적": "", "건폐율": "", "용적률": "", "주택형태": "", "노후년수": "", "임대세대수": "", "지형높이": "완경사", "지형형상": "사다리형", "도로접면": "세로한면(가)", "OSC공법": "소형", "공시지가_2026": 5169000, "PNU": "1144012500100810123", "공공도서관": 1, "유치원": 5, "어린이집": 18, "중고등학교": 4, "초등학교": 4, "지하철역": 1, "주민센터": 3, "대학교": 0, "병원": 1, "버스정류장": 62, "대형점포": 1, "공연장": 0, "공원": 1, "신규임대유형": "청년"}}, {"type": "Feature", "geometry": {"type": "Point", "coordinates": [126.9145412, 37.5637353]}, "properties": {"id": "1005", "gu": "마포구", "dong": "성산동", "jibun": "111-2", "addr": "마포구 성산동 111-2", "대지면적": "", "건폐율": "", "용적률": "", "주택형태": "", "노후년수": "", "임대세대수": "", "지형높이": "평지", "지형형상": "세로장방", "도로접면": "세로한면(가)", "OSC공법": "소형", "공시지가_2026": 5613000, "PNU": "1144012500101110002", "공공도서관": 1, "유치원": 7, "어린이집": 17, "중고등학교": 7, "초등학교": 3, "지하철역": 0, "주민센터": 3, "대학교": 0, "병원": 2, "버스정류장": 68, "대형점포": 2, "공연장": 0, "공원": 2, "신규임대유형": "신혼부부"}}, {"type": "Feature", "geometry": {"type": "Point", "coordinates": [126.907385, 37.5604471]}, "properties": {"id": "1009", "gu": "마포구", "dong": "성산동", "jibun": "258-31", "addr": "마포구 성산동 258-31", "대지면적": "", "건폐율": "", "용적률": "", "주택형태": "", "노후년수": "", "임대세대수": "", "지형높이": "평지", "지형형상": "자루형", "도로접면": "세로한면(가)", "OSC공법": "소형", "공시지가_2026": 4870000, "PNU": "1144012500102580031", "공공도서관": 1, "유치원": 5, "어린이집": 18, "중고등학교": 3, "초등학교": 6, "지하철역": 2, "주민센터": 3, "대학교": 0, "병원": 1, "버스정류장": 79, "대형점포": 1, "공연장": 1, "공원": 1, "신규임대유형": "신혼부부"}}, {"type": "Feature", "geometry": {"type": "Point", "coordinates": [126.9086138, 37.562466]}, "properties": {"id": "1010", "gu": "마포구", "dong": "성산동", "jibun": "586-6", "addr": "마포구 성산동 586-6", "대지면적": "", "건폐율": "", "용적률": "", "주택형태": "", "노후년수": "", "임대세대수": "", "지형높이": "완경사", "지형형상": "사다리형", "도로접면": "세로한면(가)", "OSC공법": "소형", "공시지가_2026": 4905000, "PNU": "1144012500105860006", "공공도서관": 1, "유치원": 6, "어린이집": 20, "중고등학교": 4, "초등학교": 6, "지하철역": 2, "주민센터": 3, "대학교": 0, "병원": 1, "버스정류장": 61, "대형점포": 1, "공연장": 0, "공원": 1, "신규임대유형": "신혼부부"}}, {"type": "Feature", "geometry": {"type": "Point", "coordinates": [126.9163731, 37.5660094]}, "properties": {"id": "1011", "gu": "마포구", "dong": "성산동", "jibun": "606-9", "addr": "마포구 성산동 606-9", "대지면적": "", "건폐율": "", "용적률": "", "주택형태": "", "노후년수": "", "임대세대수": "", "지형높이": "평지", "지형형상": "사다리형", "도로접면": "세로한면(가)", "OSC공법": "소형", "공시지가_2026": 4863000, "PNU": "1144012500106060009", "공공도서관": 1, "유치원": 7, "어린이집": 19, "중고등학교": 6, "초등학교": 3, "지하철역": 0, "주민센터": 2, "대학교": 0, "병원": 2, "버스정류장": 64, "대형점포": 5, "공연장": 0, "공원": 5, "신규임대유형": "신혼부부"}}, {"type": "Feature", "geometry": {"type": "Point", "coordinates": [126.9310604, 37.6059493]}, "properties": {"id": "778", "gu": "은평구", "dong": "녹번동", "jibun": "29-86", "addr": "은평구 녹번동 29-86", "대지면적": "246.22", "건폐율": "59.87", "용적률": "117.94", "주택형태": "단독주택", "노후년수": "31.4", "임대세대수": "9", "지형높이": "완경사", "지형형상": "세로장방", "도로접면": "세로한면(불)", "OSC공법": "소형", "공시지가_2026": 2922000, "PNU": "1138010200100290086", "공공도서관": 0, "유치원": 6, "어린이집": 24, "중고등학교": 0, "초등학교": 3, "지하철역": 4, "주민센터": 3, "대학교": 0, "병원": 5, "버스정류장": 52, "대형점포": 3, "공연장": 1, "공원": 3, "신규임대유형": "신혼부부"}}, {"type": "Feature", "geometry": {"type": "Point", "coordinates": [126.9314205, 37.6053799]}, "properties": {"id": "779", "gu": "은평구", "dong": "녹번동", "jibun": "29-101", "addr": "은평구 녹번동 29-101", "대지면적": "168.37", "건폐율": "58.02", "용적률": "164.57", "주택형태": "단독주택", "노후년수": "27.2", "임대세대수": "7", "지형높이": "완경사", "지형형상": "사다리형", "도로접면": "세로한면(가)", "OSC공법": "소형", "공시지가_2026": 3448000, "PNU": "1138010200100290101", "공공도서관": 0, "유치원": 6, "어린이집": 23, "중고등학교": 0, "초등학교": 3, "지하철역": 4, "주민센터": 3, "대학교": 0, "병원": 5, "버스정류장": 45, "대형점포": 3, "공연장": 1, "공원": 3, "신규임대유형": "신혼부부"}}, {"type": "Feature", "geometry": {"type": "Point", "coordinates": [126.926449, 37.6032775]}, "properties": {"id": "781", "gu": "은평구", "dong": "녹번동", "jibun": "82-17", "addr": "은평구 녹번동 82-17", "대지면적": "", "건폐율": "", "용적률": "", "주택형태": "", "노후년수": "", "임대세대수": "", "지형높이": "평지", "지형형상": "정방형", "도로접면": "세로한면(가)", "OSC공법": "소형", "공시지가_2026": 3557000, "PNU": "1138010200100820017", "공공도서관": 0, "유치원": 6, "어린이집": 27, "중고등학교": 1, "초등학교": 2, "지하철역": 1, "주민센터": 2, "대학교": 0, "병원": 5, "버스정류장": 65, "대형점포": 5, "공연장": 1, "공원": 5, "신규임대유형": "청년"}}, {"type": "Feature", "geometry": {"type": "Point", "coordinates": [126.9280241, 37.6063357]}, "properties": {"id": "782", "gu": "은평구", "dong": "녹번동", "jibun": "105-23", "addr": "은평구 녹번동 105-23", "대지면적": "147.50", "건폐율": "48.73", "용적률": "103.72", "주택형태": "단독주택", "노후년수": "34.6", "임대세대수": "4", "지형높이": "평지", "지형형상": "사다리형", "도로접면": "세로각지(가)", "OSC공법": "소형", "공시지가_2026": 3468000, "PNU": "1138010200101050023", "공공도서관": 0, "유치원": 5, "어린이집": 25, "중고등학교": 0, "초등학교": 4, "지하철역": 3, "주민센터": 3, "대학교": 0, "병원": 6, "버스정류장": 64, "대형점포": 3, "공연장": 1, "공원": 3, "신규임대유형": "청년"}}, {"type": "Feature", "geometry": {"type": "Point", "coordinates": [126.9333081, 37.6229996]}, "properties": {"id": "787", "gu": "은평구", "dong": "불광동", "jibun": "28-3", "addr": "은평구 불광동 28-3", "대지면적": "253.64", "건폐율": "0.00", "용적률": "119.10", "주택형태": "공동주택", "노후년수": "33.2", "임대세대수": "1", "지형높이": "평지", "지형형상": "사다리형", "도로접면": "세로한면(불)", "OSC공법": "소형", "공시지가_2026": 2807000, "PNU": "1138010300100280003", "공공도서관": 1, "유치원": 4, "어린이집": 9, "중고등학교": 2, "초등학교": 3, "지하철역": 1, "주민센터": 0, "대학교": 0, "병원": 1, "버스정류장": 26, "대형점포": 1, "공연장": 0, "공원": 1, "신규임대유형": "청년"}}, {"type": "Feature", "geometry": {"type": "Point", "coordinates": [126.9292122, 37.6232855]}, "properties": {"id": "788", "gu": "은평구", "dong": "불광동", "jibun": "105-48", "addr": "은평구 불광동 105-48", "대지면적": "", "건폐율": "", "용적률": "", "주택형태": "", "노후년수": "", "임대세대수": "", "지형높이": "완경사", "지형형상": "정방형", "도로접면": "세로각지(가)", "OSC공법": "", "공시지가_2026": 3750000, "PNU": "1138010300101050048", "공공도서관": 1, "유치원": 4, "어린이집": 12, "중고등학교": 4, "초등학교": 4, "지하철역": 1, "주민센터": 0, "대학교": 0, "병원": 1, "버스정류장": 29, "대형점포": 3, "공연장": 0, "공원": 3, "신규임대유형": "청년"}}, {"type": "Feature", "geometry": {"type": "Point", "coordinates": [126.9329199, 37.622946]}, "properties": {"id": "789", "gu": "은평구", "dong": "불광동", "jibun": "181-1", "addr": "은평구 불광동 181-1", "대지면적": "0.00", "건폐율": "59.93", "용적률": "0.00", "주택형태": "단독주택", "노후년수": "27.5", "임대세대수": "4", "지형높이": "평지", "지형형상": "부정형", "도로접면": "세로한면(가)", "OSC공법": "소형", "공시지가_2026": 2994000, "PNU": "1138010300101810001", "공공도서관": 1, "유치원": 4, "어린이집": 9, "중고등학교": 2, "초등학교": 3, "지하철역": 1, "주민센터": 0, "대학교": 0, "병원": 1, "버스정류장": 27, "대형점포": 1, "공연장": 0, "공원": 1, "신규임대유형": "신혼부부"}}, {"type": "Feature", "geometry": {"type": "Point", "coordinates": [126.931387, 37.6193098]}, "properties": {"id": "790", "gu": "은평구", "dong": "불광동", "jibun": "228-15", "addr": "은평구 불광동 228-15", "대지면적": "96.00", "건폐율": "59.77", "용적률": "220.85", "주택형태": "단독주택", "노후년수": "27.4", "임대세대수": "5", "지형높이": "급경사", "지형형상": "세로장방", "도로접면": "세로한면(불)", "OSC공법": "소형", "공시지가_2026": 2719000, "PNU": "1138010300102280015", "공공도서관": 1, "유치원": 5, "어린이집": 14, "중고등학교": 2, "초등학교": 3, "지하철역": 1, "주민센터": 0, "대학교": 0, "병원": 1, "버스정류장": 35, "대형점포": 3, "공연장": 0, "공원": 3, "신규임대유형": "청년"}}, {"type": "Feature", "geometry": {"type": "Point", "coordinates": [126.9260788, 37.6250681]}, "properties": {"id": "796", "gu": "은평구", "dong": "불광동", "jibun": "443-66", "addr": "은평구 불광동 443-66", "대지면적": "92.13", "건폐율": "59.92", "용적률": "179.81", "주택형태": "단독주택", "노후년수": "30.9", "임대세대수": "7", "지형높이": "완경사", "지형형상": "가로장방", "도로접면": "세로각지(가)", "OSC공법": "소형", "공시지가_2026": 3006000, "PNU": "1138010300104430066", "공공도서관": 2, "유치원": 3, "어린이집": 11, "중고등학교": 5, "초등학교": 3, "지하철역": 0, "주민센터": 0, "대학교": 0, "병원": 2, "버스정류장": 53, "대형점포": 2, "공연장": 0, "공원": 2, "신규임대유형": "청년"}}, {"type": "Feature", "geometry": {"type": "Point", "coordinates": [126.9251474, 37.6273508]}, "properties": {"id": "800", "gu": "은평구", "dong": "불광동", "jibun": "445-402", "addr": "은평구 불광동 445-402", "대지면적": "181.51", "건폐율": "59.94", "용적률": "109.58", "주택형태": "단독주택", "노후년수": "32.2", "임대세대수": "5", "지형높이": "급경사", "지형형상": "세로장방", "도로접면": "세로각지(가)", "OSC공법": "소형", "공시지가_2026": 2859000, "PNU": "1138010300104450402", "공공도서관": 1, "유치원": 6, "어린이집": 14, "중고등학교": 5, "초등학교": 5, "지하철역": 0, "주민센터": 0, "대학교": 0, "병원": 1, "버스정류장": 56, "대형점포": 0, "공연장": 0, "공원": 0, "신규임대유형": "신혼부부"}}, {"type": "Feature", "geometry": {"type": "Point", "coordinates": [126.9247348, 37.6257891]}, "properties": {"id": "801", "gu": "은평구", "dong": "불광동", "jibun": "446-16", "addr": "은평구 불광동 446-16", "대지면적": "205.00", "건폐율": "53.27", "용적률": "152.10", "주택형태": "단독주택", "노후년수": "29.6", "임대세대수": "9", "지형높이": "급경사", "지형형상": "사다리형", "도로접면": "세로한면(가)", "OSC공법": "소형", "공시지가_2026": 2833000, "PNU": "1138010300104460016", "공공도서관": 1, "유치원": 5, "어린이집": 12, "중고등학교": 5, "초등학교": 3, "지하철역": 0, "주민센터": 1, "대학교": 0, "병원": 2, "버스정류장": 62, "대형점포": 2, "공연장": 0, "공원": 2, "신규임대유형": "신혼부부"}}, {"type": "Feature", "geometry": {"type": "Point", "coordinates": [126.9069608, 37.6183131]}, "properties": {"id": "805", "gu": "은평구", "dong": "갈현동", "jibun": "227-29", "addr": "은평구 갈현동 227-29", "대지면적": "149.00", "건폐율": "0.00", "용적률": "109.76", "주택형태": "단독주택", "노후년수": "33.1", "임대세대수": "5", "지형높이": "완경사", "지형형상": "사다리형", "도로접면": "세로한면(가)", "OSC공법": "중형", "공시지가_2026": 2836000, "PNU": "1138010400102270029", "공공도서관": 0, "유치원": 6, "어린이집": 14, "중고등학교": 8, "초등학교": 2, "지하철역": 0, "주민센터": 2, "대학교": 0, "병원": 0, "버스정류장": 36, "대형점포": 1, "공연장": 0, "공원": 1, "신규임대유형": "신혼부부"}}, {"type": "Feature", "geometry": {"type": "Point", "coordinates": [126.9118434, 37.6228785]}, "properties": {"id": "807", "gu": "은평구", "dong": "갈현동", "jibun": "266-3", "addr": "은평구 갈현동 266-3", "대지면적": "468.00", "건폐율": "57.74", "용적률": "140.67", "주택형태": "단독주택", "노후년수": "28.2", "임대세대수": "9", "지형높이": "완경사", "지형형상": "세로장방", "도로접면": "세로한면(가)", "OSC공법": "소형", "공시지가_2026": 2734200, "PNU": "1138010400102660003", "공공도서관": 0, "유치원": 4, "어린이집": 12, "중고등학교": 8, "초등학교": 2, "지하철역": 0, "주민센터": 2, "대학교": 0, "병원": 2, "버스정류장": 47, "대형점포": 0, "공연장": 0, "공원": 0, "신규임대유형": "신혼부부"}}, {"type": "Feature", "geometry": {"type": "Point", "coordinates": [126.9130985, 37.6217513]}, "properties": {"id": "810", "gu": "은평구", "dong": "갈현동", "jibun": "269-5", "addr": "은평구 갈현동 269-5", "대지면적": "", "건폐율": "", "용적률": "", "주택형태": "", "노후년수": "", "임대세대수": "", "지형높이": "평지", "지형형상": "부정형", "도로접면": "소로한면", "OSC공법": "소형", "공시지가_2026": 3090000, "PNU": "1138010400102690005", "공공도서관": 0, "유치원": 4, "어린이집": 13, "중고등학교": 8, "초등학교": 2, "지하철역": 2, "주민센터": 2, "대학교": 0, "병원": 2, "버스정류장": 60, "대형점포": 1, "공연장": 0, "공원": 1, "신규임대유형": "신혼부부"}}, {"type": "Feature", "geometry": {"type": "Point", "coordinates": [126.9193149, 37.624279]}, "properties": {"id": "813", "gu": "은평구", "dong": "갈현동", "jibun": "392-27", "addr": "은평구 갈현동 392-27", "대지면적": "338.00", "건폐율": "59.91", "용적률": "0.00", "주택형태": "공동주택", "노후년수": "22.0", "임대세대수": "12", "지형높이": "평지", "지형형상": "세로장방", "도로접면": "소로한면", "OSC공법": "중형", "공시지가_2026": 5135000, "PNU": "1138010400103920027", "공공도서관": 1, "유치원": 5, "어린이집": 17, "중고등학교": 7, "초등학교": 4, "지하철역": 2, "주민센터": 2, "대학교": 0, "병원": 2, "버스정류장": 65, "대형점포": 4, "공연장": 0, "공원": 4, "신규임대유형": "청년"}}, {"type": "Feature", "geometry": {"type": "Point", "coordinates": [126.9137724, 37.6138322]}, "properties": {"id": "817", "gu": "은평구", "dong": "갈현동", "jibun": "491-19", "addr": "은평구 갈현동 491-19", "대지면적": "172.90", "건폐율": "59.88", "용적률": "149.34", "주택형태": "공동주택", "노후년수": "22.0", "임대세대수": "12", "지형높이": "평지", "지형형상": "가로장방", "도로접면": "세로한면(가)", "OSC공법": "소형", "공시지가_2026": 3735000, "PNU": "1138010400104910019", "공공도서관": 1, "유치원": 8, "어린이집": 23, "중고등학교": 11, "초등학교": 5, "지하철역": 1, "주민센터": 3, "대학교": 0, "병원": 2, "버스정류장": 73, "대형점포": 2, "공연장": 0, "공원": 2, "신규임대유형": "청년"}}, {"type": "Feature", "geometry": {"type": "Point", "coordinates": [126.913731, 37.6137347]}, "properties": {"id": "818", "gu": "은평구", "dong": "갈현동", "jibun": "491-24", "addr": "은평구 갈현동 491-24", "대지면적": "165.00", "건폐율": "0.00", "용적률": "164.96", "주택형태": "단독주택", "노후년수": "33.2", "임대세대수": "3", "지형높이": "평지", "지형형상": "가로장방", "도로접면": "소로각지", "OSC공법": "중형", "공시지가_2026": 4471000, "PNU": "1138010400104910024", "공공도서관": 1, "유치원": 8, "어린이집": 23, "중고등학교": 11, "초등학교": 5, "지하철역": 1, "주민센터": 3, "대학교": 0, "병원": 2, "버스정류장": 72, "대형점포": 2, "공연장": 0, "공원": 2, "신규임대유형": "청년"}}, {"type": "Feature", "geometry": {"type": "Point", "coordinates": [126.9147355, 37.6177659]}, "properties": {"id": "820", "gu": "은평구", "dong": "갈현동", "jibun": "504-33", "addr": "은평구 갈현동 504-33", "대지면적": "158.00", "건폐율": "48.54", "용적률": "216.17", "주택형태": "공동주택", "노후년수": "34.4", "임대세대수": "5", "지형높이": "평지", "지형형상": "사다리형", "도로접면": "세로한면(불)", "OSC공법": "소형", "공시지가_2026": 2833000, "PNU": "1138010400105040033", "공공도서관": 0, "유치원": 8, "어린이집": 22, "중고등학교": 11, "초등학교": 5, "지하철역": 3, "주민센터": 4, "대학교": 0, "병원": 3, "버스정류장": 69, "대형점포": 6, "공연장": 0, "공원": 6, "신규임대유형": "청년"}}, {"type": "Feature", "geometry": {"type": "Point", "coordinates": [126.9109382, 37.6180266]}, "properties": {"id": "822", "gu": "은평구", "dong": "갈현동", "jibun": "522-6", "addr": "은평구 갈현동 522-6", "대지면적": "0.00", "건폐율": "59.96", "용적률": "240.89", "주택형태": "공동주택", "노후년수": "22.4", "임대세대수": "4", "지형높이": "완경사", "지형형상": "세로장방", "도로접면": "소로각지", "OSC공법": "중형", "공시지가_2026": 3687000, "PNU": "1138010400105220006", "공공도서관": 0, "유치원": 7, "어린이집": 17, "중고등학교": 8, "초등학교": 3, "지하철역": 0, "주민센터": 2, "대학교": 0, "병원": 1, "버스정류장": 56, "대형점포": 1, "공연장": 0, "공원": 1, "신규임대유형": "청년"}}, {"type": "Feature", "geometry": {"type": "Point", "coordinates": [126.9114421, 37.6188584]}, "properties": {"id": "827", "gu": "은평구", "dong": "갈현동", "jibun": "523-48", "addr": "은평구 갈현동 523-48", "대지면적": "", "건폐율": "", "용적률": "", "주택형태": "", "노후년수": "", "임대세대수": "", "지형높이": "완경사", "지형형상": "사다리형", "도로접면": "세로한면(가)", "OSC공법": "소형", "공시지가_2026": 2418000, "PNU": "1138010400105230048", "공공도서관": 0, "유치원": 7, "어린이집": 17, "중고등학교": 8, "초등학교": 3, "지하철역": 0, "주민센터": 3, "대학교": 0, "병원": 2, "버스정류장": 58, "대형점포": 1, "공연장": 0, "공원": 1, "신규임대유형": "신혼부부"}}, {"type": "Feature", "geometry": {"type": "Point", "coordinates": [126.9083256, 37.6127849]}, "properties": {"id": "829", "gu": "은평구", "dong": "구산동", "jibun": "147-25", "addr": "은평구 구산동 147-25", "대지면적": "122.80", "건폐율": "60.42", "용적률": "0.00", "주택형태": "단독주택", "노후년수": "31.3", "임대세대수": "5", "지형높이": "완경사", "지형형상": "정방형", "도로접면": "세로한면(가)", "OSC공법": "소형", "공시지가_2026": 3160000, "PNU": "1138010500101470025", "공공도서관": 1, "유치원": 6, "어린이집": 15, "중고등학교": 9, "초등학교": 3, "지하철역": 0, "주민센터": 1, "대학교": 0, "병원": 1, "버스정류장": 49, "대형점포": 2, "공연장": 0, "공원": 2, "신규임대유형": "청년"}}, {"type": "Feature", "geometry": {"type": "Point", "coordinates": [126.9081021, 37.6082591]}, "properties": {"id": "831", "gu": "은평구", "dong": "구산동", "jibun": "178-20", "addr": "은평구 구산동 178-20", "대지면적": "169.00", "건폐율": "59.80", "용적률": "97.08", "주택형태": "공동주택", "노후년수": "21.6", "임대세대수": "1", "지형높이": "평지", "지형형상": "정방형", "도로접면": "세로한면(불)", "OSC공법": "소형", "공시지가_2026": 2857000, "PNU": "1138010500101780020", "공공도서관": 1, "유치원": 5, "어린이집": 23, "중고등학교": 7, "초등학교": 3, "지하철역": 0, "주민센터": 2, "대학교": 0, "병원": 2, "버스정류장": 58, "대형점포": 1, "공연장": 0, "공원": 1, "신규임대유형": "신혼부부"}}, {"type": "Feature", "geometry": {"type": "Point", "coordinates": [126.903544, 37.6165914]}, "properties": {"id": "834", "gu": "은평구", "dong": "구산동", "jibun": "308-83", "addr": "은평구 구산동 308-83", "대지면적": "189.00", "건폐율": "0.00", "용적률": "152.35", "주택형태": "단독주택", "노후년수": "33.7", "임대세대수": "5", "지형높이": "급경사", "지형형상": "가로장방", "도로접면": "세로한면(가)", "OSC공법": "", "공시지가_2026": 2663000, "PNU": "1138010500103080083", "공공도서관": 0, "유치원": 2, "어린이집": 8, "중고등학교": 5, "초등학교": 2, "지하철역": 0, "주민센터": 0, "대학교": 0, "병원": 0, "버스정류장": 20, "대형점포": 1, "공연장": 0, "공원": 1, "신규임대유형": "청년"}}, {"type": "Feature", "geometry": {"type": "Point", "coordinates": [126.9204313, 37.6172368]}, "properties": {"id": "841", "gu": "은평구", "dong": "대조동", "jibun": "197-11", "addr": "은평구 대조동 197-11", "대지면적": "208.50", "건폐율": "0.00", "용적률": "148.18", "주택형태": "단독주택", "노후년수": "34.2", "임대세대수": "5", "지형높이": "평지", "지형형상": "정방형", "도로접면": "세로한면(가)", "OSC공법": "소형", "공시지가_2026": 5963000, "PNU": "1138010600101970011", "공공도서관": 1, "유치원": 7, "어린이집": 15, "중고등학교": 3, "초등학교": 4, "지하철역": 3, "주민센터": 3, "대학교": 0, "병원": 3, "버스정류장": 71, "대형점포": 6, "공연장": 0, "공원": 6, "신규임대유형": "신혼부부"}}, {"type": "Feature", "geometry": {"type": "Point", "coordinates": [126.9198427, 37.6149917]}, "properties": {"id": "843", "gu": "은평구", "dong": "대조동", "jibun": "216-7", "addr": "은평구 대조동 216-7", "대지면적": "0.00", "건폐율": "0.00", "용적률": "113.82", "주택형태": "단독주택", "노후년수": "33.5", "임대세대수": "4", "지형높이": "평지", "지형형상": "사다리형", "도로접면": "세로한면(가)", "OSC공법": "소형", "공시지가_2026": 3611000, "PNU": "1138010600102160007", "공공도서관": 0, "유치원": 8, "어린이집": 19, "중고등학교": 5, "초등학교": 4, "지하철역": 3, "주민센터": 2, "대학교": 0, "병원": 3, "버스정류장": 69, "대형점포": 6, "공연장": 0, "공원": 6, "신규임대유형": "신혼부부"}}, {"type": "Feature", "geometry": {"type": "Point", "coordinates": [126.9180361, 37.6094052]}, "properties": {"id": "864", "gu": "은평구", "dong": "역촌동", "jibun": "6-8", "addr": "은평구 역촌동 6-8", "대지면적": "152.93", "건폐율": "59.22", "용적률": "127.37", "주택형태": "단독주택", "노후년수": "31.7", "임대세대수": "6", "지형높이": "평지", "지형형상": "세로장방", "도로접면": "세로한면(가)", "OSC공법": "소형", "공시지가_2026": 3664000, "PNU": "1138010800100060008", "공공도서관": 1, "유치원": 7, "어린이집": 24, "중고등학교": 6, "초등학교": 3, "지하철역": 2, "주민센터": 3, "대학교": 0, "병원": 2, "버스정류장": 68, "대형점포": 3, "공연장": 0, "공원": 3, "신규임대유형": "신혼부부"}}, {"type": "Feature", "geometry": {"type": "Point", "coordinates": [126.9174027, 37.6065753]}, "properties": {"id": "866", "gu": "은평구", "dong": "역촌동", "jibun": "10-8", "addr": "은평구 역촌동 10-8", "대지면적": "", "건폐율": "", "용적률": "", "주택형태": "", "노후년수": "", "임대세대수": "", "지형높이": "평지", "지형형상": "세로장방", "도로접면": "세로각지(가)", "OSC공법": "소형", "공시지가_2026": 3340000, "PNU": "1138010800100100008", "공공도서관": 1, "유치원": 5, "어린이집": 25, "중고등학교": 4, "초등학교": 4, "지하철역": 2, "주민센터": 1, "대학교": 1, "병원": 4, "버스정류장": 71, "대형점포": 4, "공연장": 0, "공원": 4, "신규임대유형": "신혼부부"}}, {"type": "Feature", "geometry": {"type": "Point", "coordinates": [126.9190171, 37.6057669]}, "properties": {"id": "873", "gu": "은평구", "dong": "역촌동", "jibun": "25-71", "addr": "은평구 역촌동 25-71", "대지면적": "", "건폐율": "", "용적률": "", "주택형태": "", "노후년수": "", "임대세대수": "", "지형높이": "평지", "지형형상": "부정형", "도로접면": "세로각지(가)", "OSC공법": "소형", "공시지가_2026": 3326000, "PNU": "1138010800100250071", "공공도서관": 1, "유치원": 6, "어린이집": 29, "중고등학교": 4, "초등학교": 3, "지하철역": 2, "주민센터": 1, "대학교": 0, "병원": 4, "버스정류장": 75, "대형점포": 4, "공연장": 0, "공원": 4, "신규임대유형": "신혼부부"}}, {"type": "Feature", "geometry": {"type": "Point", "coordinates": [126.9203085, 37.6020243]}, "properties": {"id": "875", "gu": "은평구", "dong": "역촌동", "jibun": "41-56", "addr": "은평구 역촌동 41-56", "대지면적": "380.20", "건폐율": "100.00", "용적률": "340.94", "주택형태": "공동주택", "노후년수": "28.9", "임대세대수": "11", "지형높이": "평지", "지형형상": "정방형", "도로접면": "세로한면(가)", "OSC공법": "소형", "공시지가_2026": 4078000, "PNU": "1138010800100410056", "공공도서관": 0, "유치원": 6, "어린이집": 26, "중고등학교": 2, "초등학교": 3, "지하철역": 2, "주민센터": 3, "대학교": 1, "병원": 3, "버스정류장": 71, "대형점포": 3, "공연장": 1, "공원": 3, "신규임대유형": "신혼부부"}}, {"type": "Feature", "geometry": {"type": "Point", "coordinates": [126.9113872, 37.6053995]}, "properties": {"id": "880", "gu": "은평구", "dong": "역촌동", "jibun": "56-32", "addr": "은평구 역촌동 56-32", "대지면적": "175.20", "건폐율": "58.16", "용적률": "162.87", "주택형태": "단독주택", "노후년수": "29.1", "임대세대수": "8", "지형높이": "평지", "지형형상": "사다리형", "도로접면": "중로각지", "OSC공법": "", "공시지가_2026": 4798000, "PNU": "1138010800100560032", "공공도서관": 1, "유치원": 7, "어린이집": 26, "중고등학교": 7, "초등학교": 3, "지하철역": 0, "주민센터": 2, "대학교": 1, "병원": 4, "버스정류장": 62, "대형점포": 2, "공연장": 0, "공원": 2, "신규임대유형": "청년"}}, {"type": "Feature", "geometry": {"type": "Point", "coordinates": [126.9115747, 37.6052788]}, "properties": {"id": "881", "gu": "은평구", "dong": "역촌동", "jibun": "56-36", "addr": "은평구 역촌동 56-36", "대지면적": "0.00", "건폐율": "0.00", "용적률": "0.00", "주택형태": "단독주택", "노후년수": "31.0", "임대세대수": "8", "지형높이": "평지", "지형형상": "정방형", "도로접면": "세로한면(불)", "OSC공법": "소형", "공시지가_2026": 2911000, "PNU": "1138010800100560036", "공공도서관": 1, "유치원": 7, "어린이집": 27, "중고등학교": 7, "초등학교": 3, "지하철역": 0, "주민센터": 2, "대학교": 1, "병원": 4, "버스정류장": 64, "대형점포": 2, "공연장": 0, "공원": 2, "신규임대유형": "청년"}}, {"type": "Feature", "geometry": {"type": "Point", "coordinates": [126.9117228, 37.6052888]}, "properties": {"id": "882", "gu": "은평구", "dong": "역촌동", "jibun": "56-37", "addr": "은평구 역촌동 56-37", "대지면적": "131.85", "건폐율": "56.27", "용적률": "149.34", "주택형태": "단독주택", "노후년수": "28.0", "임대세대수": "11", "지형높이": "평지", "지형형상": "정방형", "도로접면": "세로한면(불)", "OSC공법": "소형", "공시지가_2026": 2911000, "PNU": "1138010800100560037", "공공도서관": 1, "유치원": 7, "어린이집": 27, "중고등학교": 7, "초등학교": 3, "지하철역": 0, "주민센터": 2, "대학교": 1, "병원": 5, "버스정류장": 65, "대형점포": 2, "공연장": 0, "공원": 2, "신규임대유형": "신혼부부"}}, {"type": "Feature", "geometry": {"type": "Point", "coordinates": [126.9137012, 37.6033252]}, "properties": {"id": "884", "gu": "은평구", "dong": "역촌동", "jibun": "65-19", "addr": "은평구 역촌동 65-19", "대지면적": "184.50", "건폐율": "57.56", "용적률": "141.32", "주택형태": "공동주택", "노후년수": "21.7", "임대세대수": "16", "지형높이": "평지", "지형형상": "세로장방", "도로접면": "세로한면(가)", "OSC공법": "", "공시지가_2026": 3646000, "PNU": "1138010800100650019", "공공도서관": 1, "유치원": 7, "어린이집": 28, "중고등학교": 1, "초등학교": 2, "지하철역": 1, "주민센터": 2, "대학교": 1, "병원": 3, "버스정류장": 75, "대형점포": 3, "공연장": 0, "공원": 3, "신규임대유형": "청년"}}, {"type": "Feature", "geometry": {"type": "Point", "coordinates": [126.9077787, 37.6016416]}, "properties": {"id": "887", "gu": "은평구", "dong": "역촌동", "jibun": "77-43", "addr": "은평구 역촌동 77-43", "대지면적": "130.37", "건폐율": "59.42", "용적률": "152.62", "주택형태": "단독주택", "노후년수": "32.6", "임대세대수": "4", "지형높이": "완경사", "지형형상": "사다리형", "도로접면": "세로한면(가)", "OSC공법": "소형", "공시지가_2026": 2997000, "PNU": "1138010800100770043", "공공도서관": 0, "유치원": 3, "어린이집": 20, "중고등학교": 1, "초등학교": 2, "지하철역": 1, "주민센터": 2, "대학교": 1, "병원": 4, "버스정류장": 60, "대형점포": 2, "공연장": 0, "공원": 2, "신규임대유형": "청년"}}, {"type": "Feature", "geometry": {"type": "Point", "coordinates": [126.9119435, 37.6017962]}, "properties": {"id": "888", "gu": "은평구", "dong": "역촌동", "jibun": "80-33", "addr": "은평구 역촌동 80-33", "대지면적": "", "건폐율": "", "용적률": "", "주택형태": "", "노후년수": "", "임대세대수": "", "지형높이": "평지", "지형형상": "자루형", "도로접면": "세로한면(가)", "OSC공법": "소형", "공시지가_2026": 3001000, "PNU": "1138010800100800033", "공공도서관": 0, "유치원": 6, "어린이집": 30, "중고등학교": 2, "초등학교": 2, "지하철역": 1, "주민센터": 2, "대학교": 1, "병원": 4, "버스정류장": 79, "대형점포": 4, "공연장": 0, "공원": 4, "신규임대유형": "청년"}}, {"type": "Feature", "geometry": {"type": "Point", "coordinates": [126.913015, 37.6020233]}, "properties": {"id": "890", "gu": "은평구", "dong": "역촌동", "jibun": "81-59", "addr": "은평구 역촌동 81-59", "대지면적": "165.60", "건폐율": "58.81", "용적률": "170.79", "주택형태": "단독주택", "노후년수": "31.1", "임대세대수": "7", "지형높이": "평지", "지형형상": "사다리형", "도로접면": "세로한면(가)", "OSC공법": "소형", "공시지가_2026": 3631000, "PNU": "1138010800100810059", "공공도서관": 0, "유치원": 7, "어린이집": 30, "중고등학교": 2, "초등학교": 2, "지하철역": 1, "주민센터": 2, "대학교": 1, "병원": 3, "버스정류장": 80, "대형점포": 4, "공연장": 0, "공원": 4, "신규임대유형": "청년"}}, {"type": "Feature", "geometry": {"type": "Point", "coordinates": [126.9145684, 37.6007984]}, "properties": {"id": "891", "gu": "은평구", "dong": "역촌동", "jibun": "84-10", "addr": "은평구 역촌동 84-10", "대지면적": "195.86", "건폐율": "0.00", "용적률": "121.79", "주택형태": "단독주택", "노후년수": "30.5", "임대세대수": "7", "지형높이": "평지", "지형형상": "가로장방", "도로접면": "세로한면(불)", "OSC공법": "소형", "공시지가_2026": 3147000, "PNU": "1138010800100840010", "공공도서관": 0, "유치원": 6, "어린이집": 30, "중고등학교": 1, "초등학교": 2, "지하철역": 1, "주민센터": 2, "대학교": 1, "병원": 3, "버스정류장": 84, "대형점포": 6, "공연장": 0, "공원": 6, "신규임대유형": "청년"}}, {"type": "Feature", "geometry": {"type": "Point", "coordinates": [126.9080876, 37.6006005]}, "properties": {"id": "893", "gu": "은평구", "dong": "신사동", "jibun": "13-9", "addr": "은평구 신사동 13-9", "대지면적": "0.00", "건폐율": "59.71", "용적률": "0.00", "주택형태": "단독주택", "노후년수": "27.7", "임대세대수": "11", "지형높이": "평지", "지형형상": "세로장방", "도로접면": "세로한면(가)", "OSC공법": "중형", "공시지가_2026": 3827000, "PNU": "1138010900100130009", "공공도서관": 0, "유치원": 3, "어린이집": 21, "중고등학교": 1, "초등학교": 2, "지하철역": 1, "주민센터": 2, "대학교": 1, "병원": 4, "버스정류장": 57, "대형점포": 2, "공연장": 0, "공원": 2, "신규임대유형": "청년"}}, {"type": "Feature", "geometry": {"type": "Point", "coordinates": [126.9123974, 37.5970969]}, "properties": {"id": "896", "gu": "은평구", "dong": "신사동", "jibun": "28-21", "addr": "은평구 신사동 28-21", "대지면적": "205.50", "건폐율": "57.56", "용적률": "163.59", "주택형태": "단독주택", "노후년수": "32.5", "임대세대수": "8", "지형높이": "평지", "지형형상": "세로장방", "도로접면": "세로한면(가)", "OSC공법": "소형", "공시지가_2026": 3357000, "PNU": "1138010900100280021", "공공도서관": 1, "유치원": 6, "어린이집": 25, "중고등학교": 1, "초등학교": 5, "지하철역": 2, "주민센터": 2, "대학교": 1, "병원": 2, "버스정류장": 81, "대형점포": 5, "공연장": 0, "공원": 5, "신규임대유형": "신혼부부"}}, {"type": "Feature", "geometry": {"type": "Point", "coordinates": [126.9108152, 37.5959676]}, "properties": {"id": "898", "gu": "은평구", "dong": "신사동", "jibun": "30-27", "addr": "은평구 신사동 30-27", "대지면적": "172.00", "건폐율": "53.82", "용적률": "166.02", "주택형태": "단독주택", "노후년수": "33.4", "임대세대수": "7", "지형높이": "평지", "지형형상": "세로장방", "도로접면": "세로한면(가)", "OSC공법": "소형", "공시지가_2026": 3530000, "PNU": "1138010900100300027", "공공도서관": 1, "유치원": 7, "어린이집": 21, "중고등학교": 2, "초등학교": 5, "지하철역": 2, "주민센터": 3, "대학교": 1, "병원": 2, "버스정류장": 79, "대형점포": 4, "공연장": 0, "공원": 4, "신규임대유형": "청년"}}, {"type": "Feature", "geometry": {"type": "Point", "coordinates": [126.9118449, 37.5956516]}, "properties": {"id": "899", "gu": "은평구", "dong": "신사동", "jibun": "31-4", "addr": "은평구 신사동 31-4", "대지면적": "238.00", "건폐율": "56.56", "용적률": "156.45", "주택형태": "단독주택", "노후년수": "29.8", "임대세대수": "7", "지형높이": "평지", "지형형상": "정방형", "도로접면": "세로한면(가)", "OSC공법": "소형", "공시지가_2026": 3940000, "PNU": "1138010900100310004", "공공도서관": 1, "유치원": 7, "어린이집": 22, "중고등학교": 1, "초등학교": 5, "지하철역": 2, "주민센터": 3, "대학교": 1, "병원": 2, "버스정류장": 81, "대형점포": 4, "공연장": 0, "공원": 4, "신규임대유형": "청년"}}, {"type": "Feature", "geometry": {"type": "Point", "coordinates": [126.9118727, 37.5957585]}, "properties": {"id": "900", "gu": "은평구", "dong": "신사동", "jibun": "31-25", "addr": "은평구 신사동 31-25", "대지면적": "0.00", "건폐율": "59.71", "용적률": "0.00", "주택형태": "단독주택", "노후년수": "31.1", "임대세대수": "7", "지형높이": "평지", "지형형상": "정방형", "도로접면": "세로한면(가)", "OSC공법": "소형", "공시지가_2026": 3940000, "PNU": "1138010900100310025", "공공도서관": 1, "유치원": 7, "어린이집": 22, "중고등학교": 1, "초등학교": 5, "지하철역": 2, "주민센터": 3, "대학교": 1, "병원": 2, "버스정류장": 82, "대형점포": 4, "공연장": 0, "공원": 4, "신규임대유형": "신혼부부"}}, {"type": "Feature", "geometry": {"type": "Point", "coordinates": [126.9126233, 37.595284]}, "properties": {"id": "901", "gu": "은평구", "dong": "신사동", "jibun": "32-26", "addr": "은평구 신사동 32-26", "대지면적": "", "건폐율": "", "용적률": "", "주택형태": "", "노후년수": "", "임대세대수": "", "지형높이": "평지", "지형형상": "가로장방", "도로접면": "세로한면(불)", "OSC공법": "소형", "공시지가_2026": 3250000, "PNU": "1138010900100320026", "공공도서관": 1, "유치원": 7, "어린이집": 23, "중고등학교": 1, "초등학교": 5, "지하철역": 2, "주민센터": 3, "대학교": 1, "병원": 2, "버스정류장": 81, "대형점포": 4, "공연장": 0, "공원": 4, "신규임대유형": "신혼부부"}}, {"type": "Feature", "geometry": {"type": "Point", "coordinates": [126.9077613, 37.594748]}, "properties": {"id": "904", "gu": "은평구", "dong": "신사동", "jibun": "201-9", "addr": "은평구 신사동 201-9", "대지면적": "", "건폐율": "", "용적률": "", "주택형태": "", "노후년수": "", "임대세대수": "", "지형높이": "급경사", "지형형상": "사다리형", "도로접면": "세로한면(가)", "OSC공법": "소형", "공시지가_2026": 2889000, "PNU": "1138010900102010009", "공공도서관": 1, "유치원": 4, "어린이집": 16, "중고등학교": 3, "초등학교": 3, "지하철역": 1, "주민센터": 3, "대학교": 1, "병원": 1, "버스정류장": 58, "대형점포": 2, "공연장": 0, "공원": 2, "신규임대유형": "청년"}}, {"type": "Feature", "geometry": {"type": "Point", "coordinates": [126.9128627, 37.5909583]}, "properties": {"id": "908", "gu": "은평구", "dong": "신사동", "jibun": "337-31", "addr": "은평구 신사동 337-31", "대지면적": "", "건폐율": "", "용적률": "", "주택형태": "", "노후년수": "", "임대세대수": "", "지형높이": "평지", "지형형상": "가로장방", "도로접면": "세로각지(가)", "OSC공법": "소형", "공시지가_2026": 3727000, "PNU": "1138010900103370031", "공공도서관": 1, "유치원": 5, "어린이집": 22, "중고등학교": 2, "초등학교": 2, "지하철역": 2, "주민센터": 3, "대학교": 0, "병원": 1, "버스정류장": 75, "대형점포": 5, "공연장": 0, "공원": 5, "신규임대유형": "신혼부부"}}, {"type": "Feature", "geometry": {"type": "Point", "coordinates": [126.9089474, 37.5869061]}, "properties": {"id": "911", "gu": "은평구", "dong": "증산동", "jibun": "192-42", "addr": "은평구 증산동 192-42", "대지면적": "", "건폐율": "", "용적률": "", "주택형태": "", "노후년수": "", "임대세대수": "", "지형높이": "완경사", "지형형상": "세로장방", "도로접면": "세로각지(가)", "OSC공법": "소형", "공시지가_2026": 3500000, "PNU": "1138011000101920042", "공공도서관": 2, "유치원": 3, "어린이집": 22, "중고등학교": 3, "초등학교": 3, "지하철역": 2, "주민센터": 3, "대학교": 0, "병원": 1, "버스정류장": 60, "대형점포": 3, "공연장": 0, "공원": 3, "신규임대유형": "청년"}}, {"type": "Feature", "geometry": {"type": "Point", "coordinates": [126.9372157, 37.5880275]}, "properties": {"id": "918", "gu": "서대문구", "dong": "홍제동", "jibun": "334-40", "addr": "서대문구 홍제동 334-40", "대지면적": "", "건폐율": "", "용적률": "", "주택형태": "", "노후년수": "", "임대세대수": "", "지형높이": "완경사", "지형형상": "정방형", "도로접면": "세로한면(가)", "OSC공법": "소형", "공시지가_2026": 3323000, "PNU": "1141011100103340040", "공공도서관": 1, "유치원": 4, "어린이집": 9, "중고등학교": 3, "초등학교": 2, "지하철역": 1, "주민센터": 0, "대학교": 0, "병원": 2, "버스정류장": 59, "대형점포": 3, "공연장": 0, "공원": 3, "신규임대유형": "청년"}}, {"type": "Feature", "geometry": {"type": "Point", "coordinates": [126.9386691, 37.5834656]}, "properties": {"id": "925", "gu": "서대문구", "dong": "연희동", "jibun": "1-5", "addr": "서대문구 연희동 1-5", "대지면적": "", "건폐율": "", "용적률": "", "주택형태": "", "노후년수": "", "임대세대수": "", "지형높이": "평지", "지형형상": "사다리형", "도로접면": "중로한면", "OSC공법": "대형", "공시지가_2026": 3766000, "PNU": "1141011700100010005", "공공도서관": 1, "유치원": 3, "어린이집": 11, "중고등학교": 3, "초등학교": 2, "지하철역": 1, "주민센터": 1, "대학교": 0, "병원": 3, "버스정류장": 66, "대형점포": 1, "공연장": 0, "공원": 1, "신규임대유형": "청년"}}, {"type": "Feature", "geometry": {"type": "Point", "coordinates": [126.9330178, 37.5778781]}, "properties": {"id": "930", "gu": "서대문구", "dong": "연희동", "jibun": "170-130", "addr": "서대문구 연희동 170-130", "대지면적": "", "건폐율": "", "용적률": "", "주택형태": "", "노후년수": "", "임대세대수": "", "지형높이": "평지", "지형형상": "세로장방", "도로접면": "세로한면(가)", "OSC공법": "소형", "공시지가_2026": 3638000, "PNU": "1141011700101700130", "공공도서관": 1, "유치원": 0, "어린이집": 10, "중고등학교": 1, "초등학교": 2, "지하철역": 0, "주민센터": 1, "대학교": 0, "병원": 2, "버스정류장": 56, "대형점포": 1, "공연장": 0, "공원": 1, "신규임대유형": "신혼부부"}}, {"type": "Feature", "geometry": {"type": "Point", "coordinates": [126.9327798, 37.5937066]}, "properties": {"id": "936", "gu": "서대문구", "dong": "홍은동", "jibun": "191-87", "addr": "서대문구 홍은동 191-87", "대지면적": "", "건폐율": "", "용적률": "", "주택형태": "", "노후년수": "", "임대세대수": "", "지형높이": "완경사", "지형형상": "정방형", "도로접면": "세로한면(불)", "OSC공법": "소형", "공시지가_2026": 2318000, "PNU": "1141011800101910087", "공공도서관": 0, "유치원": 3, "어린이집": 14, "중고등학교": 2, "초등학교": 1, "지하철역": 0, "주민센터": 0, "대학교": 0, "병원": 1, "버스정류장": 38, "대형점포": 0, "공연장": 0, "공원": 0, "신규임대유형": "신혼부부"}}, {"type": "Feature", "geometry": {"type": "Point", "coordinates": [126.925824, 37.583098]}, "properties": {"id": "942", "gu": "서대문구", "dong": "홍은동", "jibun": "366-11", "addr": "서대문구 홍은동 366-11", "대지면적": "", "건폐율": "", "용적률": "", "주택형태": "", "노후년수": "", "임대세대수": "", "지형높이": "평지", "지형형상": "사다리형", "도로접면": "세로한면(불)", "OSC공법": "소형", "공시지가_2026": 3238000, "PNU": "1141011800103660011", "공공도서관": 2, "유치원": 6, "어린이집": 14, "중고등학교": 6, "초등학교": 4, "지하철역": 0, "주민센터": 1, "대학교": 2, "병원": 0, "버스정류장": 71, "대형점포": 2, "공연장": 0, "공원": 2, "신규임대유형": "신혼부부"}}, {"type": "Feature", "geometry": {"type": "Point", "coordinates": [126.923927, 37.5748968]}, "properties": {"id": "964", "gu": "서대문구", "dong": "남가좌동", "jibun": "331-1", "addr": "서대문구 남가좌동 331-1", "대지면적": "", "건폐율": "", "용적률": "", "주택형태": "", "노후년수": "", "임대세대수": "", "지형높이": "평지", "지형형상": "세로장방", "도로접면": "세로한면(가)", "OSC공법": "소형", "공시지가_2026": 4418000, "PNU": "1141012000103310001", "공공도서관": 1, "유치원": 4, "어린이집": 26, "중고등학교": 2, "초등학교": 2, "지하철역": 0, "주민센터": 2, "대학교": 1, "병원": 0, "버스정류장": 55, "대형점포": 5, "공연장": 0, "공원": 5, "신규임대유형": "신혼부부"}}, {"type": "Feature", "geometry": {"type": "Point", "coordinates": [126.9243088, 37.578287]}, "properties": {"id": "967", "gu": "서대문구", "dong": "남가좌동", "jibun": "342-24", "addr": "서대문구 남가좌동 342-24", "대지면적": "", "건폐율": "", "용적률": "", "주택형태": "", "노후년수": "", "임대세대수": "", "지형높이": "평지", "지형형상": "가로장방", "도로접면": "세로한면(가)", "OSC공법": "소형", "공시지가_2026": 3863000, "PNU": "1141012000103420024", "공공도서관": 1, "유치원": 7, "어린이집": 25, "중고등학교": 5, "초등학교": 5, "지하철역": 0, "주민센터": 2, "대학교": 2, "병원": 0, "버스정류장": 73, "대형점포": 3, "공연장": 0, "공원": 3, "신규임대유형": "신혼부부"}}, {"type": "Feature", "geometry": {"type": "Point", "coordinates": [127.0801902, 37.6724325]}, "properties": {"id": "710", "gu": "노원구", "dong": "상계동", "jibun": "1376-20", "addr": "노원구 상계동 1376-20", "대지면적": "140.00", "건폐율": "59.01", "용적률": "169.52", "주택형태": "단독주택", "노후년수": "31.0", "임대세대수": "6", "지형높이": "급경사", "지형형상": "사다리형", "도로접면": "세로한면(불)", "OSC공법": "소형", "공시지가_2026": 2607000, "PNU": "1135010500113760020", "공공도서관": 0, "유치원": 3, "어린이집": 6, "중고등학교": 0, "초등학교": 2, "지하철역": 1, "주민센터": 1, "대학교": 0, "병원": 0, "버스정류장": 14, "대형점포": 0, "공연장": 0, "공원": 0, "신규임대유형": "신혼부부"}}, {"type": "Feature", "geometry": {"type": "Point", "coordinates": [127.0694827, 37.6673906]}, "properties": {"id": "712", "gu": "노원구", "dong": "상계동", "jibun": "134-34", "addr": "노원구 상계동 134-34", "대지면적": "0.00", "건폐율": "0.00", "용적률": "0.00", "주택형태": "단독주택", "노후년수": "33.4", "임대세대수": "4", "지형높이": "완경사", "지형형상": "정방형", "도로접면": "세로한면(가)", "OSC공법": "소형", "공시지가_2026": 2936000, "PNU": "1135010500101340034", "공공도서관": 0, "유치원": 3, "어린이집": 24, "중고등학교": 3, "초등학교": 4, "지하철역": 0, "주민센터": 2, "대학교": 0, "병원": 0, "버스정류장": 43, "대형점포": 3, "공연장": 0, "공원": 3, "신규임대유형": "신혼부부"}}, {"type": "Feature", "geometry": {"type": "Point", "coordinates": [127.0698969, 37.6667301]}, "properties": {"id": "713", "gu": "노원구", "dong": "상계동", "jibun": "135-9", "addr": "노원구 상계동 135-9", "대지면적": "", "건폐율": "", "용적률": "", "주택형태": "", "노후년수": "", "임대세대수": "", "지형높이": "평지", "지형형상": "사다리형", "도로접면": "소로한면", "OSC공법": "중형", "공시지가_2026": 3330000, "PNU": "1135010500101350009", "공공도서관": 2, "유치원": 4, "어린이집": 25, "중고등학교": 3, "초등학교": 4, "지하철역": 1, "주민센터": 2, "대학교": 0, "병원": 0, "버스정류장": 45, "대형점포": 5, "공연장": 0, "공원": 5, "신규임대유형": "신혼부부"}}, {"type": "Feature", "geometry": {"type": "Point", "coordinates": [127.0733704, 37.6649569]}, "properties": {"id": "716", "gu": "노원구", "dong": "상계동", "jibun": "138-164", "addr": "노원구 상계동 138-164", "대지면적": "149.00", "건폐율": "59.52", "용적률": "186.51", "주택형태": "단독주택", "노후년수": "28.3", "임대세대수": "7", "지형높이": "평지", "지형형상": "가로장방", "도로접면": "중로한면", "OSC공법": "중형", "공시지가_2026": 3624000, "PNU": "1135010500101380164", "공공도서관": 0, "유치원": 6, "어린이집": 27, "중고등학교": 3, "초등학교": 5, "지하철역": 2, "주민센터": 2, "대학교": 0, "병원": 2, "버스정류장": 44, "대형점포": 6, "공연장": 0, "공원": 6, "신규임대유형": "신혼부부"}}, {"type": "Feature", "geometry": {"type": "Point", "coordinates": [127.0725188, 37.662908]}, "properties": {"id": "722", "gu": "노원구", "dong": "상계동", "jibun": "156-14", "addr": "노원구 상계동 156-14", "대지면적": "149.00", "건폐율": "55.11", "용적률": "174.49", "주택형태": "단독주택", "노후년수": "23.2", "임대세대수": "3", "지형높이": "평지", "지형형상": "정방형", "도로접면": "세로한면(불)", "OSC공법": "소형", "공시지가_2026": 2859000, "PNU": "1135010500101560014", "공공도서관": 3, "유치원": 7, "어린이집": 33, "중고등학교": 5, "초등학교": 5, "지하철역": 1, "주민센터": 4, "대학교": 0, "병원": 2, "버스정류장": 52, "대형점포": 6, "공연장": 0, "공원": 6, "신규임대유형": "신혼부부"}}, {"type": "Feature", "geometry": {"type": "Point", "coordinates": [127.0694549, 37.6632721]}, "properties": {"id": "725", "gu": "노원구", "dong": "상계동", "jibun": "165-2", "addr": "노원구 상계동 165-2", "대지면적": "75.80", "건폐율": "56.31", "용적률": "158.09", "주택형태": "단독주택", "노후년수": "28.9", "임대세대수": "5", "지형높이": "평지", "지형형상": "사다리형", "도로접면": "세로한면(가)", "OSC공법": "소형", "공시지가_2026": 2882000, "PNU": "1135010500101650002", "공공도서관": 2, "유치원": 7, "어린이집": 30, "중고등학교": 4, "초등학교": 7, "지하철역": 1, "주민센터": 3, "대학교": 0, "병원": 5, "버스정류장": 65, "대형점포": 6, "공연장": 0, "공원": 6, "신규임대유형": "신혼부부"}}, {"type": "Feature", "geometry": {"type": "Point", "coordinates": [127.0700536, 37.663075]}, "properties": {"id": "726", "gu": "노원구", "dong": "상계동", "jibun": "169-353", "addr": "노원구 상계동 169-353", "대지면적": "167.69", "건폐율": "100.00", "용적률": "94.85", "주택형태": "단독주택", "노후년수": "29.9", "임대세대수": "5", "지형높이": "평지", "지형형상": "세로장방", "도로접면": "세로한면(가)", "OSC공법": "소형", "공시지가_2026": 3087000, "PNU": "1135010500101690353", "공공도서관": 3, "유치원": 8, "어린이집": 32, "중고등학교": 5, "초등학교": 7, "지하철역": 1, "주민센터": 3, "대학교": 0, "병원": 5, "버스정류장": 64, "대형점포": 6, "공연장": 0, "공원": 6, "신규임대유형": "신혼부부"}}, {"type": "Feature", "geometry": {"type": "Point", "coordinates": [127.0632038, 37.6573716]}, "properties": {"id": "728", "gu": "노원구", "dong": "상계동", "jibun": "357-10", "addr": "노원구 상계동 357-10", "대지면적": "65.35", "건폐율": "51.38", "용적률": "183.23", "주택형태": "단독주택", "노후년수": "27.1", "임대세대수": "19", "지형높이": "평지", "지형형상": "사다리형", "도로접면": "세로한면(가)", "OSC공법": "중형", "공시지가_2026": 5621000, "PNU": "1135010500103570010", "공공도서관": 2, "유치원": 8, "어린이집": 38, "중고등학교": 4, "초등학교": 5, "지하철역": 2, "주민센터": 4, "대학교": 0, "병원": 11, "버스정류장": 60, "대형점포": 4, "공연장": 1, "공원": 4, "신규임대유형": "신혼부부"}}, {"type": "Feature", "geometry": {"type": "Point", "coordinates": [127.0704254, 37.657908]}, "properties": {"id": "729", "gu": "노원구", "dong": "상계동", "jibun": "387-24", "addr": "노원구 상계동 387-24", "대지면적": "400.00", "건폐율": "59.99", "용적률": "123.46", "주택형태": "단독주택", "노후년수": "31.6", "임대세대수": "5", "지형높이": "평지", "지형형상": "정방형", "도로접면": "세로한면(불)", "OSC공법": "소형", "공시지가_2026": 3089000, "PNU": "1135010500103870024", "공공도서관": 3, "유치원": 8, "어린이집": 32, "중고등학교": 5, "초등학교": 4, "지하철역": 2, "주민센터": 4, "대학교": 0, "병원": 10, "버스정류장": 64, "대형점포": 5, "공연장": 1, "공원": 5, "신규임대유형": "신혼부부"}}, {"type": "Feature", "geometry": {"type": "Point", "coordinates": [127.0705707, 37.6579134]}, "properties": {"id": "730", "gu": "노원구", "dong": "상계동", "jibun": "387-32", "addr": "노원구 상계동 387-32", "대지면적": "81.10", "건폐율": "59.94", "용적률": "118.99", "주택형태": "단독주택", "노후년수": "32.1", "임대세대수": "5", "지형높이": "평지", "지형형상": "정방형", "도로접면": "세로한면(불)", "OSC공법": "소형", "공시지가_2026": 3243000, "PNU": "1135010500103870032", "공공도서관": 3, "유치원": 8, "어린이집": 33, "중고등학교": 5, "초등학교": 4, "지하철역": 2, "주민센터": 4, "대학교": 0, "병원": 10, "버스정류장": 62, "대형점포": 5, "공연장": 1, "공원": 5, "신규임대유형": "청년"}}, {"type": "Feature", "geometry": {"type": "Point", "coordinates": [127.0664024, 37.6634597]}, "properties": {"id": "737", "gu": "노원구", "dong": "상계동", "jibun": "456-64", "addr": "노원구 상계동 456-64", "대지면적": "79.44", "건폐율": "59.96", "용적률": "114.49", "주택형태": "단독주택", "노후년수": "27.0", "임대세대수": "7", "지형높이": "평지", "지형형상": "세로장방", "도로접면": "세로한면(가)", "OSC공법": "소형", "공시지가_2026": 3167000, "PNU": "1135010500104560064", "공공도서관": 2, "유치원": 7, "어린이집": 38, "중고등학교": 4, "초등학교": 6, "지하철역": 2, "주민센터": 4, "대학교": 0, "병원": 4, "버스정류장": 73, "대형점포": 4, "공연장": 0, "공원": 4, "신규임대유형": "신혼부부"}}, {"type": "Feature", "geometry": {"type": "Point", "coordinates": [127.0667487, 37.6638889]}, "properties": {"id": "738", "gu": "노원구", "dong": "상계동", "jibun": "456-83", "addr": "노원구 상계동 456-83", "대지면적": "182.00", "건폐율": "58.52", "용적률": "168.26", "주택형태": "단독주택", "노후년수": "30.0", "임대세대수": "7", "지형높이": "평지", "지형형상": "세로장방", "도로접면": "세로각지(가)", "OSC공법": "소형", "공시지가_2026": 3325000, "PNU": "1135010500104560083", "공공도서관": 2, "유치원": 7, "어린이집": 36, "중고등학교": 4, "초등학교": 6, "지하철역": 1, "주민센터": 4, "대학교": 0, "병원": 3, "버스정류장": 69, "대형점포": 4, "공연장": 0, "공원": 4, "신규임대유형": "신혼부부"}}, {"type": "Feature", "geometry": {"type": "Point", "coordinates": [127.0668451, 37.6635859]}, "properties": {"id": "739", "gu": "노원구", "dong": "상계동", "jibun": "456-87", "addr": "노원구 상계동 456-87", "대지면적": "207.00", "건폐율": "59.83", "용적률": "147.04", "주택형태": "단독주택", "노후년수": "29.0", "임대세대수": "10", "지형높이": "평지", "지형형상": "세로장방", "도로접면": "소로한면", "OSC공법": "중형", "공시지가_2026": 3202000, "PNU": "1135010500104560087", "공공도서관": 2, "유치원": 7, "어린이집": 38, "중고등학교": 4, "초등학교": 6, "지하철역": 1, "주민센터": 4, "대학교": 0, "병원": 4, "버스정류장": 73, "대형점포": 4, "공연장": 0, "공원": 4, "신규임대유형": "신혼부부"}}, {"type": "Feature", "geometry": {"type": "Point", "coordinates": [127.0665383, 37.6626896]}, "properties": {"id": "740", "gu": "노원구", "dong": "상계동", "jibun": "456-103", "addr": "노원구 상계동 456-103", "대지면적": "184.00", "건폐율": "59.78", "용적률": "147.82", "주택형태": "단독주택", "노후년수": "30.6", "임대세대수": "7", "지형높이": "평지", "지형형상": "세로장방", "도로접면": "세로한면(가)", "OSC공법": "소형", "공시지가_2026": 3167000, "PNU": "1135010500104560103", "공공도서관": 2, "유치원": 6, "어린이집": 39, "중고등학교": 4, "초등학교": 5, "지하철역": 2, "주민센터": 4, "대학교": 0, "병원": 4, "버스정류장": 76, "대형점포": 4, "공연장": 0, "공원": 4, "신규임대유형": "신혼부부"}}, {"type": "Feature", "geometry": {"type": "Point", "coordinates": [127.066902, 37.6650712]}, "properties": {"id": "741", "gu": "노원구", "dong": "상계동", "jibun": "456-150", "addr": "노원구 상계동 456-150", "대지면적": "189.00", "건폐율": "59.78", "용적률": "157.43", "주택형태": "단독주택", "노후년수": "27.5", "임대세대수": "7", "지형높이": "평지", "지형형상": "세로장방", "도로접면": "세로한면(가)", "OSC공법": "소형", "공시지가_2026": 3105000, "PNU": "1135010500104560150", "공공도서관": 2, "유치원": 7, "어린이집": 33, "중고등학교": 4, "초등학교": 6, "지하철역": 1, "주민센터": 3, "대학교": 0, "병원": 0, "버스정류장": 61, "대형점포": 4, "공연장": 0, "공원": 4, "신규임대유형": "신혼부부"}}, {"type": "Feature", "geometry": {"type": "Point", "coordinates": [127.0668851, 37.6649678]}, "properties": {"id": "742", "gu": "노원구", "dong": "상계동", "jibun": "456-151", "addr": "노원구 상계동 456-151", "대지면적": "181.00", "건폐율": "59.88", "용적률": "185.52", "주택형태": "단독주택", "노후년수": "28.4", "임대세대수": "7", "지형높이": "평지", "지형형상": "세로장방", "도로접면": "세로한면(가)", "OSC공법": "소형", "공시지가_2026": 3105000, "PNU": "1135010500104560151", "공공도서관": 2, "유치원": 7, "어린이집": 33, "중고등학교": 4, "초등학교": 6, "지하철역": 1, "주민센터": 3, "대학교": 0, "병원": 0, "버스정류장": 62, "대형점포": 4, "공연장": 0, "공원": 4, "신규임대유형": "신혼부부"}}, {"type": "Feature", "geometry": {"type": "Point", "coordinates": [127.0839891, 37.6495721]}, "properties": {"id": "775", "gu": "노원구", "dong": "중계동", "jibun": "75-14", "addr": "노원구 중계동 75-14", "대지면적": "181.00", "건폐율": "53.95", "용적률": "165.09", "주택형태": "단독주택", "노후년수": "28.3", "임대세대수": "7", "지형높이": "평지", "지형형상": "사다리형", "도로접면": "세로각지(가)", "OSC공법": "소형", "공시지가_2026": 2716000, "PNU": "1135010600100750014", "공공도서관": 1, "유치원": 4, "어린이집": 5, "중고등학교": 3, "초등학교": 2, "지하철역": 0, "주민센터": 2, "대학교": 0, "병원": 0, "버스정류장": 22, "대형점포": 1, "공연장": 2, "공원": 1, "신규임대유형": "신혼부부"}}, {"type": "Feature", "geometry": {"type": "Point", "coordinates": [127.0840359, 37.6502723]}, "properties": {"id": "776", "gu": "노원구", "dong": "중계동", "jibun": "90-65", "addr": "노원구 중계동 90-65", "대지면적": "177.77", "건폐율": "52.60", "용적률": "160.04", "주택형태": "단독주택", "노후년수": "32.7", "임대세대수": "7", "지형높이": "평지", "지형형상": "사다리형", "도로접면": "세로한면(가)", "OSC공법": "소형", "공시지가_2026": 2563000, "PNU": "1135010600100900065", "공공도서관": 1, "유치원": 4, "어린이집": 7, "중고등학교": 3, "초등학교": 2, "지하철역": 0, "주민센터": 2, "대학교": 0, "병원": 0, "버스정류장": 23, "대형점포": 1, "공연장": 2, "공원": 1, "신규임대유형": "신혼부부"}}, {"type": "Feature", "geometry": {"type": "Point", "coordinates": [127.0400407, 37.6609833]}, "properties": {"id": "587", "gu": "도봉구", "dong": "쌍문동", "jibun": "708-29", "addr": "도봉구 쌍문동 708-29", "대지면적": "158.70", "건폐율": "59.65", "용적률": "119.31", "주택형태": "단독주택", "노후년수": "28.3", "임대세대수": "5", "지형높이": "평지", "지형형상": "세로장방", "도로접면": "소로한면", "OSC공법": "중형", "공시지가_2026": 3022000, "PNU": "1132010500107080029", "공공도서관": 0, "유치원": 11, "어린이집": 34, "중고등학교": 2, "초등학교": 5, "지하철역": 0, "주민센터": 4, "대학교": 0, "병원": 7, "버스정류장": 67, "대형점포": 3, "공연장": 2, "공원": 3, "신규임대유형": "청년"}}, {"type": "Feature", "geometry": {"type": "Point", "coordinates": [127.0385852, 37.6597893]}, "properties": {"id": "589", "gu": "도봉구", "dong": "쌍문동", "jibun": "712-22", "addr": "도봉구 쌍문동 712-22", "대지면적": "152.20", "건폐율": "47.59", "용적률": "93.31", "주택형태": "단독주택", "노후년수": "33.1", "임대세대수": "4", "지형높이": "평지", "지형형상": "세로장방", "도로접면": "세로한면(가)", "OSC공법": "소형", "공시지가_2026": 2706000, "PNU": "1132010500107120022", "공공도서관": 0, "유치원": 11, "어린이집": 33, "중고등학교": 1, "초등학교": 5, "지하철역": 0, "주민센터": 4, "대학교": 0, "병원": 7, "버스정류장": 58, "대형점포": 4, "공연장": 2, "공원": 4, "신규임대유형": "청년"}}, {"type": "Feature", "geometry": {"type": "Point", "coordinates": [127.0363746, 37.6697334]}, "properties": {"id": "594", "gu": "도봉구", "dong": "방학동", "jibun": "601-9", "addr": "도봉구 방학동 601-9", "대지면적": "121.45", "건폐율": "59.11", "용적률": "110.51", "주택형태": "단독주택", "노후년수": "30.4", "임대세대수": "5", "지형높이": "평지", "지형형상": "세로장방", "도로접면": "세로한면(불)", "OSC공법": "소형", "공시지가_2026": 2065000, "PNU": "1132010600106010009", "공공도서관": 0, "유치원": 1, "어린이집": 12, "중고등학교": 1, "초등학교": 3, "지하철역": 0, "주민센터": 2, "대학교": 0, "병원": 4, "버스정류장": 47, "대형점포": 0, "공연장": 0, "공원": 0, "신규임대유형": "청년"}}, {"type": "Feature", "geometry": {"type": "Point", "coordinates": [127.0326567, 37.6688037]}, "properties": {"id": "598", "gu": "도봉구", "dong": "방학동", "jibun": "605-18", "addr": "도봉구 방학동 605-18", "대지면적": "214.20", "건폐율": "59.92", "용적률": "200.95", "주택형태": "공동주택", "노후년수": "22.1", "임대세대수": "12", "지형높이": "평지", "지형형상": "부정형", "도로접면": "세로각지(가)", "OSC공법": "소형", "공시지가_2026": 2330000, "PNU": "1132010600106050018", "공공도서관": 0, "유치원": 1, "어린이집": 15, "중고등학교": 2, "초등학교": 3, "지하철역": 0, "주민센터": 1, "대학교": 0, "병원": 3, "버스정류장": 38, "대형점포": 0, "공연장": 0, "공원": 0, "신규임대유형": "신혼부부"}}, {"type": "Feature", "geometry": {"type": "Point", "coordinates": [127.0324303, 37.6687349]}, "properties": {"id": "599", "gu": "도봉구", "dong": "방학동", "jibun": "605-21", "addr": "도봉구 방학동 605-21", "대지면적": "174.90", "건폐율": "59.90", "용적률": "172.61", "주택형태": "단독주택", "노후년수": "30.4", "임대세대수": "7", "지형높이": "평지", "지형형상": "정방형", "도로접면": "세로한면(가)", "OSC공법": "소형", "공시지가_2026": 2383000, "PNU": "1132010600106050021", "공공도서관": 0, "유치원": 1, "어린이집": 15, "중고등학교": 2, "초등학교": 3, "지하철역": 0, "주민센터": 1, "대학교": 0, "병원": 3, "버스정류장": 39, "대형점포": 0, "공연장": 0, "공원": 0, "신규임대유형": "청년"}}, {"type": "Feature", "geometry": {"type": "Point", "coordinates": [127.030556, 37.6677183]}, "properties": {"id": "602", "gu": "도봉구", "dong": "방학동", "jibun": "610-23", "addr": "도봉구 방학동 610-23", "대지면적": "138.80", "건폐율": "59.99", "용적률": "120.10", "주택형태": "단독주택", "노후년수": "29.3", "임대세대수": "5", "지형높이": "평지", "지형형상": "정방형", "도로접면": "세로각지(가)", "OSC공법": "소형", "공시지가_2026": 2307000, "PNU": "1132010600106100023", "공공도서관": 1, "유치원": 0, "어린이집": 17, "중고등학교": 2, "초등학교": 2, "지하철역": 0, "주민센터": 1, "대학교": 0, "병원": 3, "버스정류장": 38, "대형점포": 2, "공연장": 0, "공원": 2, "신규임대유형": "청년"}}, {"type": "Feature", "geometry": {"type": "Point", "coordinates": [127.0380478, 37.669865]}, "properties": {"id": "606", "gu": "도봉구", "dong": "방학동", "jibun": "623-17", "addr": "도봉구 방학동 623-17", "대지면적": "340.00", "건폐율": "59.20", "용적률": "136.66", "주택형태": "공동주택", "노후년수": "30.8", "임대세대수": "15", "지형높이": "평지", "지형형상": "세로장방", "도로접면": "세로한면(가)", "OSC공법": "소형", "공시지가_2026": 2985000, "PNU": "1132010600106230017", "공공도서관": 0, "유치원": 1, "어린이집": 13, "중고등학교": 1, "초등학교": 1, "지하철역": 0, "주민센터": 3, "대학교": 0, "병원": 3, "버스정류장": 57, "대형점포": 1, "공연장": 0, "공원": 1, "신규임대유형": "청년"}}, {"type": "Feature", "geometry": {"type": "Point", "coordinates": [127.0382382, 37.6698218]}, "properties": {"id": "607", "gu": "도봉구", "dong": "방학동", "jibun": "623-24", "addr": "도봉구 방학동 623-24", "대지면적": "134.10", "건폐율": "59.85", "용적률": "187.79", "주택형태": "단독주택", "노후년수": "27.9", "임대세대수": "5", "지형높이": "평지", "지형형상": "정방형", "도로접면": "세로한면(가)", "OSC공법": "소형", "공시지가_2026": 2985000, "PNU": "1132010600106230024", "공공도서관": 0, "유치원": 1, "어린이집": 15, "중고등학교": 1, "초등학교": 1, "지하철역": 0, "주민센터": 3, "대학교": 0, "병원": 3, "버스정류장": 58, "대형점포": 1, "공연장": 0, "공원": 1, "신규임대유형": "청년"}}, {"type": "Feature", "geometry": {"type": "Point", "coordinates": [127.0368357, 37.6688219]}, "properties": {"id": "610", "gu": "도봉구", "dong": "방학동", "jibun": "627-6", "addr": "도봉구 방학동 627-6", "대지면적": "123.90", "건폐율": "58.55", "용적률": "169.27", "주택형태": "단독주택", "노후년수": "29.7", "임대세대수": "7", "지형높이": "평지", "지형형상": "세로장방", "도로접면": "세로한면(가)", "OSC공법": "소형", "공시지가_2026": 2676000, "PNU": "1132010600106270006", "공공도서관": 0, "유치원": 1, "어린이집": 13, "중고등학교": 1, "초등학교": 3, "지하철역": 0, "주민센터": 2, "대학교": 0, "병원": 5, "버스정류장": 48, "대형점포": 1, "공연장": 0, "공원": 1, "신규임대유형": "청년"}}, {"type": "Feature", "geometry": {"type": "Point", "coordinates": [127.0348021, 37.6673129]}, "properties": {"id": "612", "gu": "도봉구", "dong": "방학동", "jibun": "629-14", "addr": "도봉구 방학동 629-14", "대지면적": "207.00", "건폐율": "50.75", "용적률": "125.07", "주택형태": "단독주택", "노후년수": "28.2", "임대세대수": "7", "지형높이": "평지", "지형형상": "자루형", "도로접면": "세로한면(가)", "OSC공법": "소형", "공시지가_2026": 2377000, "PNU": "1132010600106290014", "공공도서관": 0, "유치원": 3, "어린이집": 21, "중고등학교": 2, "초등학교": 3, "지하철역": 0, "주민센터": 2, "대학교": 0, "병원": 3, "버스정류장": 47, "대형점포": 1, "공연장": 0, "공원": 1, "신규임대유형": "청년"}}, {"type": "Feature", "geometry": {"type": "Point", "coordinates": [127.0334262, 37.6660216]}, "properties": {"id": "613", "gu": "도봉구", "dong": "방학동", "jibun": "630-37", "addr": "도봉구 방학동 630-37", "대지면적": "145.80", "건폐율": "59.75", "용적률": "168.81", "주택형태": "단독주택", "노후년수": "29.8", "임대세대수": "7", "지형높이": "평지", "지형형상": "세로장방", "도로접면": "세로한면(가)", "OSC공법": "소형", "공시지가_2026": 3164000, "PNU": "1132010600106300037", "공공도서관": 1, "유치원": 4, "어린이집": 24, "중고등학교": 2, "초등학교": 2, "지하철역": 0, "주민센터": 2, "대학교": 0, "병원": 4, "버스정류장": 49, "대형점포": 4, "공연장": 0, "공원": 4, "신규임대유형": "유지"}}, {"type": "Feature", "geometry": {"type": "Point", "coordinates": [127.0347523, 37.6653023]}, "properties": {"id": "616", "gu": "도봉구", "dong": "방학동", "jibun": "632-73", "addr": "도봉구 방학동 632-73", "대지면적": "165.30", "건폐율": "59.23", "용적률": "118.47", "주택형태": "단독주택", "노후년수": "31.3", "임대세대수": "5", "지형높이": "평지", "지형형상": "가로장방", "도로접면": "세로한면(가)", "OSC공법": "소형", "공시지가_2026": 2804000, "PNU": "1132010600106320073", "공공도서관": 1, "유치원": 4, "어린이집": 24, "중고등학교": 2, "초등학교": 2, "지하철역": 0, "주민센터": 2, "대학교": 0, "병원": 4, "버스정류장": 56, "대형점포": 5, "공연장": 0, "공원": 5, "신규임대유형": "청년"}}, {"type": "Feature", "geometry": {"type": "Point", "coordinates": [127.0377958, 37.6686048]}, "properties": {"id": "621", "gu": "도봉구", "dong": "방학동", "jibun": "640-43", "addr": "도봉구 방학동 640-43", "대지면적": "146.90", "건폐율": "59.95", "용적률": "158.15", "주택형태": "단독주택", "노후년수": "31.1", "임대세대수": "7", "지형높이": "평지", "지형형상": "세로장방", "도로접면": "세로한면(가)", "OSC공법": "소형", "공시지가_2026": 2925000, "PNU": "1132010600106400043", "공공도서관": 0, "유치원": 1, "어린이집": 13, "중고등학교": 2, "초등학교": 2, "지하철역": 0, "주민센터": 3, "대학교": 0, "병원": 5, "버스정류장": 57, "대형점포": 2, "공연장": 0, "공원": 2, "신규임대유형": "유지"}}, {"type": "Feature", "geometry": {"type": "Point", "coordinates": [127.0391578, 37.6683277]}, "properties": {"id": "622", "gu": "도봉구", "dong": "방학동", "jibun": "643-26", "addr": "도봉구 방학동 643-26", "대지면적": "206.00", "건폐율": "55.31", "용적률": "150.12", "주택형태": "단독주택", "노후년수": "28.4", "임대세대수": "7", "지형높이": "평지", "지형형상": "사다리형", "도로접면": "소로각지", "OSC공법": "중형", "공시지가_2026": 3312000, "PNU": "1132010600106430026", "공공도서관": 0, "유치원": 3, "어린이집": 17, "중고등학교": 2, "초등학교": 2, "지하철역": 0, "주민센터": 3, "대학교": 0, "병원": 5, "버스정류장": 63, "대형점포": 2, "공연장": 0, "공원": 2, "신규임대유형": "청년"}}, {"type": "Feature", "geometry": {"type": "Point", "coordinates": [127.0392918, 37.6676659]}, "properties": {"id": "625", "gu": "도봉구", "dong": "방학동", "jibun": "658-1", "addr": "도봉구 방학동 658-1", "대지면적": "111.30", "건폐율": "59.78", "용적률": "104.27", "주택형태": "단독주택", "노후년수": "30.1", "임대세대수": "5", "지형높이": "평지", "지형형상": "사다리형", "도로접면": "소로한면", "OSC공법": "중형", "공시지가_2026": 3349000, "PNU": "1132010600106580001", "공공도서관": 0, "유치원": 4, "어린이집": 16, "중고등학교": 2, "초등학교": 2, "지하철역": 0, "주민센터": 3, "대학교": 0, "병원": 5, "버스정류장": 64, "대형점포": 2, "공연장": 0, "공원": 2, "신규임대유형": "청년"}}, {"type": "Feature", "geometry": {"type": "Point", "coordinates": [127.0373559, 37.6663344]}, "properties": {"id": "626", "gu": "도봉구", "dong": "방학동", "jibun": "660-28", "addr": "도봉구 방학동 660-28", "대지면적": "120.00", "건폐율": "52.95", "용적률": "140.33", "주택형태": "단독주택", "노후년수": "31.3", "임대세대수": "7", "지형높이": "평지", "지형형상": "자루형", "도로접면": "소로한면", "OSC공법": "소형", "공시지가_2026": 2573000, "PNU": "1132010600106600028", "공공도서관": 0, "유치원": 3, "어린이집": 21, "중고등학교": 2, "초등학교": 3, "지하철역": 0, "주민센터": 2, "대학교": 0, "병원": 6, "버스정류장": 58, "대형점포": 2, "공연장": 0, "공원": 2, "신규임대유형": "청년"}}, {"type": "Feature", "geometry": {"type": "Point", "coordinates": [127.0412046, 37.663956]}, "properties": {"id": "627", "gu": "도봉구", "dong": "방학동", "jibun": "681-34", "addr": "도봉구 방학동 681-34", "대지면적": "135.25", "건폐율": "57.40", "용적률": "132.79", "주택형태": "단독주택", "노후년수": "28.7", "임대세대수": "5", "지형높이": "평지", "지형형상": "사다리형", "도로접면": "세로한면(가)", "OSC공법": "소형", "공시지가_2026": 2820000, "PNU": "1132010600106810034", "공공도서관": 0, "유치원": 6, "어린이집": 25, "중고등학교": 2, "초등학교": 3, "지하철역": 0, "주민센터": 5, "대학교": 0, "병원": 5, "버스정류장": 66, "대형점포": 3, "공연장": 0, "공원": 3, "신규임대유형": "청년"}}, {"type": "Feature", "geometry": {"type": "Point", "coordinates": [127.0405251, 37.6653498]}, "properties": {"id": "629", "gu": "도봉구", "dong": "방학동", "jibun": "685-50", "addr": "도봉구 방학동 685-50", "대지면적": "88.80", "건폐율": "57.32", "용적률": "106.55", "주택형태": "단독주택", "노후년수": "34.3", "임대세대수": "4", "지형높이": "평지", "지형형상": "정방형", "도로접면": "세로한면(불)", "OSC공법": "소형", "공시지가_2026": 2610000, "PNU": "1132010600106850050", "공공도서관": 0, "유치원": 7, "어린이집": 21, "중고등학교": 3, "초등학교": 4, "지하철역": 0, "주민센터": 4, "대학교": 0, "병원": 6, "버스정류장": 68, "대형점포": 2, "공연장": 0, "공원": 2, "신규임대유형": "청년"}}, {"type": "Feature", "geometry": {"type": "Point", "coordinates": [127.0398001, 37.6650515]}, "properties": {"id": "630", "gu": "도봉구", "dong": "방학동", "jibun": "686-12", "addr": "도봉구 방학동 686-12", "대지면적": "213.80", "건폐율": "54.88", "용적률": "101.44", "주택형태": "단독주택", "노후년수": "28.0", "임대세대수": "8", "지형높이": "평지", "지형형상": "자루형", "도로접면": "세로한면(가)", "OSC공법": "소형", "공시지가_2026": 2763000, "PNU": "1132010600106860012", "공공도서관": 0, "유치원": 5, "어린이집": 24, "중고등학교": 2, "초등학교": 3, "지하철역": 0, "주민센터": 5, "대학교": 0, "병원": 7, "버스정류장": 67, "대형점포": 3, "공연장": 0, "공원": 3, "신규임대유형": "청년"}}, {"type": "Feature", "geometry": {"type": "Point", "coordinates": [127.0379874, 37.6641]}, "properties": {"id": "631", "gu": "도봉구", "dong": "방학동", "jibun": "690-20", "addr": "도봉구 방학동 690-20", "대지면적": "163.60", "건폐율": "59.97", "용적률": "154.01", "주택형태": "단독주택", "노후년수": "29.9", "임대세대수": "7", "지형높이": "평지", "지형형상": "정방형", "도로접면": "세로한면(가)", "OSC공법": "소형", "공시지가_2026": 2944000, "PNU": "1132010600106900020", "공공도서관": 0, "유치원": 7, "어린이집": 27, "중고등학교": 1, "초등학교": 2, "지하철역": 0, "주민센터": 3, "대학교": 0, "병원": 5, "버스정류장": 69, "대형점포": 3, "공연장": 0, "공원": 3, "신규임대유형": "청년"}}, {"type": "Feature", "geometry": {"type": "Point", "coordinates": [127.0352469, 37.6638445]}, "properties": {"id": "632", "gu": "도봉구", "dong": "방학동", "jibun": "693-5", "addr": "도봉구 방학동 693-5", "대지면적": "137.02", "건폐율": "59.94", "용적률": "162.41", "주택형태": "단독주택", "노후년수": "30.7", "임대세대수": "8", "지형높이": "평지", "지형형상": "사다리형", "도로접면": "세로각지(가)", "OSC공법": "소형", "공시지가_2026": 2725000, "PNU": "1132010600106930005", "공공도서관": 1, "유치원": 5, "어린이집": 33, "중고등학교": 2, "초등학교": 2, "지하철역": 0, "주민센터": 3, "대학교": 0, "병원": 5, "버스정류장": 69, "대형점포": 5, "공연장": 0, "공원": 5, "신규임대유형": "청년"}}, {"type": "Feature", "geometry": {"type": "Point", "coordinates": [127.0352817, 37.6634889]}, "properties": {"id": "633", "gu": "도봉구", "dong": "방학동", "jibun": "693-15", "addr": "도봉구 방학동 693-15", "대지면적": "120.70", "건폐율": "59.66", "용적률": "190.58", "주택형태": "단독주택", "노후년수": "27.5", "임대세대수": "7", "지형높이": "평지", "지형형상": "정방형", "도로접면": "세로한면(가)", "OSC공법": "소형", "공시지가_2026": 2725000, "PNU": "1132010600106930015", "공공도서관": 1, "유치원": 5, "어린이집": 35, "중고등학교": 3, "초등학교": 3, "지하철역": 0, "주민센터": 3, "대학교": 0, "병원": 6, "버스정류장": 72, "대형점포": 6, "공연장": 0, "공원": 6, "신규임대유형": "청년"}}, {"type": "Feature", "geometry": {"type": "Point", "coordinates": [127.0354661, 37.6637205]}, "properties": {"id": "634", "gu": "도봉구", "dong": "방학동", "jibun": "693-19", "addr": "도봉구 방학동 693-19", "대지면적": "125.90", "건폐율": "59.82", "용적률": "118.69", "주택형태": "단독주택", "노후년수": "28.3", "임대세대수": "3", "지형높이": "평지", "지형형상": "세로장방", "도로접면": "세로한면(가)", "OSC공법": "소형", "공시지가_2026": 2725000, "PNU": "1132010600106930019", "공공도서관": 1, "유치원": 5, "어린이집": 33, "중고등학교": 2, "초등학교": 3, "지하철역": 0, "주민센터": 3, "대학교": 0, "병원": 6, "버스정류장": 70, "대형점포": 5, "공연장": 0, "공원": 5, "신규임대유형": "청년"}}, {"type": "Feature", "geometry": {"type": "Point", "coordinates": [127.0378364, 37.6657071]}, "properties": {"id": "637", "gu": "도봉구", "dong": "방학동", "jibun": "700-11", "addr": "도봉구 방학동 700-11", "대지면적": "104.02", "건폐율": "59.92", "용적률": "116.07", "주택형태": "단독주택", "노후년수": "28.9", "임대세대수": "5", "지형높이": "평지", "지형형상": "세로장방", "도로접면": "세로한면(가)", "OSC공법": "소형", "공시지가_2026": 2903000, "PNU": "1132010600107000011", "공공도서관": 0, "유치원": 4, "어린이집": 24, "중고등학교": 1, "초등학교": 3, "지하철역": 0, "주민센터": 2, "대학교": 0, "병원": 6, "버스정류장": 60, "대형점포": 3, "공연장": 0, "공원": 3, "신규임대유형": "청년"}}, {"type": "Feature", "geometry": {"type": "Point", "coordinates": [127.0377034, 37.6654225]}, "properties": {"id": "638", "gu": "도봉구", "dong": "방학동", "jibun": "700-63", "addr": "도봉구 방학동 700-63", "대지면적": "110.50", "건폐율": "59.78", "용적률": "97.43", "주택형태": "단독주택", "노후년수": "34.4", "임대세대수": "4", "지형높이": "평지", "지형형상": "세로장방", "도로접면": "세로한면(불)", "OSC공법": "소형", "공시지가_2026": 2612000, "PNU": "1132010600107000063", "공공도서관": 0, "유치원": 5, "어린이집": 25, "중고등학교": 2, "초등학교": 3, "지하철역": 0, "주민센터": 2, "대학교": 0, "병원": 6, "버스정류장": 61, "대형점포": 3, "공연장": 0, "공원": 3, "신규임대유형": "청년"}}, {"type": "Feature", "geometry": {"type": "Point", "coordinates": [127.0441822, 37.6862954]}, "properties": {"id": "662", "gu": "도봉구", "dong": "도봉동", "jibun": "558-9", "addr": "도봉구 도봉동 558-9", "대지면적": "172.70", "건폐율": "56.58", "용적률": "174.66", "주택형태": "공동주택", "노후년수": "21.5", "임대세대수": "6", "지형높이": "평지", "지형형상": "세로장방", "도로접면": "세로한면(불)", "OSC공법": "소형", "공시지가_2026": 2305000, "PNU": "1132010800105580009", "공공도서관": 1, "유치원": 2, "어린이집": 15, "중고등학교": 2, "초등학교": 1, "지하철역": 1, "주민센터": 0, "대학교": 0, "병원": 0, "버스정류장": 34, "대형점포": 1, "공연장": 1, "공원": 1, "신규임대유형": "신혼부부"}}, {"type": "Feature", "geometry": {"type": "Point", "coordinates": [127.0445541, 37.6821907]}, "properties": {"id": "664", "gu": "도봉구", "dong": "도봉동", "jibun": "564-13", "addr": "도봉구 도봉동 564-13", "대지면적": "222.70", "건폐율": "59.37", "용적률": "108.08", "주택형태": "단독주택", "노후년수": "28.1", "임대세대수": "5", "지형높이": "평지", "지형형상": "사다리형", "도로접면": "세로한면(가)", "OSC공법": "소형", "공시지가_2026": 2420000, "PNU": "1132010800105640013", "공공도서관": 3, "유치원": 3, "어린이집": 18, "중고등학교": 2, "초등학교": 2, "지하철역": 1, "주민센터": 1, "대학교": 0, "병원": 0, "버스정류장": 53, "대형점포": 1, "공연장": 0, "공원": 1, "신규임대유형": "청년"}}, {"type": "Feature", "geometry": {"type": "Point", "coordinates": [127.0443614, 37.6855056]}, "properties": {"id": "668", "gu": "도봉구", "dong": "도봉동", "jibun": "570-21", "addr": "도봉구 도봉동 570-21", "대지면적": "205.58", "건폐율": "59.98", "용적률": "174.85", "주택형태": "단독주택", "노후년수": "31.6", "임대세대수": "11", "지형높이": "평지", "지형형상": "세로장방", "도로접면": "세로한면(가)", "OSC공법": "소형", "공시지가_2026": 2669000, "PNU": "1132010800105700021", "공공도서관": 2, "유치원": 2, "어린이집": 15, "중고등학교": 2, "초등학교": 1, "지하철역": 1, "주민센터": 1, "대학교": 0, "병원": 0, "버스정류장": 41, "대형점포": 1, "공연장": 1, "공원": 1, "신규임대유형": "청년"}}, {"type": "Feature", "geometry": {"type": "Point", "coordinates": [127.0433952, 37.6849357]}, "properties": {"id": "669", "gu": "도봉구", "dong": "도봉동", "jibun": "574-26", "addr": "도봉구 도봉동 574-26", "대지면적": "140.00", "건폐율": "59.41", "용적률": "110.86", "주택형태": "단독주택", "노후년수": "33.1", "임대세대수": "5", "지형높이": "평지", "지형형상": "사다리형", "도로접면": "세로각지(가)", "OSC공법": "소형", "공시지가_2026": 2445000, "PNU": "1132010800105740026", "공공도서관": 2, "유치원": 3, "어린이집": 15, "중고등학교": 2, "초등학교": 2, "지하철역": 1, "주민센터": 1, "대학교": 0, "병원": 0, "버스정류장": 41, "대형점포": 1, "공연장": 1, "공원": 1, "신규임대유형": "청년"}}, {"type": "Feature", "geometry": {"type": "Point", "coordinates": [127.0435252, 37.6746295]}, "properties": {"id": "675", "gu": "도봉구", "dong": "도봉동", "jibun": "602-39", "addr": "도봉구 도봉동 602-39", "대지면적": "172.73", "건폐율": "59.78", "용적률": "157.11", "주택형태": "단독주택", "노후년수": "28.7", "임대세대수": "7", "지형높이": "평지", "지형형상": "세로장방", "도로접면": "세로한면(가)", "OSC공법": "소형", "공시지가_2026": 2728000, "PNU": "1132010800106020039", "공공도서관": 0, "유치원": 3, "어린이집": 17, "중고등학교": 2, "초등학교": 2, "지하철역": 0, "주민센터": 2, "대학교": 0, "병원": 3, "버스정류장": 60, "대형점포": 1, "공연장": 0, "공원": 1, "신규임대유형": "신혼부부"}}, {"type": "Feature", "geometry": {"type": "Point", "coordinates": [127.0425151, 37.6739449]}, "properties": {"id": "677", "gu": "도봉구", "dong": "도봉동", "jibun": "604-30", "addr": "도봉구 도봉동 604-30", "대지면적": "200.10", "건폐율": "57.32", "용적률": "154.39", "주택형태": "단독주택", "노후년수": "26.8", "임대세대수": "7", "지형높이": "평지", "지형형상": "사다리형", "도로접면": "세로한면(가)", "OSC공법": "소형", "공시지가_2026": 2504000, "PNU": "1132010800106040030", "공공도서관": 0, "유치원": 3, "어린이집": 16, "중고등학교": 1, "초등학교": 2, "지하철역": 0, "주민센터": 2, "대학교": 0, "병원": 3, "버스정류장": 59, "대형점포": 1, "공연장": 0, "공원": 1, "신규임대유형": "청년"}}, {"type": "Feature", "geometry": {"type": "Point", "coordinates": [127.04144, 37.6733033]}, "properties": {"id": "678", "gu": "도봉구", "dong": "도봉동", "jibun": "605-2", "addr": "도봉구 도봉동 605-2", "대지면적": "129.22", "건폐율": "56.53", "용적률": "101.08", "주택형태": "단독주택", "노후년수": "30.0", "임대세대수": "5", "지형높이": "평지", "지형형상": "사다리형", "도로접면": "소로한면", "OSC공법": "중형", "공시지가_2026": 2728000, "PNU": "1132010800106050002", "공공도서관": 0, "유치원": 3, "어린이집": 15, "중고등학교": 1, "초등학교": 2, "지하철역": 0, "주민센터": 3, "대학교": 0, "병원": 3, "버스정류장": 55, "대형점포": 1, "공연장": 0, "공원": 1, "신규임대유형": "청년"}}, {"type": "Feature", "geometry": {"type": "Point", "coordinates": [127.0407136, 37.6725096]}, "properties": {"id": "681", "gu": "도봉구", "dong": "도봉동", "jibun": "608-9", "addr": "도봉구 도봉동 608-9", "대지면적": "146.54", "건폐율": "58.89", "용적률": "111.85", "주택형태": "단독주택", "노후년수": "30.6", "임대세대수": "5", "지형높이": "평지", "지형형상": "정방형", "도로접면": "세로한면(가)", "OSC공법": "소형", "공시지가_2026": 2851000, "PNU": "1132010800106080009", "공공도서관": 0, "유치원": 2, "어린이집": 14, "중고등학교": 1, "초등학교": 1, "지하철역": 0, "주민센터": 3, "대학교": 0, "병원": 3, "버스정류장": 59, "대형점포": 1, "공연장": 0, "공원": 1, "신규임대유형": "청년"}}, {"type": "Feature", "geometry": {"type": "Point", "coordinates": [127.041299, 37.6716817]}, "properties": {"id": "682", "gu": "도봉구", "dong": "도봉동", "jibun": "613-7", "addr": "도봉구 도봉동 613-7", "대지면적": "158.90", "건폐율": "50.70", "용적률": "99.80", "주택형태": "단독주택", "노후년수": "34.4", "임대세대수": "5", "지형높이": "평지", "지형형상": "세로장방", "도로접면": "세로한면(가)", "OSC공법": "소형", "공시지가_2026": 2814000, "PNU": "1132010800106130007", "공공도서관": 0, "유치원": 2, "어린이집": 16, "중고등학교": 1, "초등학교": 1, "지하철역": 0, "주민센터": 3, "대학교": 0, "병원": 3, "버스정류장": 60, "대형점포": 2, "공연장": 0, "공원": 2, "신규임대유형": "청년"}}, {"type": "Feature", "geometry": {"type": "Point", "coordinates": [127.0421857, 37.6724985]}, "properties": {"id": "683", "gu": "도봉구", "dong": "도봉동", "jibun": "615-47", "addr": "도봉구 도봉동 615-47", "대지면적": "269.70", "건폐율": "59.71", "용적률": "189.36", "주택형태": "공동주택", "노후년수": "21.5", "임대세대수": "6", "지형높이": "평지", "지형형상": "정방형", "도로접면": "세로한면(가)", "OSC공법": "소형", "공시지가_2026": 2851000, "PNU": "1132010800106150047", "공공도서관": 0, "유치원": 2, "어린이집": 17, "중고등학교": 1, "초등학교": 1, "지하철역": 0, "주민센터": 3, "대학교": 0, "병원": 3, "버스정류장": 62, "대형점포": 1, "공연장": 0, "공원": 1, "신규임대유형": "청년"}}, {"type": "Feature", "geometry": {"type": "Point", "coordinates": [127.0431638, 37.6731922]}, "properties": {"id": "684", "gu": "도봉구", "dong": "도봉동", "jibun": "616-6", "addr": "도봉구 도봉동 616-6", "대지면적": "259.20", "건폐율": "33.10", "용적률": "63.49", "주택형태": "단독주택", "노후년수": "28.6", "임대세대수": "5", "지형높이": "평지", "지형형상": "자루형", "도로접면": "세로한면(가)", "OSC공법": "", "공시지가_2026": 2297000, "PNU": "1132010800106160006", "공공도서관": 0, "유치원": 2, "어린이집": 18, "중고등학교": 1, "초등학교": 1, "지하철역": 0, "주민센터": 2, "대학교": 0, "병원": 3, "버스정류장": 60, "대형점포": 1, "공연장": 0, "공원": 1, "신규임대유형": "청년"}}, {"type": "Feature", "geometry": {"type": "Point", "coordinates": [127.0432441, 37.6733684]}, "properties": {"id": "685", "gu": "도봉구", "dong": "도봉동", "jibun": "616-7", "addr": "도봉구 도봉동 616-7", "대지면적": "165.15", "건폐율": "59.89", "용적률": "172.97", "주택형태": "단독주택", "노후년수": "28.3", "임대세대수": "6", "지형높이": "평지", "지형형상": "자루형", "도로접면": "세로한면(가)", "OSC공법": "소형", "공시지가_2026": 2297000, "PNU": "1132010800106160007", "공공도서관": 0, "유치원": 2, "어린이집": 18, "중고등학교": 1, "초등학교": 1, "지하철역": 0, "주민센터": 2, "대학교": 0, "병원": 3, "버스정류장": 59, "대형점포": 1, "공연장": 0, "공원": 1, "신규임대유형": "청년"}}, {"type": "Feature", "geometry": {"type": "Point", "coordinates": [127.0448415, 37.6702608]}, "properties": {"id": "687", "gu": "도봉구", "dong": "도봉동", "jibun": "622-23", "addr": "도봉구 도봉동 622-23", "대지면적": "177.36", "건폐율": "55.80", "용적률": "115.68", "주택형태": "단독주택", "노후년수": "29.4", "임대세대수": "7", "지형높이": "평지", "지형형상": "가로장방", "도로접면": "세로한면(가)", "OSC공법": "소형", "공시지가_2026": 3070000, "PNU": "1132010800106220023", "공공도서관": 0, "유치원": 4, "어린이집": 26, "중고등학교": 2, "초등학교": 3, "지하철역": 0, "주민센터": 3, "대학교": 0, "병원": 3, "버스정류장": 60, "대형점포": 2, "공연장": 0, "공원": 2, "신규임대유형": "청년"}}, {"type": "Feature", "geometry": {"type": "Point", "coordinates": [127.0459, 37.6717492]}, "properties": {"id": "688", "gu": "도봉구", "dong": "도봉동", "jibun": "623-160", "addr": "도봉구 도봉동 623-160", "대지면적": "127.60", "건폐율": "59.58", "용적률": "119.17", "주택형태": "단독주택", "노후년수": "28.0", "임대세대수": "5", "지형높이": "평지", "지형형상": "정방형", "도로접면": "세로한면(불)", "OSC공법": "소형", "공시지가_2026": 2260000, "PNU": "1132010800106230160", "공공도서관": 0, "유치원": 7, "어린이집": 30, "중고등학교": 2, "초등학교": 2, "지하철역": 0, "주민센터": 2, "대학교": 0, "병원": 3, "버스정류장": 61, "대형점포": 2, "공연장": 0, "공원": 2, "신규임대유형": "신혼부부"}}, {"type": "Feature", "geometry": {"type": "Point", "coordinates": [127.0515795, 37.6727137]}, "properties": {"id": "764", "gu": "노원구", "dong": "상계동", "jibun": "1054-37", "addr": "노원구 상계동 1054-37", "대지면적": "", "건폐율": "", "용적률": "", "주택형태": "", "노후년수": "", "임대세대수": "", "지형높이": "평지", "지형형상": "사다리형", "도로접면": "세로한면(가)", "OSC공법": "소형", "공시지가_2026": 2865000, "PNU": "1135010500110540037", "공공도서관": 1, "유치원": 7, "어린이집": 43, "중고등학교": 4, "초등학교": 3, "지하철역": 1, "주민센터": 2, "대학교": 0, "병원": 4, "버스정류장": 64, "대형점포": 1, "공연장": 0, "공원": 1, "신규임대유형": "신혼부부"}}, {"type": "Feature", "geometry": {"type": "Point", "coordinates": [127.0502211, 37.6741036]}, "properties": {"id": "765", "gu": "노원구", "dong": "상계동", "jibun": "1086-5", "addr": "노원구 상계동 1086-5", "대지면적": "0.00", "건폐율": "59.97", "용적률": "166.56", "주택형태": "단독주택", "노후년수": "25.6", "임대세대수": "7", "지형높이": "평지", "지형형상": "가로장방", "도로접면": "세로한면(가)", "OSC공법": "소형", "공시지가_2026": 3058000, "PNU": "1135010500110860005", "공공도서관": 2, "유치원": 6, "어린이집": 37, "중고등학교": 2, "초등학교": 3, "지하철역": 1, "주민센터": 3, "대학교": 0, "병원": 4, "버스정류장": 67, "대형점포": 2, "공연장": 0, "공원": 2, "신규임대유형": "신혼부부"}}, {"type": "Feature", "geometry": {"type": "Point", "coordinates": [127.0507675, 37.6740591]}, "properties": {"id": "766", "gu": "노원구", "dong": "상계동", "jibun": "1086-7", "addr": "노원구 상계동 1086-7", "대지면적": "216.68", "건폐율": "59.66", "용적률": "173.58", "주택형태": "단독주택", "노후년수": "27.3", "임대세대수": "7", "지형높이": "평지", "지형형상": "사다리형", "도로접면": "세로한면(가)", "OSC공법": "소형", "공시지가_2026": 2969000, "PNU": "1135010500110860007", "공공도서관": 2, "유치원": 6, "어린이집": 36, "중고등학교": 2, "초등학교": 3, "지하철역": 1, "주민센터": 2, "대학교": 0, "병원": 4, "버스정류장": 69, "대형점포": 2, "공연장": 0, "공원": 2, "신규임대유형": "신혼부부"}}, {"type": "Feature", "geometry": {"type": "Point", "coordinates": [127.0501961, 37.6738189]}, "properties": {"id": "767", "gu": "노원구", "dong": "상계동", "jibun": "1086-19", "addr": "노원구 상계동 1086-19", "대지면적": "163.90", "건폐율": "56.35", "용적률": "152.15", "주택형태": "단독주택", "노후년수": "27.5", "임대세대수": "5", "지형높이": "평지", "지형형상": "가로장방", "도로접면": "세로한면(가)", "OSC공법": "소형", "공시지가_2026": 3058000, "PNU": "1135010500110860019", "공공도서관": 2, "유치원": 6, "어린이집": 34, "중고등학교": 2, "초등학교": 3, "지하철역": 1, "주민센터": 3, "대학교": 0, "병원": 4, "버스정류장": 71, "대형점포": 1, "공연장": 0, "공원": 1, "신규임대유형": "신혼부부"}}, {"type": "Feature", "geometry": {"type": "Point", "coordinates": [127.0507085, 37.6737508]}, "properties": {"id": "768", "gu": "노원구", "dong": "상계동", "jibun": "1086-22", "addr": "노원구 상계동 1086-22", "대지면적": "197.00", "건폐율": "59.90", "용적률": "117.86", "주택형태": "단독주택", "노후년수": "28.5", "임대세대수": "5", "지형높이": "평지", "지형형상": "사다리형", "도로접면": "세로한면(가)", "OSC공법": "소형", "공시지가_2026": 2969000, "PNU": "1135010500110860022", "공공도서관": 2, "유치원": 6, "어린이집": 33, "중고등학교": 3, "초등학교": 3, "지하철역": 1, "주민센터": 3, "대학교": 0, "병원": 4, "버스정류장": 66, "대형점포": 1, "공연장": 0, "공원": 1, "신규임대유형": "신혼부부"}}, {"type": "Feature", "geometry": {"type": "Point", "coordinates": [127.0524733, 37.6755194]}, "properties": {"id": "770", "gu": "노원구", "dong": "상계동", "jibun": "1105-26", "addr": "노원구 상계동 1105-26", "대지면적": "143.75", "건폐율": "59.76", "용적률": "193.17", "주택형태": "공동주택", "노후년수": "20.3", "임대세대수": "8", "지형높이": "평지", "지형형상": "세로장방", "도로접면": "소로각지", "OSC공법": "중형", "공시지가_2026": 3207000, "PNU": "1135010500111050026", "공공도서관": 2, "유치원": 8, "어린이집": 32, "중고등학교": 3, "초등학교": 3, "지하철역": 1, "주민센터": 1, "대학교": 0, "병원": 1, "버스정류장": 62, "대형점포": 2, "공연장": 0, "공원": 2, "신규임대유형": "신혼부부"}}, {"type": "Feature", "geometry": {"type": "Point", "coordinates": [127.0524691, 37.6753904]}, "properties": {"id": "771", "gu": "노원구", "dong": "상계동", "jibun": "1105-27", "addr": "노원구 상계동 1105-27", "대지면적": "", "건폐율": "", "용적률": "", "주택형태": "", "노후년수": "", "임대세대수": "", "지형높이": "평지", "지형형상": "사다리형", "도로접면": "소로각지", "OSC공법": "중형", "공시지가_2026": 3110000, "PNU": "1135010500111050027", "공공도서관": 2, "유치원": 8, "어린이집": 32, "중고등학교": 3, "초등학교": 3, "지하철역": 1, "주민센터": 1, "대학교": 0, "병원": 1, "버스정류장": 63, "대형점포": 2, "공연장": 0, "공원": 2, "신규임대유형": "신혼부부"}}, {"type": "Feature", "geometry": {"type": "Point", "coordinates": [127.0304407, 37.6229882]}, "properties": {"id": "409", "gu": "강북구", "dong": "미아동", "jibun": "129-39", "addr": "강북구 미아동 129-39", "대지면적": "95.92", "건폐율": "59.94", "용적률": "114.42", "주택형태": "단독주택", "노후년수": "30.5", "임대세대수": "5", "지형높이": "평지", "지형형상": "정방형", "도로접면": "세로각지(가)", "OSC공법": "소형", "공시지가_2026": 3626000, "PNU": "1130510100101290039", "공공도서관": 4, "유치원": 2, "어린이집": 11, "중고등학교": 4, "초등학교": 2, "지하철역": 1, "주민센터": 2, "대학교": 0, "병원": 5, "버스정류장": 72, "대형점포": 3, "공연장": 0, "공원": 3, "신규임대유형": "청년"}}, {"type": "Feature", "geometry": {"type": "Point", "coordinates": [127.0133258, 37.6267713]}, "properties": {"id": "433", "gu": "강북구", "dong": "미아동", "jibun": "791-3224", "addr": "강북구 미아동 791-3224", "대지면적": "136.95", "건폐율": "57.77", "용적률": "104.04", "주택형태": "단독주택", "노후년수": "31.9", "임대세대수": "4", "지형높이": "완경사", "지형형상": "사다리형", "도로접면": "소로각지", "OSC공법": "중형", "공시지가_2026": 2795000, "PNU": "1130510100107913224", "공공도서관": 2, "유치원": 4, "어린이집": 17, "중고등학교": 5, "초등학교": 4, "지하철역": 0, "주민센터": 1, "대학교": 0, "병원": 0, "버스정류장": 64, "대형점포": 1, "공연장": 0, "공원": 1, "신규임대유형": "신혼부부"}}, {"type": "Feature", "geometry": {"type": "Point", "coordinates": [127.0188729, 37.6361884]}, "properties": {"id": "452", "gu": "강북구", "dong": "수유동", "jibun": "125-10", "addr": "강북구 수유동 125-10", "대지면적": "170.90", "건폐율": "59.87", "용적률": "116.74", "주택형태": "단독주택", "노후년수": "27.2", "임대세대수": "5", "지형높이": "평지", "지형형상": "세로장방", "도로접면": "소로한면", "OSC공법": "중형", "공시지가_2026": 3280000, "PNU": "1130510300101250010", "공공도서관": 1, "유치원": 6, "어린이집": 18, "중고등학교": 1, "초등학교": 3, "지하철역": 1, "주민센터": 2, "대학교": 1, "병원": 5, "버스정류장": 89, "대형점포": 5, "공연장": 3, "공원": 5, "신규임대유형": "청년"}}, {"type": "Feature", "geometry": {"type": "Point", "coordinates": [127.0279371, 37.6440715]}, "properties": {"id": "454", "gu": "강북구", "dong": "수유동", "jibun": "166-9", "addr": "강북구 수유동 166-9", "대지면적": "170.90", "건폐율": "57.17", "용적률": "110.02", "주택형태": "단독주택", "노후년수": "32.3", "임대세대수": "6", "지형높이": "평지", "지형형상": "정방형", "도로접면": "세로한면(가)", "OSC공법": "소형", "공시지가_2026": 2830000, "PNU": "1130510300101660009", "공공도서관": 1, "유치원": 7, "어린이집": 22, "중고등학교": 2, "초등학교": 2, "지하철역": 1, "주민센터": 6, "대학교": 0, "병원": 6, "버스정류장": 78, "대형점포": 7, "공연장": 1, "공원": 7, "신규임대유형": "청년"}}, {"type": "Feature", "geometry": {"type": "Point", "coordinates": [127.0277803, 37.6441799]}, "properties": {"id": "455", "gu": "강북구", "dong": "수유동", "jibun": "166-13", "addr": "강북구 수유동 166-13", "대지면적": "105.24", "건폐율": "55.95", "용적률": "94.33", "주택형태": "단독주택", "노후년수": "31.7", "임대세대수": "4", "지형높이": "평지", "지형형상": "세로장방", "도로접면": "세로한면(가)", "OSC공법": "소형", "공시지가_2026": 2830000, "PNU": "1130510300101660013", "공공도서관": 1, "유치원": 7, "어린이집": 21, "중고등학교": 2, "초등학교": 2, "지하철역": 1, "주민센터": 6, "대학교": 0, "병원": 6, "버스정류장": 79, "대형점포": 7, "공연장": 1, "공원": 7, "신규임대유형": "청년"}}, {"type": "Feature", "geometry": {"type": "Point", "coordinates": [127.0266344, 37.6419459]}, "properties": {"id": "457", "gu": "강북구", "dong": "수유동", "jibun": "175-45", "addr": "강북구 수유동 175-45", "대지면적": "170.50", "건폐율": "59.15", "용적률": "149.28", "주택형태": "단독주택", "노후년수": "29.0", "임대세대수": "8", "지형높이": "평지", "지형형상": "정방형", "도로접면": "세로각지(가)", "OSC공법": "소형", "공시지가_2026": 3259000, "PNU": "1130510300101750045", "공공도서관": 1, "유치원": 7, "어린이집": 24, "중고등학교": 1, "초등학교": 2, "지하철역": 1, "주민센터": 6, "대학교": 0, "병원": 7, "버스정류장": 70, "대형점포": 9, "공연장": 1, "공원": 9, "신규임대유형": "청년"}}, {"type": "Feature", "geometry": {"type": "Point", "coordinates": [127.0177111, 37.6477807]}, "properties": {"id": "462", "gu": "강북구", "dong": "수유동", "jibun": "270-70", "addr": "강북구 수유동 270-70", "대지면적": "172.20", "건폐율": "51.85", "용적률": "142.43", "주택형태": "단독주택", "노후년수": "31.2", "임대세대수": "7", "지형높이": "평지", "지형형상": "사다리형", "도로접면": "세로각지(가)", "OSC공법": "소형", "공시지가_2026": 2739000, "PNU": "1130510300102700070", "공공도서관": 1, "유치원": 9, "어린이집": 16, "중고등학교": 3, "초등학교": 2, "지하철역": 0, "주민센터": 3, "대학교": 1, "병원": 1, "버스정류장": 70, "대형점포": 1, "공연장": 0, "공원": 1, "신규임대유형": "신혼부부"}}, {"type": "Feature", "geometry": {"type": "Point", "coordinates": [127.0121911, 37.6462661]}, "properties": {"id": "469", "gu": "강북구", "dong": "수유동", "jibun": "291-14", "addr": "강북구 수유동 291-14", "대지면적": "245.00", "건폐율": "59.52", "용적률": "158.29", "주택형태": "단독주택", "노후년수": "27.4", "임대세대수": "7", "지형높이": "평지", "지형형상": "가로장방", "도로접면": "세로한면(가)", "OSC공법": "소형", "공시지가_2026": 2745000, "PNU": "1130510300102910014", "공공도서관": 1, "유치원": 5, "어린이집": 12, "중고등학교": 1, "초등학교": 2, "지하철역": 0, "주민센터": 3, "대학교": 1, "병원": 0, "버스정류장": 42, "대형점포": 1, "공연장": 2, "공원": 1, "신규임대유형": "청년"}}, {"type": "Feature", "geometry": {"type": "Point", "coordinates": [127.0153536, 37.6442826]}, "properties": {"id": "473", "gu": "강북구", "dong": "수유동", "jibun": "313-43", "addr": "강북구 수유동 313-43", "대지면적": "251.00", "건폐율": "50.70", "용적률": "114.28", "주택형태": "단독주택", "노후년수": "29.1", "임대세대수": "7", "지형높이": "평지", "지형형상": "사다리형", "도로접면": "세로각지(가)", "OSC공법": "소형", "공시지가_2026": 3118000, "PNU": "1130510300103130043", "공공도서관": 0, "유치원": 7, "어린이집": 15, "중고등학교": 1, "초등학교": 2, "지하철역": 0, "주민센터": 3, "대학교": 0, "병원": 2, "버스정류장": 57, "대형점포": 2, "공연장": 3, "공원": 2, "신규임대유형": "청년"}}, {"type": "Feature", "geometry": {"type": "Point", "coordinates": [127.0172375, 37.6431126]}, "properties": {"id": "474", "gu": "강북구", "dong": "수유동", "jibun": "335-6", "addr": "강북구 수유동 335-6", "대지면적": "179.00", "건폐율": "59.99", "용적률": "159.81", "주택형태": "단독주택", "노후년수": "22.0", "임대세대수": "6", "지형높이": "평지", "지형형상": "자루형", "도로접면": "세로한면(가)", "OSC공법": "", "공시지가_2026": 2485000, "PNU": "1130510300103350006", "공공도서관": 0, "유치원": 7, "어린이집": 15, "중고등학교": 2, "초등학교": 2, "지하철역": 0, "주민센터": 4, "대학교": 0, "병원": 2, "버스정류장": 54, "대형점포": 5, "공연장": 3, "공원": 5, "신규임대유형": "청년"}}, {"type": "Feature", "geometry": {"type": "Point", "coordinates": [127.0140738, 37.6412726]}, "properties": {"id": "478", "gu": "강북구", "dong": "수유동", "jibun": "363-6", "addr": "강북구 수유동 363-6", "대지면적": "276.00", "건폐율": "59.92", "용적률": "172.58", "주택형태": "단독주택", "노후년수": "31.0", "임대세대수": "12", "지형높이": "평지", "지형형상": "사다리형", "도로접면": "세로한면(가)", "OSC공법": "소형", "공시지가_2026": 2959000, "PNU": "1130510300103630006", "공공도서관": 0, "유치원": 7, "어린이집": 15, "중고등학교": 1, "초등학교": 2, "지하철역": 0, "주민센터": 3, "대학교": 1, "병원": 2, "버스정류장": 68, "대형점포": 3, "공연장": 3, "공원": 3, "신규임대유형": "신혼부부"}}, {"type": "Feature", "geometry": {"type": "Point", "coordinates": [127.0145662, 37.6395935]}, "properties": {"id": "479", "gu": "강북구", "dong": "수유동", "jibun": "391-339", "addr": "강북구 수유동 391-339", "대지면적": "181.00", "건폐율": "54.54", "용적률": "132.02", "주택형태": "단독주택", "노후년수": "30.8", "임대세대수": "6", "지형높이": "평지", "지형형상": "사다리형", "도로접면": "세로한면(가)", "OSC공법": "소형", "공시지가_2026": 2655000, "PNU": "1130510300103910339", "공공도서관": 0, "유치원": 7, "어린이집": 16, "중고등학교": 1, "초등학교": 2, "지하철역": 0, "주민센터": 3, "대학교": 1, "병원": 2, "버스정류장": 74, "대형점포": 2, "공연장": 3, "공원": 2, "신규임대유형": "청년"}}, {"type": "Feature", "geometry": {"type": "Point", "coordinates": [127.0151104, 37.6293113]}, "properties": {"id": "494", "gu": "강북구", "dong": "수유동", "jibun": "475-124", "addr": "강북구 수유동 475-124", "대지면적": "145.00", "건폐율": "53.13", "용적률": "100.70", "주택형태": "단독주택", "노후년수": "30.2", "임대세대수": "5", "지형높이": "평지", "지형형상": "사다리형", "도로접면": "세로한면(가)", "OSC공법": "", "공시지가_2026": 2653000, "PNU": "1130510300104750124", "공공도서관": 1, "유치원": 4, "어린이집": 14, "중고등학교": 5, "초등학교": 3, "지하철역": 0, "주민센터": 1, "대학교": 1, "병원": 0, "버스정류장": 74, "대형점포": 5, "공연장": 0, "공원": 5, "신규임대유형": "신혼부부"}}, {"type": "Feature", "geometry": {"type": "Point", "coordinates": [127.0104897, 37.640707]}, "properties": {"id": "508", "gu": "강북구", "dong": "수유동", "jibun": "527-49", "addr": "강북구 수유동 527-49", "대지면적": "231.00", "건폐율": "58.82", "용적률": "176.45", "주택형태": "단독주택", "노후년수": "27.2", "임대세대수": "8", "지형높이": "완경사", "지형형상": "정방형", "도로접면": "세로한면(불)", "OSC공법": "소형", "공시지가_2026": 1906000, "PNU": "1130510300105270049", "공공도서관": 0, "유치원": 4, "어린이집": 11, "중고등학교": 1, "초등학교": 2, "지하철역": 0, "주민센터": 1, "대학교": 1, "병원": 1, "버스정류장": 60, "대형점포": 1, "공연장": 2, "공원": 1, "신규임대유형": "유지"}}, {"type": "Feature", "geometry": {"type": "Point", "coordinates": [127.0085452, 37.6445727]}, "properties": {"id": "509", "gu": "강북구", "dong": "수유동", "jibun": "536-27", "addr": "강북구 수유동 536-27", "대지면적": "169.00", "건폐율": "58.22", "용적률": "174.67", "주택형태": "단독주택", "노후년수": "29.2", "임대세대수": "7", "지형높이": "평지", "지형형상": "사다리형", "도로접면": "소로한면", "OSC공법": "중형", "공시지가_2026": 2601000, "PNU": "1130510300105360027", "공공도서관": 0, "유치원": 3, "어린이집": 7, "중고등학교": 1, "초등학교": 1, "지하철역": 0, "주민센터": 2, "대학교": 0, "병원": 1, "버스정류장": 44, "대형점포": 0, "공연장": 2, "공원": 0, "신규임대유형": "신혼부부"}}, {"type": "Feature", "geometry": {"type": "Point", "coordinates": [127.0085263, 37.6433221]}, "properties": {"id": "510", "gu": "강북구", "dong": "수유동", "jibun": "540-46", "addr": "강북구 수유동 540-46", "대지면적": "200.00", "건폐율": "59.30", "용적률": "191.40", "주택형태": "공동주택", "노후년수": "22.8", "임대세대수": "4", "지형높이": "평지", "지형형상": "가로장방", "도로접면": "세로한면(가)", "OSC공법": "소형", "공시지가_2026": 2201000, "PNU": "1130510300105400046", "공공도서관": 0, "유치원": 4, "어린이집": 6, "중고등학교": 1, "초등학교": 2, "지하철역": 0, "주민센터": 2, "대학교": 0, "병원": 1, "버스정류장": 56, "대형점포": 0, "공연장": 2, "공원": 0, "신규임대유형": "청년"}}, {"type": "Feature", "geometry": {"type": "Point", "coordinates": [127.009885, 37.6446549]}, "properties": {"id": "511", "gu": "강북구", "dong": "수유동", "jibun": "542-3", "addr": "강북구 수유동 542-3", "대지면적": "174.16", "건폐율": "59.94", "용적률": "173.53", "주택형태": "단독주택", "노후년수": "28.3", "임대세대수": "7", "지형높이": "평지", "지형형상": "사다리형", "도로접면": "세로한면(가)", "OSC공법": "", "공시지가_2026": 2444000, "PNU": "1130510300105420003", "공공도서관": 0, "유치원": 4, "어린이집": 10, "중고등학교": 1, "초등학교": 2, "지하철역": 0, "주민센터": 2, "대학교": 0, "병원": 1, "버스정류장": 49, "대형점포": 0, "공연장": 2, "공원": 0, "신규임대유형": "청년"}}, {"type": "Feature", "geometry": {"type": "Point", "coordinates": [127.0094674, 37.6467696]}, "properties": {"id": "515", "gu": "강북구", "dong": "수유동", "jibun": "567-20", "addr": "강북구 수유동 567-20", "대지면적": "161.17", "건폐율": "49.75", "용적률": "99.50", "주택형태": "단독주택", "노후년수": "34.5", "임대세대수": "5", "지형높이": "평지", "지형형상": "정방형", "도로접면": "세로각지(가)", "OSC공법": "소형", "공시지가_2026": 2822000, "PNU": "1130510300105670020", "공공도서관": 1, "유치원": 3, "어린이집": 7, "중고등학교": 1, "초등학교": 2, "지하철역": 0, "주민센터": 2, "대학교": 0, "병원": 0, "버스정류장": 35, "대형점포": 0, "공연장": 2, "공원": 0, "신규임대유형": "청년"}}, {"type": "Feature", "geometry": {"type": "Point", "coordinates": [127.0098456, 37.6467205]}, "properties": {"id": "516", "gu": "강북구", "dong": "수유동", "jibun": "567-27", "addr": "강북구 수유동 567-27", "대지면적": "197.80", "건폐율": "47.68", "용적률": "60.46", "주택형태": "단독주택", "노후년수": "29.0", "임대세대수": "3", "지형높이": "평지", "지형형상": "세로장방", "도로접면": "세로한면(가)", "OSC공법": "소형", "공시지가_2026": 2688000, "PNU": "1130510300105670027", "공공도서관": 1, "유치원": 3, "어린이집": 9, "중고등학교": 1, "초등학교": 2, "지하철역": 0, "주민센터": 2, "대학교": 0, "병원": 0, "버스정류장": 37, "대형점포": 0, "공연장": 2, "공원": 0, "신규임대유형": "청년"}}, {"type": "Feature", "geometry": {"type": "Point", "coordinates": [127.009902, 37.6465894]}, "properties": {"id": "517", "gu": "강북구", "dong": "수유동", "jibun": "567-42", "addr": "강북구 수유동 567-42", "대지면적": "213.00", "건폐율": "66.59", "용적률": "244.73", "주택형태": "공동주택", "노후년수": "29.4", "임대세대수": "15", "지형높이": "평지", "지형형상": "자루형", "도로접면": "세로한면(가)", "OSC공법": "소형", "공시지가_2026": 2365000, "PNU": "1130510300105670042", "공공도서관": 1, "유치원": 3, "어린이집": 9, "중고등학교": 1, "초등학교": 2, "지하철역": 0, "주민센터": 2, "대학교": 0, "병원": 0, "버스정류장": 38, "대형점포": 0, "공연장": 2, "공원": 0, "신규임대유형": "청년"}}, {"type": "Feature", "geometry": {"type": "Point", "coordinates": [127.0364722, 37.6537631]}, "properties": {"id": "552", "gu": "도봉구", "dong": "쌍문동", "jibun": "75-52", "addr": "도봉구 쌍문동 75-52", "대지면적": "176.00", "건폐율": "52.06", "용적률": "149.91", "주택형태": "단독주택", "노후년수": "30.3", "임대세대수": "7", "지형높이": "평지", "지형형상": "자루형", "도로접면": "세로한면(가)", "OSC공법": "소형", "공시지가_2026": 2435000, "PNU": "1132010500100750052", "공공도서관": 2, "유치원": 8, "어린이집": 31, "중고등학교": 6, "초등학교": 4, "지하철역": 1, "주민센터": 3, "대학교": 0, "병원": 3, "버스정류장": 57, "대형점포": 2, "공연장": 2, "공원": 2, "신규임대유형": "청년"}}, {"type": "Feature", "geometry": {"type": "Point", "coordinates": [127.0352434, 37.6534993]}, "properties": {"id": "553", "gu": "도봉구", "dong": "쌍문동", "jibun": "81-164", "addr": "도봉구 쌍문동 81-164", "대지면적": "165.00", "건폐율": "59.96", "용적률": "145.26", "주택형태": "단독주택", "노후년수": "31.4", "임대세대수": "6", "지형높이": "평지", "지형형상": "가로장방", "도로접면": "세로한면(가)", "OSC공법": "소형", "공시지가_2026": 2814000, "PNU": "1132010500100810164", "공공도서관": 2, "유치원": 8, "어린이집": 33, "중고등학교": 6, "초등학교": 4, "지하철역": 1, "주민센터": 2, "대학교": 0, "병원": 3, "버스정류장": 57, "대형점포": 3, "공연장": 2, "공원": 3, "신규임대유형": "청년"}}, {"type": "Feature", "geometry": {"type": "Point", "coordinates": [127.0309565, 37.6472995]}, "properties": {"id": "557", "gu": "도봉구", "dong": "쌍문동", "jibun": "123-73", "addr": "도봉구 쌍문동 123-73", "대지면적": "116.00", "건폐율": "58.39", "용적률": "100.50", "주택형태": "단독주택", "노후년수": "30.1", "임대세대수": "5", "지형높이": "평지", "지형형상": "가로장방", "도로접면": "세로한면(가)", "OSC공법": "소형", "공시지가_2026": 2874000, "PNU": "1132010500101230073", "공공도서관": 2, "유치원": 6, "어린이집": 24, "중고등학교": 5, "초등학교": 3, "지하철역": 1, "주민센터": 3, "대학교": 0, "병원": 2, "버스정류장": 67, "대형점포": 7, "공연장": 0, "공원": 7, "신규임대유형": "청년"}}, {"type": "Feature", "geometry": {"type": "Point", "coordinates": [127.0297465, 37.6512229]}, "properties": {"id": "560", "gu": "도봉구", "dong": "쌍문동", "jibun": "137-226", "addr": "도봉구 쌍문동 137-226", "대지면적": "175.00", "건폐율": "59.95", "용적률": "103.16", "주택형태": "단독주택", "노후년수": "32.0", "임대세대수": "5", "지형높이": "평지", "지형형상": "세로장방", "도로접면": "소로한면", "OSC공법": "중형", "공시지가_2026": 2993000, "PNU": "1132010500101370226", "공공도서관": 2, "유치원": 6, "어린이집": 19, "중고등학교": 7, "초등학교": 5, "지하철역": 1, "주민센터": 3, "대학교": 0, "병원": 2, "버스정류장": 70, "대형점포": 0, "공연장": 0, "공원": 0, "신규임대유형": "청년"}}, {"type": "Feature", "geometry": {"type": "Point", "coordinates": [127.0240256, 37.6508395]}, "properties": {"id": "561", "gu": "도봉구", "dong": "쌍문동", "jibun": "286-22", "addr": "도봉구 쌍문동 286-22", "대지면적": "153.73", "건폐율": "45.20", "용적률": "85.24", "주택형태": "단독주택", "노후년수": "33.4", "임대세대수": "6", "지형높이": "평지", "지형형상": "정방형", "도로접면": "세로각지(가)", "OSC공법": "소형", "공시지가_2026": 2829000, "PNU": "1132010500102860022", "공공도서관": 1, "유치원": 8, "어린이집": 13, "중고등학교": 8, "초등학교": 4, "지하철역": 0, "주민센터": 4, "대학교": 1, "병원": 1, "버스정류장": 57, "대형점포": 1, "공연장": 0, "공원": 1, "신규임대유형": "청년"}}, {"type": "Feature", "geometry": {"type": "Point", "coordinates": [127.0247711, 37.6502615]}, "properties": {"id": "562", "gu": "도봉구", "dong": "쌍문동", "jibun": "291-2", "addr": "도봉구 쌍문동 291-2", "대지면적": "171.00", "건폐율": "59.69", "용적률": "189.19", "주택형태": "공동주택", "노후년수": "21.1", "임대세대수": "6", "지형높이": "평지", "지형형상": "세로장방", "도로접면": "세로한면(불)", "OSC공법": "소형", "공시지가_2026": 2216000, "PNU": "1132010500102910002", "공공도서관": 2, "유치원": 7, "어린이집": 11, "중고등학교": 9, "초등학교": 4, "지하철역": 0, "주민센터": 4, "대학교": 0, "병원": 1, "버스정류장": 58, "대형점포": 1, "공연장": 0, "공원": 1, "신규임대유형": "청년"}}, {"type": "Feature", "geometry": {"type": "Point", "coordinates": [127.0291242, 37.6490309]}, "properties": {"id": "564", "gu": "도봉구", "dong": "쌍문동", "jibun": "315-181", "addr": "도봉구 쌍문동 315-181", "대지면적": "116.00", "건폐율": "56.38", "용적률": "98.28", "주택형태": "단독주택", "노후년수": "34.1", "임대세대수": "3", "지형높이": "평지", "지형형상": "세로장방", "도로접면": "세로각지(가)", "OSC공법": "소형", "공시지가_2026": 2814000, "PNU": "1132010500103150181", "공공도서관": 2, "유치원": 6, "어린이집": 19, "중고등학교": 4, "초등학교": 3, "지하철역": 1, "주민센터": 2, "대학교": 0, "병원": 2, "버스정류장": 64, "대형점포": 1, "공연장": 0, "공원": 1, "신규임대유형": "청년"}}, {"type": "Feature", "geometry": {"type": "Point", "coordinates": [127.0258482, 37.6491416]}, "properties": {"id": "566", "gu": "도봉구", "dong": "쌍문동", "jibun": "357-35", "addr": "도봉구 쌍문동 357-35", "대지면적": "130.00", "건폐율": "59.58", "용적률": "117.86", "주택형태": "단독주택", "노후년수": "33.1", "임대세대수": "5", "지형높이": "평지", "지형형상": "사다리형", "도로접면": "세로한면(가)", "OSC공법": "소형", "공시지가_2026": 2408000, "PNU": "1132010500103570035", "공공도서관": 2, "유치원": 7, "어린이집": 13, "중고등학교": 6, "초등학교": 3, "지하철역": 1, "주민센터": 3, "대학교": 0, "병원": 3, "버스정류장": 64, "대형점포": 3, "공연장": 0, "공원": 3, "신규임대유형": "청년"}}, {"type": "Feature", "geometry": {"type": "Point", "coordinates": [127.0233993, 37.6491847]}, "properties": {"id": "567", "gu": "도봉구", "dong": "쌍문동", "jibun": "361-17", "addr": "도봉구 쌍문동 361-17", "대지면적": "", "건폐율": "", "용적률": "", "주택형태": "", "노후년수": "", "임대세대수": "", "지형높이": "평지", "지형형상": "세로장방", "도로접면": "세로한면(가)", "OSC공법": "소형", "공시지가_2026": 2657000, "PNU": "1132010500103610017", "공공도서관": 2, "유치원": 9, "어린이집": 14, "중고등학교": 3, "초등학교": 2, "지하철역": 0, "주민센터": 3, "대학교": 1, "병원": 2, "버스정류장": 58, "대형점포": 1, "공연장": 0, "공원": 1, "신규임대유형": "청년"}}, {"type": "Feature", "geometry": {"type": "Point", "coordinates": [127.0207618, 37.6493039]}, "properties": {"id": "568", "gu": "도봉구", "dong": "쌍문동", "jibun": "414-45", "addr": "도봉구 쌍문동 414-45", "대지면적": "132.53", "건폐율": "59.84", "용적률": "99.52", "주택형태": "단독주택", "노후년수": "32.3", "임대세대수": "5", "지형높이": "평지", "지형형상": "사다리형", "도로접면": "세로한면(가)", "OSC공법": "소형", "공시지가_2026": 2050000, "PNU": "1132010500104140045", "공공도서관": 2, "유치원": 7, "어린이집": 12, "중고등학교": 3, "초등학교": 3, "지하철역": 0, "주민센터": 4, "대학교": 1, "병원": 2, "버스정류장": 63, "대형점포": 1, "공연장": 0, "공원": 1, "신규임대유형": "청년"}}, {"type": "Feature", "geometry": {"type": "Point", "coordinates": [127.0134861, 37.6508962]}, "properties": {"id": "569", "gu": "도봉구", "dong": "쌍문동", "jibun": "423-49", "addr": "도봉구 쌍문동 423-49", "대지면적": "316.25", "건폐율": "58.26", "용적률": "146.95", "주택형태": "단독주택", "노후년수": "27.9", "임대세대수": "18", "지형높이": "평지", "지형형상": "가로장방", "도로접면": "세로한면(가)", "OSC공법": "소형", "공시지가_2026": 2957000, "PNU": "1132010500104230049", "공공도서관": 1, "유치원": 4, "어린이집": 12, "중고등학교": 3, "초등학교": 1, "지하철역": 0, "주민센터": 1, "대학교": 1, "병원": 4, "버스정류장": 39, "대형점포": 1, "공연장": 1, "공원": 1, "신규임대유형": "청년"}}, {"type": "Feature", "geometry": {"type": "Point", "coordinates": [127.0236999, 37.6522262]}, "properties": {"id": "570", "gu": "도봉구", "dong": "쌍문동", "jibun": "460-23", "addr": "도봉구 쌍문동 460-23", "대지면적": "126.33", "건폐율": "59.86", "용적률": "174.61", "주택형태": "단독주택", "노후년수": "30.2", "임대세대수": "6", "지형높이": "완경사", "지형형상": "세로장방", "도로접면": "세로각지(가)", "OSC공법": "소형", "공시지가_2026": 2203000, "PNU": "1132010500104600023", "공공도서관": 1, "유치원": 8, "어린이집": 13, "중고등학교": 7, "초등학교": 5, "지하철역": 0, "주민센터": 3, "대학교": 1, "병원": 0, "버스정류장": 61, "대형점포": 1, "공연장": 0, "공원": 1, "신규임대유형": "청년"}}, {"type": "Feature", "geometry": {"type": "Point", "coordinates": [127.0235077, 37.6518781]}, "properties": {"id": "571", "gu": "도봉구", "dong": "쌍문동", "jibun": "460-129", "addr": "도봉구 쌍문동 460-129", "대지면적": "185.00", "건폐율": "58.64", "용적률": "160.05", "주택형태": "단독주택", "노후년수": "27.8", "임대세대수": "10", "지형높이": "평지", "지형형상": "사다리형", "도로접면": "소로각지", "OSC공법": "중형", "공시지가_2026": 2370000, "PNU": "1132010500104600129", "공공도서관": 1, "유치원": 6, "어린이집": 13, "중고등학교": 6, "초등학교": 4, "지하철역": 0, "주민센터": 3, "대학교": 1, "병원": 0, "버스정류장": 60, "대형점포": 1, "공연장": 0, "공원": 1, "신규임대유형": "청년"}}, {"type": "Feature", "geometry": {"type": "Point", "coordinates": [127.0216028, 37.653091]}, "properties": {"id": "572", "gu": "도봉구", "dong": "쌍문동", "jibun": "460-175", "addr": "도봉구 쌍문동 460-175", "대지면적": "169.00", "건폐율": "59.94", "용적률": "116.83", "주택형태": "단독주택", "노후년수": "30.6", "임대세대수": "5", "지형높이": "완경사", "지형형상": "사다리형", "도로접면": "세로한면(가)", "OSC공법": "소형", "공시지가_2026": 1944000, "PNU": "1132010500104600175", "공공도서관": 3, "유치원": 7, "어린이집": 16, "중고등학교": 5, "초등학교": 5, "지하철역": 0, "주민센터": 3, "대학교": 1, "병원": 1, "버스정류장": 64, "대형점포": 0, "공연장": 0, "공원": 0, "신규임대유형": "청년"}}, {"type": "Feature", "geometry": {"type": "Point", "coordinates": [127.0667487, 37.6638889]}, "properties": {"id": "738", "gu": "노원구", "dong": "상계동", "jibun": "456-83", "addr": "노원구 상계동 456-83", "대지면적": "182.00", "건폐율": "58.52", "용적률": "168.26", "주택형태": "단독주택", "노후년수": "30.0", "임대세대수": "7", "지형높이": "평지", "지형형상": "세로장방", "도로접면": "세로각지(가)", "OSC공법": "소형", "공시지가_2026": 3325000, "PNU": "1135010500104560083", "공공도서관": 2, "유치원": 7, "어린이집": 36, "중고등학교": 4, "초등학교": 6, "지하철역": 1, "주민센터": 4, "대학교": 0, "병원": 3, "버스정류장": 69, "대형점포": 4, "공연장": 0, "공원": 4, "신규임대유형": "신혼부부"}}, {"type": "Feature", "geometry": {"type": "Point", "coordinates": [127.0449449, 37.6135102]}, "properties": {"id": "400", "gu": "성북구", "dong": "장위동", "jibun": "233-281", "addr": "성북구 장위동 233-281", "대지면적": "152.00", "건폐율": "59.51", "용적률": "172.42", "주택형태": "단독주택", "노후년수": "28.1", "임대세대수": "6", "지형높이": "평지", "지형형상": "정방형", "도로접면": "세로한면(가)", "OSC공법": "소형", "공시지가_2026": 3151000, "PNU": "1129013800102330281", "공공도서관": 1, "유치원": 6, "어린이집": 20, "중고등학교": 2, "초등학교": 4, "지하철역": 0, "주민센터": 1, "대학교": 0, "병원": 1, "버스정류장": 80, "대형점포": 2, "공연장": 0, "공원": 2, "신규임대유형": "신혼부부"}}, {"type": "Feature", "geometry": {"type": "Point", "coordinates": [127.0527309, 37.6059952]}, "properties": {"id": "408", "gu": "성북구", "dong": "석관동", "jibun": "340-280", "addr": "성북구 석관동 340-280", "대지면적": "0.00", "건폐율": "0.00", "용적률": "0.00", "주택형태": "단독주택", "노후년수": "33.1", "임대세대수": "5", "지형높이": "완경사", "지형형상": "사다리형", "도로접면": "세로각지(가)", "OSC공법": "소형", "공시지가_2026": 2897000, "PNU": "1129013900103400280", "공공도서관": 1, "유치원": 5, "어린이집": 12, "중고등학교": 1, "초등학교": 3, "지하철역": 2, "주민센터": 2, "대학교": 1, "병원": 0, "버스정류장": 34, "대형점포": 4, "공연장": 3, "공원": 4, "신규임대유형": "신혼부부"}}, {"type": "Feature", "geometry": {"type": "Point", "coordinates": [127.0543871, 37.6239981]}, "properties": {"id": "692", "gu": "노원구", "dong": "월계동", "jibun": "534-57", "addr": "노원구 월계동 534-57", "대지면적": "0.00", "건폐율": "0.00", "용적률": "0.00", "주택형태": "단독주택", "노후년수": "33.8", "임대세대수": "11", "지형높이": "완경사", "지형형상": "정방형", "도로접면": "세로각지(가)", "OSC공법": "소형", "공시지가_2026": 2570000, "PNU": "1135010200105340057", "공공도서관": 2, "유치원": 5, "어린이집": 24, "중고등학교": 5, "초등학교": 6, "지하철역": 0, "주민센터": 1, "대학교": 2, "병원": 0, "버스정류장": 73, "대형점포": 3, "공연장": 1, "공원": 3, "신규임대유형": "청년"}}, {"type": "Feature", "geometry": {"type": "Point", "coordinates": [127.0534567, 37.6241687]}, "properties": {"id": "693", "gu": "노원구", "dong": "월계동", "jibun": "534-78", "addr": "노원구 월계동 534-78", "대지면적": "", "건폐율": "", "용적률": "", "주택형태": "", "노후년수": "", "임대세대수": "", "지형높이": "평지", "지형형상": "정방형", "도로접면": "세로한면(가)", "OSC공법": "소형", "공시지가_2026": 2618000, "PNU": "1135010200105340078", "공공도서관": 2, "유치원": 5, "어린이집": 21, "중고등학교": 9, "초등학교": 6, "지하철역": 0, "주민센터": 1, "대학교": 2, "병원": 0, "버스정류장": 77, "대형점포": 2, "공연장": 1, "공원": 2, "신규임대유형": "청년"}}, {"type": "Feature", "geometry": {"type": "Point", "coordinates": [127.0100565, 37.6140691]}, "properties": {"id": "340", "gu": "성북구", "dong": "정릉동", "jibun": "254-85", "addr": "성북구 정릉동 254-85", "대지면적": "157.13", "건폐율": "57.62", "용적률": "164.49", "주택형태": "단독주택", "노후년수": "21.3", "임대세대수": "7", "지형높이": "완경사", "지형형상": "사다리형", "도로접면": "세로한면(불)", "OSC공법": "소형", "공시지가_2026": 2441000, "PNU": "1129013300102540085", "공공도서관": 2, "유치원": 4, "어린이집": 30, "중고등학교": 3, "초등학교": 3, "지하철역": 0, "주민센터": 2, "대학교": 1, "병원": 0, "버스정류장": 76, "대형점포": 2, "공연장": 0, "공원": 2, "신규임대유형": "청년"}}, {"type": "Feature", "geometry": {"type": "Point", "coordinates": [127.0099169, 37.6142465]}, "properties": {"id": "341", "gu": "성북구", "dong": "정릉동", "jibun": "254-93", "addr": "성북구 정릉동 254-93", "대지면적": "0.00", "건폐율": "0.00", "용적률": "0.00", "주택형태": "단독주택", "노후년수": "32.1", "임대세대수": "3", "지형높이": "완경사", "지형형상": "사다리형", "도로접면": "세로한면(불)", "OSC공법": "소형", "공시지가_2026": 2441000, "PNU": "1129013300102540093", "공공도서관": 2, "유치원": 4, "어린이집": 34, "중고등학교": 3, "초등학교": 3, "지하철역": 0, "주민센터": 2, "대학교": 1, "병원": 0, "버스정류장": 74, "대형점포": 1, "공연장": 0, "공원": 1, "신규임대유형": "신혼부부"}}, {"type": "Feature", "geometry": {"type": "Point", "coordinates": [127.0115777, 37.6127289]}, "properties": {"id": "342", "gu": "성북구", "dong": "정릉동", "jibun": "266-55", "addr": "성북구 정릉동 266-55", "대지면적": "", "건폐율": "", "용적률": "", "주택형태": "", "노후년수": "", "임대세대수": "", "지형높이": "평지", "지형형상": "사다리형", "도로접면": "소로각지", "OSC공법": "", "공시지가_2026": 3287000, "PNU": "1129013300102660055", "공공도서관": 1, "유치원": 6, "어린이집": 35, "중고등학교": 3, "초등학교": 3, "지하철역": 0, "주민센터": 3, "대학교": 1, "병원": 0, "버스정류장": 70, "대형점포": 3, "공연장": 0, "공원": 3, "신규임대유형": "청년"}}, {"type": "Feature", "geometry": {"type": "Point", "coordinates": [127.012355, 37.6108647]}, "properties": {"id": "343", "gu": "성북구", "dong": "정릉동", "jibun": "266-335", "addr": "성북구 정릉동 266-335", "대지면적": "440.00", "건폐율": "0.00", "용적률": "194.41", "주택형태": "단독주택", "노후년수": "36.1", "임대세대수": "6", "지형높이": "완경사", "지형형상": "세로장방", "도로접면": "세로한면(불)", "OSC공법": "소형", "공시지가_2026": 2560000, "PNU": "1129013300102660335", "공공도서관": 2, "유치원": 8, "어린이집": 36, "중고등학교": 4, "초등학교": 4, "지하철역": 0, "주민센터": 4, "대학교": 1, "병원": 1, "버스정류장": 70, "대형점포": 4, "공연장": 0, "공원": 4, "신규임대유형": "청년"}}, {"type": "Feature", "geometry": {"type": "Point", "coordinates": [127.0121421, 37.6110941]}, "properties": {"id": "344", "gu": "성북구", "dong": "정릉동", "jibun": "266-338", "addr": "성북구 정릉동 266-338", "대지면적": "0.00", "건폐율": "55.09", "용적률": "0.00", "주택형태": "단독주택", "노후년수": "29.1", "임대세대수": "8", "지형높이": "완경사", "지형형상": "사다리형", "도로접면": "세로한면(가)", "OSC공법": "소형", "공시지가_2026": 2869000, "PNU": "1129013300102660338", "공공도서관": 2, "유치원": 8, "어린이집": 37, "중고등학교": 3, "초등학교": 3, "지하철역": 0, "주민센터": 4, "대학교": 1, "병원": 1, "버스정류장": 68, "대형점포": 4, "공연장": 0, "공원": 4, "신규임대유형": "청년"}}, {"type": "Feature", "geometry": {"type": "Point", "coordinates": [127.0110614, 37.6082445]}, "properties": {"id": "347", "gu": "성북구", "dong": "정릉동", "jibun": "409-1", "addr": "성북구 정릉동 409-1", "대지면적": "", "건폐율": "", "용적률": "", "주택형태": "", "노후년수": "", "임대세대수": "", "지형높이": "완경사", "지형형상": "사다리형", "도로접면": "세로한면(불)", "OSC공법": "소형", "공시지가_2026": 2421000, "PNU": "1129013300104090001", "공공도서관": 2, "유치원": 7, "어린이집": 26, "중고등학교": 3, "초등학교": 4, "지하철역": 0, "주민센터": 4, "대학교": 0, "병원": 1, "버스정류장": 83, "대형점포": 4, "공연장": 0, "공원": 4, "신규임대유형": "유지"}}, {"type": "Feature", "geometry": {"type": "Point", "coordinates": [127.0009491, 37.6179323]}, "properties": {"id": "356", "gu": "성북구", "dong": "정릉동", "jibun": "788-11", "addr": "성북구 정릉동 788-11", "대지면적": "304.27", "건폐율": "57.82", "용적률": "157.73", "주택형태": "단독주택", "노후년수": "28.0", "임대세대수": "12", "지형높이": "완경사", "지형형상": "사다리형", "도로접면": "세로한면(가)", "OSC공법": "소형", "공시지가_2026": 2230000, "PNU": "1129013300107880011", "공공도서관": 0, "유치원": 2, "어린이집": 8, "중고등학교": 0, "초등학교": 2, "지하철역": 0, "주민센터": 1, "대학교": 0, "병원": 0, "버스정류장": 33, "대형점포": 0, "공연장": 0, "공원": 0, "신규임대유형": "청년"}}, {"type": "Feature", "geometry": {"type": "Point", "coordinates": [126.9982114, 37.6189107]}, "properties": {"id": "358", "gu": "성북구", "dong": "정릉동", "jibun": "822-14", "addr": "성북구 정릉동 822-14", "대지면적": "", "건폐율": "", "용적률": "", "주택형태": "", "노후년수": "", "임대세대수": "", "지형높이": "완경사", "지형형상": "사다리형", "도로접면": "세로한면(가)", "OSC공법": "소형", "공시지가_2026": 2241000, "PNU": "1129013300108220014", "공공도서관": 0, "유치원": 2, "어린이집": 2, "중고등학교": 0, "초등학교": 2, "지하철역": 0, "주민센터": 0, "대학교": 0, "병원": 0, "버스정류장": 16, "대형점포": 0, "공연장": 0, "공원": 0, "신규임대유형": "신혼부부"}}, {"type": "Feature", "geometry": {"type": "Point", "coordinates": [127.0809416, 37.53212]}, "properties": {"id": "105", "gu": "광진구", "dong": "자양동", "jibun": "635-9", "addr": "광진구 자양동 635-9", "대지면적": "", "건폐율": "", "용적률": "", "주택형태": "", "노후년수": "", "임대세대수": "", "지형높이": "평지", "지형형상": "세로장방", "도로접면": "세로한면(가)", "OSC공법": "", "공시지가_2026": 5878000, "PNU": "1121510500106350009", "공공도서관": 1, "유치원": 8, "어린이집": 19, "중고등학교": 3, "초등학교": 5, "지하철역": 1, "주민센터": 3, "대학교": 0, "병원": 3, "버스정류장": 38, "대형점포": 2, "공연장": 1, "공원": 2, "신규임대유형": "청년"}}, {"type": "Feature", "geometry": {"type": "Point", "coordinates": [127.0591886, 37.5796106]}, "properties": {"id": "121", "gu": "동대문구", "dong": "전농동", "jibun": "55-12", "addr": "동대문구 전농동 55-12", "대지면적": "", "건폐율": "", "용적률": "", "주택형태": "", "노후년수": "", "임대세대수": "", "지형높이": "평지", "지형형상": "부정형", "도로접면": "세로각지(가)", "OSC공법": "소형", "공시지가_2026": 3749000, "PNU": "1123010400100550012", "공공도서관": 1, "유치원": 8, "어린이집": 24, "중고등학교": 6, "초등학교": 5, "지하철역": 0, "주민센터": 1, "대학교": 1, "병원": 2, "버스정류장": 32, "대형점포": 2, "공연장": 0, "공원": 2, "신규임대유형": "청년"}}, {"type": "Feature", "geometry": {"type": "Point", "coordinates": [127.0627203, 37.5646876]}, "properties": {"id": "158", "gu": "동대문구", "dong": "장안동", "jibun": "404-14", "addr": "동대문구 장안동 404-14", "대지면적": "", "건폐율": "", "용적률": "", "주택형태": "", "노후년수": "", "임대세대수": "", "지형높이": "평지", "지형형상": "세로장방", "도로접면": "소로한면", "OSC공법": "중형", "공시지가_2026": 4681000, "PNU": "1123010600104040014", "공공도서관": 0, "유치원": 5, "어린이집": 20, "중고등학교": 1, "초등학교": 3, "지하철역": 1, "주민센터": 3, "대학교": 0, "병원": 7, "버스정류장": 35, "대형점포": 4, "공연장": 0, "공원": 4, "신규임대유형": "신혼부부"}}, {"type": "Feature", "geometry": {"type": "Point", "coordinates": [127.0615646, 37.5875495]}, "properties": {"id": "164", "gu": "동대문구", "dong": "휘경동", "jibun": "286-139", "addr": "동대문구 휘경동 286-139", "대지면적": "", "건폐율": "", "용적률": "", "주택형태": "", "노후년수": "", "임대세대수": "", "지형높이": "평지", "지형형상": "정방형", "도로접면": "세로각지(가)", "OSC공법": "소형", "공시지가_2026": 4653000, "PNU": "1123010900102860139", "공공도서관": 2, "유치원": 4, "어린이집": 17, "중고등학교": 7, "초등학교": 3, "지하철역": 0, "주민센터": 2, "대학교": 2, "병원": 2, "버스정류장": 33, "대형점포": 2, "공연장": 0, "공원": 2, "신규임대유형": "청년"}}, {"type": "Feature", "geometry": {"type": "Point", "coordinates": [127.069321, 37.6002086]}, "properties": {"id": "166", "gu": "동대문구", "dong": "이문동", "jibun": "63-10", "addr": "동대문구 이문동 63-10", "대지면적": "", "건폐율": "", "용적률": "", "주택형태": "", "노후년수": "", "임대세대수": "", "지형높이": "평지", "지형형상": "자루형", "도로접면": "소로한면", "OSC공법": "", "공시지가_2026": 3667000, "PNU": "1123011000100630010", "공공도서관": 1, "유치원": 5, "어린이집": 24, "중고등학교": 0, "초등학교": 1, "지하철역": 0, "주민센터": 4, "대학교": 0, "병원": 0, "버스정류장": 39, "대형점포": 6, "공연장": 0, "공원": 6, "신규임대유형": "청년"}}, {"type": "Feature", "geometry": {"type": "Point", "coordinates": [127.0956423, 37.5890136]}, "properties": {"id": "168", "gu": "중랑구", "dong": "면목동", "jibun": "42-37", "addr": "중랑구 면목동 42-37", "대지면적": "", "건폐율": "", "용적률": "", "주택형태": "", "노후년수": "", "임대세대수": "", "지형높이": "평지", "지형형상": "세로장방", "도로접면": "소로한면", "OSC공법": "중형", "공시지가_2026": 3617000, "PNU": "1126010100100420037", "공공도서관": 1, "유치원": 2, "어린이집": 21, "중고등학교": 5, "초등학교": 2, "지하철역": 1, "주민센터": 3, "대학교": 1, "병원": 1, "버스정류장": 53, "대형점포": 2, "공연장": 0, "공원": 2, "신규임대유형": "청년"}}, {"type": "Feature", "geometry": {"type": "Point", "coordinates": [127.0944614, 37.5882946]}, "properties": {"id": "169", "gu": "중랑구", "dong": "면목동", "jibun": "43-44", "addr": "중랑구 면목동 43-44", "대지면적": "", "건폐율": "", "용적률": "", "주택형태": "", "노후년수": "", "임대세대수": "", "지형높이": "평지", "지형형상": "가로장방", "도로접면": "세로한면(가)", "OSC공법": "소형", "공시지가_2026": 3178000, "PNU": "1126010100100430044", "공공도서관": 1, "유치원": 2, "어린이집": 21, "중고등학교": 5, "초등학교": 3, "지하철역": 1, "주민센터": 3, "대학교": 1, "병원": 0, "버스정류장": 57, "대형점포": 2, "공연장": 0, "공원": 2, "신규임대유형": "청년"}}, {"type": "Feature", "geometry": {"type": "Point", "coordinates": [127.0899648, 37.585636]}, "properties": {"id": "178", "gu": "중랑구", "dong": "면목동", "jibun": "113-63", "addr": "중랑구 면목동 113-63", "대지면적": "", "건폐율": "", "용적률": "", "주택형태": "", "노후년수": "", "임대세대수": "", "지형높이": "평지", "지형형상": "가로장방", "도로접면": "세로한면(가)", "OSC공법": "소형", "공시지가_2026": 3204000, "PNU": "1126010100101130063", "공공도서관": 1, "유치원": 4, "어린이집": 23, "중고등학교": 3, "초등학교": 2, "지하철역": 2, "주민센터": 2, "대학교": 1, "병원": 2, "버스정류장": 63, "대형점포": 3, "공연장": 0, "공원": 3, "신규임대유형": "청년"}}, {"type": "Feature", "geometry": {"type": "Point", "coordinates": [127.0804384, 37.5901748]}, "properties": {"id": "184", "gu": "중랑구", "dong": "면목동", "jibun": "144-14", "addr": "중랑구 면목동 144-14", "대지면적": "", "건폐율": "", "용적률": "", "주택형태": "", "노후년수": "", "임대세대수": "", "지형높이": "평지", "지형형상": "가로장방", "도로접면": "세로한면(불)", "OSC공법": "소형", "공시지가_2026": 3136000, "PNU": "1126010100101440014", "공공도서관": 3, "유치원": 8, "어린이집": 26, "중고등학교": 0, "초등학교": 4, "지하철역": 1, "주민센터": 5, "대학교": 0, "병원": 3, "버스정류장": 64, "대형점포": 0, "공연장": 0, "공원": 0, "신규임대유형": "청년"}}, {"type": "Feature", "geometry": {"type": "Point", "coordinates": [127.0777676, 37.5873258]}, "properties": {"id": "188", "gu": "중랑구", "dong": "면목동", "jibun": "177-24", "addr": "중랑구 면목동 177-24", "대지면적": "", "건폐율": "", "용적률": "", "주택형태": "", "노후년수": "", "임대세대수": "", "지형높이": "평지", "지형형상": "세로장방", "도로접면": "세로한면(가)", "OSC공법": "소형", "공시지가_2026": 3333000, "PNU": "1126010100101770024", "공공도서관": 2, "유치원": 7, "어린이집": 22, "중고등학교": 3, "초등학교": 3, "지하철역": 0, "주민센터": 3, "대학교": 0, "병원": 2, "버스정류장": 56, "대형점포": 0, "공연장": 0, "공원": 0, "신규임대유형": "청년"}}, {"type": "Feature", "geometry": {"type": "Point", "coordinates": [127.077194, 37.5874551]}, "properties": {"id": "189", "gu": "중랑구", "dong": "면목동", "jibun": "177-35", "addr": "중랑구 면목동 177-35", "대지면적": "", "건폐율": "", "용적률": "", "주택형태": "", "노후년수": "", "임대세대수": "", "지형높이": "평지", "지형형상": "세로장방", "도로접면": "세로한면(가)", "OSC공법": "소형", "공시지가_2026": 3210000, "PNU": "1126010100101770035", "공공도서관": 2, "유치원": 6, "어린이집": 23, "중고등학교": 3, "초등학교": 3, "지하철역": 0, "주민센터": 3, "대학교": 0, "병원": 2, "버스정류장": 55, "대형점포": 0, "공연장": 0, "공원": 0, "신규임대유형": "청년"}}, {"type": "Feature", "geometry": {"type": "Point", "coordinates": [127.0745664, 37.5902298]}, "properties": {"id": "194", "gu": "중랑구", "dong": "면목동", "jibun": "191-115", "addr": "중랑구 면목동 191-115", "대지면적": "", "건폐율": "", "용적률": "", "주택형태": "", "노후년수": "", "임대세대수": "", "지형높이": "평지", "지형형상": "정방형", "도로접면": "세로한면(가)", "OSC공법": "소형", "공시지가_2026": 3310000, "PNU": "1126010100101910115", "공공도서관": 3, "유치원": 5, "어린이집": 15, "중고등학교": 3, "초등학교": 3, "지하철역": 0, "주민센터": 4, "대학교": 0, "병원": 2, "버스정류장": 53, "대형점포": 0, "공연장": 0, "공원": 0, "신규임대유형": "청년"}}, {"type": "Feature", "geometry": {"type": "Point", "coordinates": [127.0844361, 37.5744872]}, "properties": {"id": "199", "gu": "중랑구", "dong": "면목동", "jibun": "379-17", "addr": "중랑구 면목동 379-17", "대지면적": "", "건폐율": "", "용적률": "", "주택형태": "", "노후년수": "", "임대세대수": "", "지형높이": "평지", "지형형상": "세로장방", "도로접면": "소로각지", "OSC공법": "중형", "공시지가_2026": 4146000, "PNU": "1126010100103790017", "공공도서관": 1, "유치원": 3, "어린이집": 18, "중고등학교": 1, "초등학교": 2, "지하철역": 2, "주민센터": 3, "대학교": 0, "병원": 1, "버스정류장": 48, "대형점포": 2, "공연장": 2, "공원": 2, "신규임대유형": "청년"}}, {"type": "Feature", "geometry": {"type": "Point", "coordinates": [127.0924271, 37.583373]}, "properties": {"id": "200", "gu": "중랑구", "dong": "면목동", "jibun": "436-26", "addr": "중랑구 면목동 436-26", "대지면적": "68.32", "건폐율": "67.93", "용적률": "160.41", "주택형태": "단독주택", "노후년수": "31.4", "임대세대수": "4", "지형높이": "평지", "지형형상": "세로장방", "도로접면": "세로한면(가)", "OSC공법": "소형", "공시지가_2026": 3476000, "PNU": "1126010100104360026", "공공도서관": 1, "유치원": 3, "어린이집": 19, "중고등학교": 3, "초등학교": 2, "지하철역": 2, "주민센터": 3, "대학교": 1, "병원": 2, "버스정류장": 53, "대형점포": 3, "공연장": 0, "공원": 3, "신규임대유형": "청년"}}, {"type": "Feature", "geometry": {"type": "Point", "coordinates": [127.0818302, 37.5925408]}, "properties": {"id": "211", "gu": "중랑구", "dong": "상봉동", "jibun": "124-43", "addr": "중랑구 상봉동 124-43", "대지면적": "85.48", "건폐율": "56.72", "용적률": "113.43", "주택형태": "단독주택", "노후년수": "34.3", "임대세대수": "4", "지형높이": "평지", "지형형상": "정방형", "도로접면": "세로한면(가)", "OSC공법": "소형", "공시지가_2026": 3483000, "PNU": "1126010200101240043", "공공도서관": 3, "유치원": 9, "어린이집": 24, "중고등학교": 0, "초등학교": 4, "지하철역": 2, "주민센터": 5, "대학교": 0, "병원": 4, "버스정류장": 60, "대형점포": 1, "공연장": 7, "공원": 1, "신규임대유형": "신혼부부"}}, {"type": "Feature", "geometry": {"type": "Point", "coordinates": [127.0816078, 37.5923911]}, "properties": {"id": "212", "gu": "중랑구", "dong": "상봉동", "jibun": "124-56", "addr": "중랑구 상봉동 124-56", "대지면적": "225.00", "건폐율": "53.07", "용적률": "152.27", "주택형태": "단독주택", "노후년수": "23.1", "임대세대수": "6", "지형높이": "평지", "지형형상": "세로장방", "도로접면": "세로각지(가)", "OSC공법": "소형", "공시지가_2026": 3742000, "PNU": "1126010200101240056", "공공도서관": 3, "유치원": 9, "어린이집": 25, "중고등학교": 0, "초등학교": 4, "지하철역": 2, "주민센터": 5, "대학교": 0, "병원": 4, "버스정류장": 58, "대형점포": 1, "공연장": 0, "공원": 1, "신규임대유형": "유지"}}, {"type": "Feature", "geometry": {"type": "Point", "coordinates": [127.085828, 37.6022491]}, "properties": {"id": "228", "gu": "중랑구", "dong": "중화동", "jibun": "10-17", "addr": "중랑구 중화동 10-17", "대지면적": "452.47", "건폐율": "56.89", "용적률": "94.83", "주택형태": "단독주택", "노후년수": "30.3", "임대세대수": "13", "지형높이": "평지", "지형형상": "사다리형", "도로접면": "세로한면(가)", "OSC공법": "소형", "공시지가_2026": 3322000, "PNU": "1126010300100100017", "공공도서관": 0, "유치원": 8, "어린이집": 24, "중고등학교": 6, "초등학교": 5, "지하철역": 2, "주민센터": 2, "대학교": 0, "병원": 2, "버스정류장": 46, "대형점포": 3, "공연장": 7, "공원": 3, "신규임대유형": "청년"}}, {"type": "Feature", "geometry": {"type": "Point", "coordinates": [127.0819428, 37.6036951]}, "properties": {"id": "229", "gu": "중랑구", "dong": "중화동", "jibun": "34-4", "addr": "중랑구 중화동 34-4", "대지면적": "129.00", "건폐율": "44.70", "용적률": "89.40", "주택형태": "단독주택", "노후년수": "33.4", "임대세대수": "4", "지형높이": "평지", "지형형상": "사다리형", "도로접면": "세로한면(가)", "OSC공법": "중형", "공시지가_2026": 3029000, "PNU": "1126010300100340004", "공공도서관": 0, "유치원": 8, "어린이집": 19, "중고등학교": 4, "초등학교": 4, "지하철역": 1, "주민센터": 2, "대학교": 0, "병원": 2, "버스정류장": 47, "대형점포": 2, "공연장": 0, "공원": 2, "신규임대유형": "청년"}}, {"type": "Feature", "geometry": {"type": "Point", "coordinates": [127.082095, 37.6007667]}, "properties": {"id": "230", "gu": "중랑구", "dong": "중화동", "jibun": "110-69", "addr": "중랑구 중화동 110-69", "대지면적": "150.00", "건폐율": "49.72", "용적률": "97.77", "주택형태": "단독주택", "노후년수": "33.6", "임대세대수": "6", "지형높이": "평지", "지형형상": "사다리형", "도로접면": "세로한면(가)", "OSC공법": "소형", "공시지가_2026": 3558000, "PNU": "1126010300101100069", "공공도서관": 0, "유치원": 8, "어린이집": 19, "중고등학교": 4, "초등학교": 3, "지하철역": 2, "주민센터": 2, "대학교": 0, "병원": 2, "버스정류장": 50, "대형점포": 4, "공연장": 7, "공원": 4, "신규임대유형": "청년"}}, {"type": "Feature", "geometry": {"type": "Point", "coordinates": [127.084639, 37.6007422]}, "properties": {"id": "231", "gu": "중랑구", "dong": "중화동", "jibun": "135-21", "addr": "중랑구 중화동 135-21", "대지면적": "116.70", "건폐율": "59.77", "용적률": "111.83", "주택형태": "단독주택", "노후년수": "31.5", "임대세대수": "5", "지형높이": "평지", "지형형상": "사다리형", "도로접면": "세로한면(가)", "OSC공법": "소형", "공시지가_2026": 3494000, "PNU": "1126010300101350021", "공공도서관": 0, "유치원": 8, "어린이집": 24, "중고등학교": 5, "초등학교": 3, "지하철역": 2, "주민센터": 2, "대학교": 0, "병원": 3, "버스정류장": 49, "대형점포": 5, "공연장": 7, "공원": 5, "신규임대유형": "청년"}}, {"type": "Feature", "geometry": {"type": "Point", "coordinates": [127.0842024, 37.59951]}, "properties": {"id": "232", "gu": "중랑구", "dong": "중화동", "jibun": "158-54", "addr": "중랑구 중화동 158-54", "대지면적": "135.20", "건폐율": "51.09", "용적률": "115.20", "주택형태": "단독주택", "노후년수": "36.2", "임대세대수": "6", "지형높이": "평지", "지형형상": "세로장방", "도로접면": "세로한면(가)", "OSC공법": "소형", "공시지가_2026": 3435000, "PNU": "1126010300101580054", "공공도서관": 0, "유치원": 10, "어린이집": 22, "중고등학교": 4, "초등학교": 3, "지하철역": 2, "주민센터": 3, "대학교": 0, "병원": 3, "버스정류장": 49, "대형점포": 5, "공연장": 7, "공원": 5, "신규임대유형": "청년"}}, {"type": "Feature", "geometry": {"type": "Point", "coordinates": [127.0806375, 37.6019728]}, "properties": {"id": "236", "gu": "중랑구", "dong": "중화동", "jibun": "286-15", "addr": "중랑구 중화동 286-15", "대지면적": "159.00", "건폐율": "55.04", "용적률": "144.87", "주택형태": "단독주택", "노후년수": "30.4", "임대세대수": "5", "지형높이": "평지", "지형형상": "정방형", "도로접면": "세로한면(불)", "OSC공법": "소형", "공시지가_2026": 3771000, "PNU": "1126010300102860015", "공공도서관": 0, "유치원": 9, "어린이집": 16, "중고등학교": 3, "초등학교": 4, "지하철역": 2, "주민센터": 2, "대학교": 0, "병원": 1, "버스정류장": 49, "대형점포": 2, "공연장": 0, "공원": 2, "신규임대유형": "청년"}}, {"type": "Feature", "geometry": {"type": "Point", "coordinates": [127.0745734, 37.6045838]}, "properties": {"id": "249", "gu": "중랑구", "dong": "중화동", "jibun": "332-51", "addr": "중랑구 중화동 332-51", "대지면적": "103.00", "건폐율": "59.18", "용적률": "110.10", "주택형태": "단독주택", "노후년수": "30.2", "임대세대수": "5", "지형높이": "평지", "지형형상": "세로장방", "도로접면": "세로각지(가)", "OSC공법": "소형", "공시지가_2026": 3857000, "PNU": "1126010300103320051", "공공도서관": 0, "유치원": 7, "어린이집": 19, "중고등학교": 3, "초등학교": 4, "지하철역": 2, "주민센터": 1, "대학교": 0, "병원": 2, "버스정류장": 48, "대형점포": 2, "공연장": 0, "공원": 2, "신규임대유형": "청년"}}, {"type": "Feature", "geometry": {"type": "Point", "coordinates": [127.1030302, 37.5975013]}, "properties": {"id": "279", "gu": "중랑구", "dong": "망우동", "jibun": "153-22", "addr": "중랑구 망우동 153-22", "대지면적": "136.20", "건폐율": "59.88", "용적률": "94.99", "주택형태": "단독주택", "노후년수": "32.0", "임대세대수": "5", "지형높이": "평지", "지형형상": "세로장방", "도로접면": "세로각지(가)", "OSC공법": "소형", "공시지가_2026": 3094000, "PNU": "1126010500101530022", "공공도서관": 2, "유치원": 4, "어린이집": 22, "중고등학교": 5, "초등학교": 4, "지하철역": 0, "주민센터": 2, "대학교": 0, "병원": 8, "버스정류장": 45, "대형점포": 3, "공연장": 0, "공원": 3, "신규임대유형": "신혼부부"}}, {"type": "Feature", "geometry": {"type": "Point", "coordinates": [127.1034199, 37.5994898]}, "properties": {"id": "280", "gu": "중랑구", "dong": "망우동", "jibun": "184-8", "addr": "중랑구 망우동 184-8", "대지면적": "105.40", "건폐율": "59.89", "용적률": "117.68", "주택형태": "단독주택", "노후년수": "30.9", "임대세대수": "5", "지형높이": "평지", "지형형상": "세로장방", "도로접면": "중로한면", "OSC공법": "중형", "공시지가_2026": 4272000, "PNU": "1126010500101840008", "공공도서관": 2, "유치원": 5, "어린이집": 24, "중고등학교": 5, "초등학교": 4, "지하철역": 0, "주민센터": 2, "대학교": 0, "병원": 9, "버스정류장": 53, "대형점포": 3, "공연장": 0, "공원": 3, "신규임대유형": "신혼부부"}}, {"type": "Feature", "geometry": {"type": "Point", "coordinates": [127.1019936, 37.5914592]}, "properties": {"id": "284", "gu": "중랑구", "dong": "망우동", "jibun": "419-28", "addr": "중랑구 망우동 419-28", "대지면적": "250.20", "건폐율": "34.50", "용적률": "63.40", "주택형태": "단독주택", "노후년수": "34.5", "임대세대수": "4", "지형높이": "평지", "지형형상": "사다리형", "도로접면": "세로각지(가)", "OSC공법": "소형", "공시지가_2026": 3379000, "PNU": "1126010500104190028", "공공도서관": 0, "유치원": 1, "어린이집": 17, "중고등학교": 3, "초등학교": 2, "지하철역": 0, "주민센터": 2, "대학교": 1, "병원": 1, "버스정류장": 32, "대형점포": 1, "공연장": 0, "공원": 1, "신규임대유형": "청년"}}, {"type": "Feature", "geometry": {"type": "Point", "coordinates": [127.1016059, 37.5906212]}, "properties": {"id": "286", "gu": "중랑구", "dong": "망우동", "jibun": "431-34", "addr": "중랑구 망우동 431-34", "대지면적": "125.30", "건폐율": "54.88", "용적률": "124.62", "주택형태": "단독주택", "노후년수": "34.0", "임대세대수": "6", "지형높이": "평지", "지형형상": "정방형", "도로접면": "세로한면(가)", "OSC공법": "소형", "공시지가_2026": 2988000, "PNU": "1126010500104310034", "공공도서관": 0, "유치원": 1, "어린이집": 15, "중고등학교": 4, "초등학교": 2, "지하철역": 0, "주민센터": 2, "대학교": 1, "병원": 1, "버스정류장": 37, "대형점포": 1, "공연장": 0, "공원": 1, "신규임대유형": "청년"}}, {"type": "Feature", "geometry": {"type": "Point", "coordinates": [127.0973514, 37.5946905]}, "properties": {"id": "296", "gu": "중랑구", "dong": "망우동", "jibun": "460-12", "addr": "중랑구 망우동 460-12", "대지면적": "171.60", "건폐율": "55.03", "용적률": "150.77", "주택형태": "단독주택", "노후년수": "31.3", "임대세대수": "8", "지형높이": "평지", "지형형상": "자루형", "도로접면": "세로한면(가)", "OSC공법": "소형", "공시지가_2026": 3007000, "PNU": "1126010500104600012", "공공도서관": 0, "유치원": 4, "어린이집": 20, "중고등학교": 3, "초등학교": 3, "지하철역": 0, "주민센터": 2, "대학교": 0, "병원": 4, "버스정류장": 58, "대형점포": 5, "공연장": 7, "공원": 5, "신규임대유형": "청년"}}, {"type": "Feature", "geometry": {"type": "Point", "coordinates": [127.0989091, 37.5969806]}, "properties": {"id": "297", "gu": "중랑구", "dong": "망우동", "jibun": "464-43", "addr": "중랑구 망우동 464-43", "대지면적": "121.00", "건폐율": "53.55", "용적률": "107.11", "주택형태": "단독주택", "노후년수": "33.7", "임대세대수": "5", "지형높이": "평지", "지형형상": "사다리형", "도로접면": "세로한면(가)", "OSC공법": "소형", "공시지가_2026": 2986000, "PNU": "1126010500104640043", "공공도서관": 2, "유치원": 4, "어린이집": 27, "중고등학교": 3, "초등학교": 4, "지하철역": 0, "주민센터": 2, "대학교": 0, "병원": 7, "버스정류장": 52, "대형점포": 5, "공연장": 0, "공원": 5, "신규임대유형": "청년"}}, {"type": "Feature", "geometry": {"type": "Point", "coordinates": [127.0972561, 37.5967613]}, "properties": {"id": "299", "gu": "중랑구", "dong": "망우동", "jibun": "493-10", "addr": "중랑구 망우동 493-10", "대지면적": "175.24", "건폐율": "59.35", "용적률": "178.06", "주택형태": "단독주택", "노후년수": "29.8", "임대세대수": "7", "지형높이": "평지", "지형형상": "정방형", "도로접면": "소로각지", "OSC공법": "중형", "공시지가_2026": 3835000, "PNU": "1126010500104930010", "공공도서관": 0, "유치원": 6, "어린이집": 27, "중고등학교": 3, "초등학교": 4, "지하철역": 0, "주민센터": 2, "대학교": 0, "병원": 7, "버스정류장": 55, "대형점포": 5, "공연장": 7, "공원": 5, "신규임대유형": "청년"}}, {"type": "Feature", "geometry": {"type": "Point", "coordinates": [127.0958187, 37.595968]}, "properties": {"id": "300", "gu": "중랑구", "dong": "망우동", "jibun": "509-25", "addr": "중랑구 망우동 509-25", "대지면적": "105.40", "건폐율": "59.28", "용적률": "125.96", "주택형태": "단독주택", "노후년수": "31.2", "임대세대수": "5", "지형높이": "평지", "지형형상": "정방형", "도로접면": "소로한면", "OSC공법": "중형", "공시지가_2026": 3463000, "PNU": "1126010500105090025", "공공도서관": 0, "유치원": 5, "어린이집": 27, "중고등학교": 4, "초등학교": 4, "지하철역": 0, "주민센터": 2, "대학교": 0, "병원": 5, "버스정류장": 56, "대형점포": 5, "공연장": 7, "공원": 5, "신규임대유형": "청년"}}, {"type": "Feature", "geometry": {"type": "Point", "coordinates": [127.0947648, 37.5927238]}, "properties": {"id": "303", "gu": "중랑구", "dong": "망우동", "jibun": "521-18", "addr": "중랑구 망우동 521-18", "대지면적": "720.00", "건폐율": "52.69", "용적률": "174.33", "주택형태": "연립주택", "노후년수": "29.1", "임대세대수": "5", "지형높이": "평지", "지형형상": "사다리형", "도로접면": "세로각지(가)", "OSC공법": "소형", "공시지가_2026": 3440000, "PNU": "1126010500105210018", "공공도서관": 0, "유치원": 4, "어린이집": 23, "중고등학교": 2, "초등학교": 3, "지하철역": 1, "주민센터": 2, "대학교": 1, "병원": 4, "버스정류장": 68, "대형점포": 5, "공연장": 7, "공원": 5, "신규임대유형": "청년"}}, {"type": "Feature", "geometry": {"type": "Point", "coordinates": [127.0938365, 37.5914561]}, "properties": {"id": "307", "gu": "중랑구", "dong": "망우동", "jibun": "523-41", "addr": "중랑구 망우동 523-41", "대지면적": "166.00", "건폐율": "58.55", "용적률": "193.63", "주택형태": "공동주택", "노후년수": "21.8", "임대세대수": "9", "지형높이": "평지", "지형형상": "정방형", "도로접면": "세로한면(가)", "OSC공법": "소형", "공시지가_2026": 3417000, "PNU": "1126010500105230041", "공공도서관": 1, "유치원": 3, "어린이집": 21, "중고등학교": 3, "초등학교": 2, "지하철역": 1, "주민센터": 3, "대학교": 1, "병원": 3, "버스정류장": 64, "대형점포": 5, "공연장": 7, "공원": 5, "신규임대유형": "청년"}}, {"type": "Feature", "geometry": {"type": "Point", "coordinates": [127.0994753, 37.6035368]}, "properties": {"id": "310", "gu": "중랑구", "dong": "신내동", "jibun": "441-2", "addr": "중랑구 신내동 441-2", "대지면적": "162.52", "건폐율": "59.54", "용적률": "153.94", "주택형태": "단독주택", "노후년수": "30.6", "임대세대수": "7", "지형높이": "평지", "지형형상": "사다리형", "도로접면": "세로한면(가)", "OSC공법": "", "공시지가_2026": 3337000, "PNU": "1126010600104410002", "공공도서관": 2, "유치원": 8, "어린이집": 37, "중고등학교": 8, "초등학교": 5, "지하철역": 0, "주민센터": 3, "대학교": 0, "병원": 8, "버스정류장": 64, "대형점포": 2, "공연장": 0, "공원": 2, "신규임대유형": "청년"}}, {"type": "Feature", "geometry": {"type": "Point", "coordinates": [127.0786435, 37.6241897]}, "properties": {"id": "700", "gu": "노원구", "dong": "공릉동", "jibun": "415-69", "addr": "노원구 공릉동 415-69", "대지면적": "347.00", "건폐율": "51.23", "용적률": "142.45", "주택형태": "단독주택", "노후년수": "30.2", "임대세대수": "12", "지형높이": "평지", "지형형상": "세로장방", "도로접면": "세로한면(가)", "OSC공법": "소형", "공시지가_2026": 3457000, "PNU": "1135010300104150069", "공공도서관": 1, "유치원": 8, "어린이집": 32, "중고등학교": 1, "초등학교": 3, "지하철역": 4, "주민센터": 2, "대학교": 0, "병원": 6, "버스정류장": 65, "대형점포": 4, "공연장": 0, "공원": 4, "신규임대유형": "청년"}}, {"type": "Feature", "geometry": {"type": "Point", "coordinates": [127.0749609, 37.636486]}, "properties": {"id": "703", "gu": "노원구", "dong": "하계동", "jibun": "61-20", "addr": "노원구 하계동 61-20", "대지면적": "", "건폐율": "", "용적률": "", "주택형태": "", "노후년수": "", "임대세대수": "", "지형높이": "평지", "지형형상": "정방형", "도로접면": "세로각지(가)", "OSC공법": "소형", "공시지가_2026": 3112000, "PNU": "1135010400100610020", "공공도서관": 2, "유치원": 9, "어린이집": 14, "중고등학교": 6, "초등학교": 2, "지하철역": 1, "주민센터": 2, "대학교": 1, "병원": 1, "버스정류장": 56, "대형점포": 2, "공연장": 0, "공원": 2, "신규임대유형": "신혼부부"}}, {"type": "Feature", "geometry": {"type": "Point", "coordinates": [127.072155, 37.6355535]}, "properties": {"id": "706", "gu": "노원구", "dong": "하계동", "jibun": "161-3", "addr": "노원구 하계동 161-3", "대지면적": "", "건폐율": "", "용적률": "", "주택형태": "", "노후년수": "", "임대세대수": "", "지형높이": "평지", "지형형상": "사다리형", "도로접면": "중로한면", "OSC공법": "대형", "공시지가_2026": 3683000, "PNU": "1135010400101610003", "공공도서관": 2, "유치원": 10, "어린이집": 19, "중고등학교": 6, "초등학교": 5, "지하철역": 1, "주민센터": 3, "대학교": 1, "병원": 2, "버스정류장": 70, "대형점포": 4, "공연장": 1, "공원": 4, "신규임대유형": "신혼부부"}}, {"type": "Feature", "geometry": {"type": "Point", "coordinates": [127.1691199, 37.5620821]}, "properties": {"id": "2050", "gu": "강동구", "dong": "고덕동", "jibun": "165-1", "addr": "강동구 고덕동 165-1", "대지면적": "186.60", "건폐율": "51.07", "용적률": "131.62", "주택형태": "단독주택", "노후년수": "36.6", "임대세대수": "7", "지형높이": "평지", "지형형상": "세로장방", "도로접면": "", "OSC공법": "", "공시지가_2026": 5964000, "PNU": "1174010200101650001", "공공도서관": 1, "유치원": 1, "어린이집": 20, "중고등학교": 2, "초등학교": 1, "지하철역": 2, "주민센터": 2, "대학교": 0, "병원": 0, "버스정류장": 43, "대형점포": 1, "공연장": 0, "공원": 1, "신규임대유형": "신혼부부"}}, {"type": "Feature", "geometry": {"type": "Point", "coordinates": [127.1699139, 37.5609685]}, "properties": {"id": "2052", "gu": "강동구", "dong": "고덕동", "jibun": "175-3", "addr": "강동구 고덕동 175-3", "대지면적": "", "건폐율": "", "용적률": "", "주택형태": "", "노후년수": "", "임대세대수": "", "지형높이": "평지", "지형형상": "세로장방", "도로접면": "세로한면(가)", "OSC공법": "소형", "공시지가_2026": 4857000, "PNU": "1174010200101750003", "공공도서관": 1, "유치원": 2, "어린이집": 23, "중고등학교": 3, "초등학교": 2, "지하철역": 2, "주민센터": 2, "대학교": 0, "병원": 0, "버스정류장": 42, "대형점포": 1, "공연장": 0, "공원": 1, "신규임대유형": "청년"}}, {"type": "Feature", "geometry": {"type": "Point", "coordinates": [127.1627653, 37.5619178]}, "properties": {"id": "2053", "gu": "강동구", "dong": "고덕동", "jibun": "237-2", "addr": "강동구 고덕동 237-2", "대지면적": "192.70", "건폐율": "43.80", "용적률": "85.40", "주택형태": "단독주택", "노후년수": "28.7", "임대세대수": "9", "지형높이": "평지", "지형형상": "가로장방", "도로접면": "세로한면(가)", "OSC공법": "소형", "공시지가_2026": 5271000, "PNU": "1174010200102370002", "공공도서관": 1, "유치원": 2, "어린이집": 17, "중고등학교": 3, "초등학교": 2, "지하철역": 1, "주민센터": 1, "대학교": 0, "병원": 1, "버스정류장": 34, "대형점포": 2, "공연장": 0, "공원": 2, "신규임대유형": "청년"}}, {"type": "Feature", "geometry": {"type": "Point", "coordinates": [127.1629724, 37.5615125]}, "properties": {"id": "2055", "gu": "강동구", "dong": "고덕동", "jibun": "238-6", "addr": "강동구 고덕동 238-6", "대지면적": "187.60", "건폐율": "45.30", "용적률": "87.90", "주택형태": "단독주택", "노후년수": "36.6", "임대세대수": "3", "지형높이": "평지", "지형형상": "세로장방", "도로접면": "세로한면(가)", "OSC공법": "소형", "공시지가_2026": 5271000, "PNU": "1174010200102380006", "공공도서관": 1, "유치원": 2, "어린이집": 19, "중고등학교": 3, "초등학교": 2, "지하철역": 1, "주민센터": 1, "대학교": 0, "병원": 1, "버스정류장": 36, "대형점포": 2, "공연장": 0, "공원": 2, "신규임대유형": "청년"}}, {"type": "Feature", "geometry": {"type": "Point", "coordinates": [127.1617259, 37.5609497]}, "properties": {"id": "2056", "gu": "강동구", "dong": "고덕동", "jibun": "259-7", "addr": "강동구 고덕동 259-7", "대지면적": "", "건폐율": "", "용적률": "", "주택형태": "", "노후년수": "", "임대세대수": "", "지형높이": "평지", "지형형상": "세로장방", "도로접면": "소로한면", "OSC공법": "중형", "공시지가_2026": 5068000, "PNU": "1174010200102590007", "공공도서관": 1, "유치원": 3, "어린이집": 17, "중고등학교": 3, "초등학교": 2, "지하철역": 1, "주민센터": 1, "대학교": 0, "병원": 1, "버스정류장": 36, "대형점포": 2, "공연장": 0, "공원": 2, "신규임대유형": "청년"}}, {"type": "Feature", "geometry": {"type": "Point", "coordinates": [127.1623118, 37.5610732]}, "properties": {"id": "2057", "gu": "강동구", "dong": "고덕동", "jibun": "260-4", "addr": "강동구 고덕동 260-4", "대지면적": "185.70", "건폐율": "59.95", "용적률": "128.60", "주택형태": "단독주택", "노후년수": "28.2", "임대세대수": "8", "지형높이": "평지", "지형형상": "세로장방", "도로접면": "소로한면", "OSC공법": "", "공시지가_2026": 5657000, "PNU": "1174010200102600004", "공공도서관": 1, "유치원": 2, "어린이집": 17, "중고등학교": 3, "초등학교": 2, "지하철역": 1, "주민센터": 1, "대학교": 0, "병원": 1, "버스정류장": 39, "대형점포": 2, "공연장": 0, "공원": 2, "신규임대유형": "신혼부부"}}, {"type": "Feature", "geometry": {"type": "Point", "coordinates": [127.16094, 37.5613618]}, "properties": {"id": "2059", "gu": "강동구", "dong": "고덕동", "jibun": "270-2", "addr": "강동구 고덕동 270-2", "대지면적": "193.90", "건폐율": "56.32", "용적률": "128.73", "주택형태": "단독주택", "노후년수": "36.7", "임대세대수": "3", "지형높이": "평지", "지형형상": "세로장방", "도로접면": "소로한면", "OSC공법": "중형", "공시지가_2026": 5409000, "PNU": "1174010200102700002", "공공도서관": 1, "유치원": 3, "어린이집": 14, "중고등학교": 3, "초등학교": 3, "지하철역": 1, "주민센터": 1, "대학교": 0, "병원": 1, "버스정류장": 32, "대형점포": 2, "공연장": 0, "공원": 2, "신규임대유형": "신혼부부"}}, {"type": "Feature", "geometry": {"type": "Point", "coordinates": [127.1605088, 37.5627373]}, "properties": {"id": "2062", "gu": "강동구", "dong": "고덕동", "jibun": "282-4", "addr": "강동구 고덕동 282-4", "대지면적": "", "건폐율": "", "용적률": "", "주택형태": "", "노후년수": "", "임대세대수": "", "지형높이": "평지", "지형형상": "세로장방", "도로접면": "", "OSC공법": "", "공시지가_2026": 5662000, "PNU": "1174010200102820004", "공공도서관": 1, "유치원": 2, "어린이집": 12, "중고등학교": 3, "초등학교": 3, "지하철역": 0, "주민센터": 1, "대학교": 0, "병원": 1, "버스정류장": 26, "대형점포": 2, "공연장": 0, "공원": 2, "신규임대유형": "청년"}}, {"type": "Feature", "geometry": {"type": "Point", "coordinates": [127.1585698, 37.5606787]}, "properties": {"id": "2063", "gu": "강동구", "dong": "고덕동", "jibun": "294-5", "addr": "강동구 고덕동 294-5", "대지면적": "182.20", "건폐율": "46.38", "용적률": "90.54", "주택형태": "단독주택", "노후년수": "38.3", "임대세대수": "6", "지형높이": "평지", "지형형상": "정방형", "도로접면": "중로각지", "OSC공법": "중형", "공시지가_2026": 5869000, "PNU": "1174010200102940005", "공공도서관": 1, "유치원": 2, "어린이집": 12, "중고등학교": 3, "초등학교": 3, "지하철역": 2, "주민센터": 2, "대학교": 0, "병원": 1, "버스정류장": 38, "대형점포": 4, "공연장": 0, "공원": 4, "신규임대유형": "청년"}}, {"type": "Feature", "geometry": {"type": "Point", "coordinates": [126.9519742, 37.541591]}, "properties": {"id": "972", "gu": "마포구", "dong": "도화동", "jibun": "184-20", "addr": "마포구 도화동 184-20", "대지면적": "143.70", "건폐율": "59.94", "용적률": "153.22", "주택형태": "단독주택", "노후년수": "21.2", "임대세대수": "6", "지형높이": "평지", "지형형상": "사다리형", "도로접면": "세로한면(가)", "OSC공법": "소형", "공시지가_2026": 7289000, "PNU": "1144010400101840020", "공공도서관": 0, "유치원": 8, "어린이집": 41, "중고등학교": 4, "초등학교": 4, "지하철역": 3, "주민센터": 3, "대학교": 0, "병원": 2, "버스정류장": 93, "대형점포": 6, "공연장": 1, "공원": 6, "신규임대유형": "청년"}}, {"type": "Feature", "geometry": {"type": "Point", "coordinates": [126.9484072, 37.5498403]}, "properties": {"id": "975", "gu": "마포구", "dong": "염리동", "jibun": "27-125", "addr": "마포구 염리동 27-125", "대지면적": "", "건폐율": "", "용적률": "", "주택형태": "", "노후년수": "", "임대세대수": "", "지형높이": "완경사", "지형형상": "사다리형", "도로접면": "세로한면(불)", "OSC공법": "소형", "공시지가_2026": 5033000, "PNU": "1144010900100270125", "공공도서관": 1, "유치원": 5, "어린이집": 35, "중고등학교": 7, "초등학교": 3, "지하철역": 3, "주민센터": 2, "대학교": 1, "병원": 0, "버스정류장": 55, "대형점포": 4, "공연장": 3, "공원": 4, "신규임대유형": "청년"}}, {"type": "Feature", "geometry": {"type": "Point", "coordinates": [126.9443351, 37.5478409]}, "properties": {"id": "976", "gu": "마포구", "dong": "염리동", "jibun": "178-1", "addr": "마포구 염리동 178-1", "대지면적": "252.03", "건폐율": "58.71", "용적률": "158.99", "주택형태": "단독주택", "노후년수": "28.2", "임대세대수": "8", "지형높이": "평지", "지형형상": "사다리형", "도로접면": "세로한면(가)", "OSC공법": "소형", "공시지가_2026": 8311000, "PNU": "1144010900101780001", "공공도서관": 1, "유치원": 5, "어린이집": 30, "중고등학교": 8, "초등학교": 3, "지하철역": 2, "주민센터": 3, "대학교": 1, "병원": 1, "버스정류장": 58, "대형점포": 3, "공연장": 5, "공원": 3, "신규임대유형": "청년"}}, {"type": "Feature", "geometry": {"type": "Point", "coordinates": [126.9384193, 37.5446902]}, "properties": {"id": "977", "gu": "마포구", "dong": "신수동", "jibun": "62-8", "addr": "마포구 신수동 62-8", "대지면적": "", "건폐율": "", "용적률": "", "주택형태": "", "노후년수": "", "임대세대수": "", "지형높이": "평지", "지형형상": "사다리형", "도로접면": "세로한면(가)", "OSC공법": "소형", "공시지가_2026": 5255000, "PNU": "1144011100100620008", "공공도서관": 1, "유치원": 4, "어린이집": 21, "중고등학교": 5, "초등학교": 3, "지하철역": 2, "주민센터": 4, "대학교": 0, "병원": 1, "버스정류장": 69, "대형점포": 5, "공연장": 4, "공원": 5, "신규임대유형": "청년"}}, {"type": "Feature", "geometry": {"type": "Point", "coordinates": [126.9486562, 37.5901698]}, "properties": {"id": "915", "gu": "서대문구", "dong": "홍제동", "jibun": "267-119", "addr": "서대문구 홍제동 267-119", "대지면적": "", "건폐율": "", "용적률": "", "주택형태": "", "노후년수": "", "임대세대수": "", "지형높이": "완경사", "지형형상": "부정형", "도로접면": "세로한면(가)", "OSC공법": "소형", "공시지가_2026": 3754000, "PNU": "1141011100102670119", "공공도서관": 0, "유치원": 7, "어린이집": 21, "중고등학교": 1, "초등학교": 3, "지하철역": 1, "주민센터": 4, "대학교": 0, "병원": 1, "버스정류장": 68, "대형점포": 5, "공연장": 0, "공원": 5, "신규임대유형": "청년"}}, {"type": "Feature", "geometry": {"type": "Point", "coordinates": [126.9503298, 37.5979498]}, "properties": {"id": "935", "gu": "서대문구", "dong": "홍은동", "jibun": "9-234", "addr": "서대문구 홍은동 9-234", "대지면적": "", "건폐율": "", "용적률": "", "주택형태": "", "노후년수": "", "임대세대수": "", "지형높이": "평지", "지형형상": "사다리형", "도로접면": "세로한면(가)", "OSC공법": "소형", "공시지가_2026": 3185000, "PNU": "1141011800100090234", "공공도서관": 1, "유치원": 3, "어린이집": 15, "중고등학교": 1, "초등학교": 3, "지하철역": 0, "주민센터": 2, "대학교": 1, "병원": 0, "버스정류장": 57, "대형점포": 1, "공연장": 0, "공원": 1, "신규임대유형": "청년"}}, {"type": "Feature", "geometry": {"type": "Point", "coordinates": [127.0530515, 37.5790264]}, "properties": {"id": "122", "gu": "동대문구", "dong": "전농동", "jibun": "257-4", "addr": "동대문구 전농동 257-4", "대지면적": "127.90", "건폐율": "58.31", "용적률": "188.37", "주택형태": "단독주택", "노후년수": "22.5", "임대세대수": "6", "지형높이": "평지", "지형형상": "사다리형", "도로접면": "세로한면(가)", "OSC공법": "소형", "공시지가_2026": 4289000, "PNU": "1123010400102570004", "공공도서관": 2, "유치원": 7, "어린이집": 36, "중고등학교": 5, "초등학교": 3, "지하철역": 1, "주민센터": 2, "대학교": 1, "병원": 3, "버스정류장": 54, "대형점포": 5, "공연장": 6, "공원": 5, "신규임대유형": "청년"}}, {"type": "Feature", "geometry": {"type": "Point", "coordinates": [127.0448618, 37.5731549]}, "properties": {"id": "127", "gu": "동대문구", "dong": "답십리동", "jibun": "463-28", "addr": "동대문구 답십리동 463-28", "대지면적": "203.90", "건폐율": "59.99", "용적률": "126.49", "주택형태": "공동주택", "노후년수": "22.3", "임대세대수": "8", "지형높이": "평지", "지형형상": "세로장방", "도로접면": "세로한면(불)", "OSC공법": "소형", "공시지가_2026": 3809000, "PNU": "1123010500104630028", "공공도서관": 2, "유치원": 3, "어린이집": 34, "중고등학교": 3, "초등학교": 2, "지하철역": 4, "주민센터": 4, "대학교": 0, "병원": 4, "버스정류장": 57, "대형점포": 5, "공연장": 1, "공원": 5, "신규임대유형": "청년"}}, {"type": "Feature", "geometry": {"type": "Point", "coordinates": [127.0479231, 37.5902369]}, "properties": {"id": "162", "gu": "동대문구", "dong": "회기동", "jibun": "102-42", "addr": "동대문구 회기동 102-42", "대지면적": "247.00", "건폐율": "58.34", "용적률": "165.22", "주택형태": "단독주택", "노후년수": "28.1", "임대세대수": "15", "지형높이": "완경사", "지형형상": "사다리형", "도로접면": "세로한면(가)", "OSC공법": "소형", "공시지가_2026": 2912000, "PNU": "1123010800101020042", "공공도서관": 1, "유치원": 5, "어린이집": 18, "중고등학교": 8, "초등학교": 4, "지하철역": 0, "주민센터": 2, "대학교": 1, "병원": 4, "버스정류장": 35, "대형점포": 3, "공연장": 1, "공원": 3, "신규임대유형": "신혼부부"}}, {"type": "Feature", "geometry": {"type": "Point", "coordinates": [127.0477314, 37.5898022]}, "properties": {"id": "163", "gu": "동대문구", "dong": "회기동", "jibun": "102-43", "addr": "동대문구 회기동 102-43", "대지면적": "264.00", "건폐율": "52.32", "용적률": "178.43", "주택형태": "공동주택", "노후년수": "21.5", "임대세대수": "10", "지형높이": "완경사", "지형형상": "사다리형", "도로접면": "세로한면(가)", "OSC공법": "소형", "공시지가_2026": 3426000, "PNU": "1123010800101020043", "공공도서관": 1, "유치원": 5, "어린이집": 18, "중고등학교": 8, "초등학교": 4, "지하철역": 0, "주민센터": 2, "대학교": 1, "병원": 1, "버스정류장": 36, "대형점포": 3, "공연장": 1, "공원": 3, "신규임대유형": "청년"}}, {"type": "Feature", "geometry": {"type": "Point", "coordinates": [126.9945009, 37.5933188]}, "properties": {"id": "312", "gu": "성북구", "dong": "성북동", "jibun": "111-26", "addr": "성북구 성북동 111-26", "대지면적": "", "건폐율": "", "용적률": "", "주택형태": "", "노후년수": "", "임대세대수": "", "지형높이": "완경사", "지형형상": "자루형", "도로접면": "세로한면(가)", "OSC공법": "소형", "공시지가_2026": 3234000, "PNU": "1129010100101110026", "공공도서관": 1, "유치원": 4, "어린이집": 3, "중고등학교": 6, "초등학교": 2, "지하철역": 0, "주민센터": 0, "대학교": 1, "병원": 0, "버스정류장": 54, "대형점포": 0, "공연장": 5, "공원": 0, "신규임대유형": "청년"}}, {"type": "Feature", "geometry": {"type": "Point", "coordinates": [127.028863, 37.6022694]}, "properties": {"id": "313", "gu": "성북구", "dong": "돈암동", "jibun": "2-21", "addr": "성북구 돈암동 2-21", "대지면적": "", "건폐율": "", "용적률": "", "주택형태": "", "노후년수": "", "임대세대수": "", "지형높이": "완경사", "지형형상": "사다리형", "도로접면": "세로한면(불)", "OSC공법": "소형", "공시지가_2026": 3446000, "PNU": "1129010300100020021", "공공도서관": 3, "유치원": 7, "어린이집": 33, "중고등학교": 2, "초등학교": 2, "지하철역": 1, "주민센터": 2, "대학교": 0, "병원": 5, "버스정류장": 83, "대형점포": 8, "공연장": 1, "공원": 8, "신규임대유형": "청년"}}, {"type": "Feature", "geometry": {"type": "Point", "coordinates": [127.0177169, 37.601825]}, "properties": {"id": "330", "gu": "성북구", "dong": "정릉동", "jibun": "16-221", "addr": "성북구 정릉동 16-221", "대지면적": "", "건폐율": "", "용적률": "", "주택형태": "", "노후년수": "", "임대세대수": "", "지형높이": "평지", "지형형상": "세로장방", "도로접면": "세로각지(가)", "OSC공법": "소형", "공시지가_2026": 4268000, "PNU": "1129013300100160221", "공공도서관": 4, "유치원": 11, "어린이집": 39, "중고등학교": 3, "초등학교": 3, "지하철역": 1, "주민센터": 3, "대학교": 0, "병원": 1, "버스정류장": 86, "대형점포": 6, "공연장": 2, "공원": 6, "신규임대유형": "신혼부부"}}, {"type": "Feature", "geometry": {"type": "Point", "coordinates": [127.005248, 37.5992793]}, "properties": {"id": "352", "gu": "성북구", "dong": "정릉동", "jibun": "508-26", "addr": "성북구 정릉동 508-26", "대지면적": "", "건폐율": "", "용적률": "", "주택형태": "", "노후년수": "", "임대세대수": "", "지형높이": "완경사", "지형형상": "세로장방", "도로접면": "소로한면", "OSC공법": "중형", "공시지가_2026": 2720000, "PNU": "1129013300105080026", "공공도서관": 4, "유치원": 2, "어린이집": 13, "중고등학교": 4, "초등학교": 3, "지하철역": 0, "주민센터": 2, "대학교": 0, "병원": 1, "버스정류장": 69, "대형점포": 3, "공연장": 0, "공원": 3, "신규임대유형": "신혼부부"}}, {"type": "Feature", "geometry": {"type": "Point", "coordinates": [127.0279474, 37.5991426]}, "properties": {"id": "373", "gu": "성북구", "dong": "종암동", "jibun": "125-58", "addr": "성북구 종암동 125-58", "대지면적": "", "건폐율": "", "용적률": "", "주택형태": "", "노후년수": "", "임대세대수": "", "지형높이": "완경사", "지형형상": "정방형", "도로접면": "세로한면(가)", "OSC공법": "소형", "공시지가_2026": 2942000, "PNU": "1129013500101250058", "공공도서관": 3, "유치원": 7, "어린이집": 21, "중고등학교": 6, "초등학교": 3, "지하철역": 1, "주민센터": 1, "대학교": 0, "병원": 2, "버스정류장": 78, "대형점포": 6, "공연장": 2, "공원": 6, "신규임대유형": "신혼부부"}}, {"type": "Feature", "geometry": {"type": "Point", "coordinates": [127.0291836, 37.5982975]}, "properties": {"id": "374", "gu": "성북구", "dong": "종암동", "jibun": "125-84", "addr": "성북구 종암동 125-84", "대지면적": "", "건폐율": "", "용적률": "", "주택형태": "", "노후년수": "", "임대세대수": "", "지형높이": "평지", "지형형상": "세로장방", "도로접면": "소로한면", "OSC공법": "중형", "공시지가_2026": 3282000, "PNU": "1129013500101250084", "공공도서관": 2, "유치원": 7, "어린이집": 19, "중고등학교": 4, "초등학교": 3, "지하철역": 1, "주민센터": 1, "대학교": 0, "병원": 2, "버스정류장": 82, "대형점포": 3, "공연장": 1, "공원": 3, "신규임대유형": "청년"}}]}